# Soulhunter13
UPDATE `quest_template` SET `RewChoiceItemId6` = 25645, `RewChoiceItemCount6` = 1 WHERE `entry` = 9852;
UPDATE `item_template` SET `RequiredSkill` = 197, `RequiredSkillRank` = 375 WHERE `entry` = 30281;

# sven
UPDATE `creature_template` SET `maxhealth` = '13094' WHERE `entry` =18325;
UPDATE `creature_template` SET `npcflag` = '1048576' WHERE `creature_template`.`entry` =3890;
UPDATE `creature_template` SET `npcflag` = '1048576' WHERE `creature_template`.`entry` =14942;
UPDATE `creature_template` SET `npcflag` = '1048576' WHERE `creature_template`.`entry` =15006;

# Kopcap
UPDATE `item_template` SET `spellid_2` = 1122 WHERE `entry` = 9214;

# NeatElves
UPDATE `creature_template` SET `npcflag` = 4224 WHERE `entry` = 12777;
UPDATE `item_template` SET `BuyPrice` = 3500 WHERE `entry` = 32453;

# KeH1
UPDATE `quest_template` SET `SrcItemId` = '7970', `SrcItemCount` = '1' WHERE `entry` = 2381;

# Kanabiz
UPDATE `creature_template` SET `npcflag` = 128 WHERE `entry` = 18756;
DELETE FROM `npc_vendor` WHERE `entry` = '18756';
INSERT INTO `npc_vendor` (entry, item, maxcount, incrtime, ExtendedCost) VALUES 
(18756, 38082, 0, 0, 0),
(18756, 38091, 1, 5400, 0),
(18756, 37934, 1, 5400, 0),
(18756, 38089, 1, 5400, 0),
(18756, 38090, 2, 5400, 0);


# GO
DELETE FROM `gameobject` WHERE `id`=400200;
INSERT INTO `gameobject` (`guid`,`id`,`map`,`spawnMask`,`position_x`,`position_y`,`position_z`,`orientation`,`rotation0`,`rotation1`,`rotation2`,`rotation3`,`spawntimesecs`,`animprogress`,`state`) VALUES
(4601, 400200, 0, 1, -943, -3117, 47.421, 3.142, 0, 0, 0, 0, 120, 0, 1);
DELETE FROM `gameobject` WHERE `id`=186300;
INSERT INTO `gameobject` (`guid`,`id`,`map`,`spawnMask`,`position_x`,`position_y`,`position_z`,`orientation`,`rotation0`,`rotation1`,`rotation2`,`rotation3`,`spawntimesecs`,`animprogress`,`state`) VALUES
(74076, 186300, 530, 1, -2224.98, 5127.45, -19.7614, -0.174533, 0, 0, 0.087156, -0.996195, 180, 100, 1);
UPDATE `gameobject_template` SET `flags` = 4 WHERE `entry` = 187264;
DELETE FROM `gameobject` WHERE `guid` in (72413,72414,72415,72470,72480,72483,72466,72471,72478,72482,72477,72469,72472,72468,72467,72473,72481,72485,72487,72503,72502,71897,33311,73634,73664,74217,75072,74218,74216,75096,73953,74049,73952,73954,73951,73916,73917,73918,74060,74061,73921,73915,73914);
DELETE FROM `gameobject` WHERE `guid` in (782886,782887,782975,782885,775155,775158,775161,775167,775171,775173,775178,775181,775183,775187,775189,775194,775201,775204,775207,775211,775217,775227,775228,775229,775233,775237,775239,775267,775277,775312,775314,775319,775321,775343,775344,775347,775807,775811,775134,775136,775799,775798,775805,775202,775788);
DELETE FROM `gameobject` WHERE `guid` in (73524,73484,74594,74593,74592,74590,74591,74362,74366,74364,74491,74257,74258,74360,74090,74089,74087,74086,74085,74084,74083,74045,74042,74038,74019,74004,74600,73964,74140,74530,74485,74067,74016,74015,74014,74013,74000,74001,73999,73974,73972,73971,73996,74018,74365,74490,74312,74088,73990,73968,73967,73966,73965,74033,74034,74032,74024,74035,74030,74029,74031,74027,74028,74025,73937,73936,74026,74629,73998,72385,32197);
DELETE FROM `gameobject` WHERE `guid` in (72419,32264,33261,33018,33019,33020,33021,33022,33023,33024,33025);
INSERT INTO `gameobject` (`guid`,`id`,`map`,`spawnMask`,`position_x`,`position_y`,`position_z`,`orientation`,`rotation0`,`rotation1`,`rotation2`,`rotation3`,`spawntimesecs`,`animprogress`,`state`) VALUES
(16190, 307, 0, 1, -5797.04, -2627.59, 319.921, 0.680678, 0, 0, 0.333807, 0.942641, 7200, 100, 1);
UPDATE `gameobject_template` SET `data0` = 43, `data1` = 619 WHERE `entry` = 2289;
UPDATE `gameobject` SET `spawntimesecs` = 30, `animprogress` = 100 WHERE `guid` = 70969;
UPDATE `gameobject_template` SET `data2` = 2 WHERE `entry` = 2289;
UPDATE `gameobject_template` SET `faction` = 0 WHERE `entry` = 2289;
UPDATE `gameobject` SET `spawntimesecs`='300' WHERE (`id`='19022');
UPDATE `gameobject` SET `spawntimesecs`='300' WHERE (`id`='181238');
DELETE FROM `gameobject_loot_template` WHERE (`entry`=178105) AND (`item`=16581);
INSERT INTO `gameobject_loot_template` (`entry`, `item`, `ChanceOrQuestChance`, `groupid`, `mincountOrRef`, `maxcount`, `lootcondition`, `condition_value1`, `condition_value2`) VALUES (178105, 16581, -100, 0, 1, 1, 0, 0, 0);
DELETE FROM `gameobject_loot_template` WHERE (`entry`=178106) AND (`item`=16581);
INSERT INTO `gameobject_loot_template` (`entry`, `item`, `ChanceOrQuestChance`, `groupid`, `mincountOrRef`, `maxcount`, `lootcondition`, `condition_value1`, `condition_value2`) VALUES (178106, 16581, -100, 0, 1, 1, 0, 0, 0);
UPDATE `gameobject_template` SET `flags` = 35, `data1` = 84 WHERE `entry` = 150138;
INSERT INTO gameobject VALUES ( 72413, 184229, 530, 1, -2393, 3193, 2, 4.35582, 0, 0, 0.821298, -0.5705, 900, 100, 1);
DELETE FROM `gameobject_loot_template` WHERE (`entry`=2907);
INSERT INTO `gameobject_loot_template` VALUES 
(2907, 4755, -100, 0, 1, 1, 0, 0, 0);
DELETE FROM `gameobject_loot_template` WHERE (`entry`=103713);
INSERT INTO `gameobject_loot_template` VALUES 
(103713, 774, 1, 0, 1, 1, 0, 0, 0),
(103713, 818, 1, 0, 1, 1, 0, 0, 0),
(103713, 1210, 1, 0, 1, 1, 0, 0, 0),
(103713, 2770, 100, 0, 1, 1, 0, 0, 0),
(103713, 2835, 45.9, 0, 1, 2, 0, 0, 0),
(103713, 5075, 2.1, 0, 1, 3, 0, 0, 0);
DELETE FROM `gameobject_loot_template` WHERE (`entry`=105581);
INSERT INTO `gameobject_loot_template` VALUES 
(105581, 422, 6.09233, 0, 1, 1, 0, 0, 0),
(105581, 720, 0.02, 0, 1, 1, 0, 0, 0),
(105581, 754, 0.02, 0, 1, 1, 0, 0, 0),
(105581, 783, 0.619079, 0, 1, 1, 0, 0, 0),
(105581, 785, 0.85583, 0, 1, 1, 0, 0, 0),
(105581, 789, 0.0256673, 0, 1, 1, 0, 0, 0),
(105581, 790, 0.028732, 0, 1, 1, 0, 0, 0),
(105581, 791, 0.02, 0, 1, 1, 0, 0, 0),
(105581, 804, 0.0501852, 0, 1, 1, 0, 0, 0),
(105581, 857, 0.0528669, 0, 1, 1, 0, 0, 0),
(105581, 858, 3.97804, 0, 1, 1, 0, 0, 0),
(105581, 863, 0.0145575, 0, 1, 1, 0, 0, 0),
(105581, 864, 0.016473, 0, 1, 1, 0, 0, 0),
(105581, 865, 0.0149406, 0, 1, 1, 0, 0, 0),
(105581, 866, 0.0203039, 0, 1, 1, 0, 0, 0),
(105581, 890, 0.02, 0, 1, 1, 0, 0, 0),
(105581, 929, 8.57899, 0, 1, 1, 0, 0, 0),
(105581, 934, 0.02, 0, 1, 1, 0, 0, 0),
(105581, 936, 0.02, 0, 1, 1, 0, 0, 0),
(105581, 937, 0.02, 0, 1, 1, 0, 0, 0),
(105581, 1121, 0.02, 0, 1, 1, 0, 0, 0),
(105581, 1203, 0.02, 0, 1, 1, 0, 0, 0),
(105581, 1205, 14.0975, 0, 1, 1, 0, 0, 0),
(105581, 1206, 0.594561, 0, 1, 1, 0, 0, 0),
(105581, 1207, 0.0249011, 0, 1, 1, 0, 0, 0),
(105581, 1210, 0.190397, 0, 1, 1, 0, 0, 0),
(105581, 1265, 0.02, 0, 1, 1, 0, 0, 0),
(105581, 1465, 0.0149406, 0, 1, 1, 0, 0, 0),
(105581, 1529, 0.679224, 0, 1, 1, 0, 0, 0),
(105581, 1607, 0.02, 0, 1, 1, 0, 0, 0),
(105581, 1608, 0.02, 0, 1, 1, 0, 0, 0),
(105581, 1613, 0.0191547, 0, 1, 1, 0, 0, 0),
(105581, 1625, 0.0218363, 0, 1, 1, 0, 0, 0),
(105581, 1639, 0.02, 0, 1, 1, 0, 0, 0),
(105581, 1640, 0.0191547, 0, 1, 1, 0, 0, 0),
(105581, 1645, 13.2286, 0, 1, 1, 0, 0, 0),
(105581, 1685, 0.0141745, 0, 1, 1, 0, 0, 0),
(105581, 1705, 0.676543, 0, 1, 1, 0, 0, 0),
(105581, 1707, 5.49586, 0, 1, 1, 0, 0, 0),
(105581, 1708, 12.6061, 0, 1, 1, 0, 0, 0),
(105581, 1710, 11.4441, 0, 1, 1, 0, 0, 0),
(105581, 1713, 0.02, 0, 1, 1, 0, 0, 0),
(105581, 1714, 0.02, 0, 1, 1, 0, 0, 0),
(105581, 1715, 0.02, 0, 1, 1, 0, 0, 0),
(105581, 1716, 0.02, 0, 1, 1, 0, 0, 0),
(105581, 1717, 0.02, 0, 1, 1, 0, 0, 0),
(105581, 1718, 0.02, 0, 1, 1, 0, 0, 0),
(105581, 1720, 0.02, 0, 1, 1, 0, 0, 0),
(105581, 1721, 0.02, 0, 1, 1, 0, 0, 0),
(105581, 1722, 0.02, 0, 1, 1, 0, 0, 0),
(105581, 1725, 0.112246, 0, 1, 1, 0, 0, 0),
(105581, 1726, 0.02, 0, 1, 1, 0, 0, 0),
(105581, 1746, 0.144426, 0, 1, 1, 0, 0, 0),
(105581, 1747, 0.149023, 0, 1, 1, 0, 0, 0),
(105581, 1748, 0.140595, 0, 1, 1, 0, 0, 0),
(105581, 1749, 0.139446, 0, 1, 1, 0, 0, 0),
(105581, 1750, 0.137147, 0, 1, 1, 0, 0, 0),
(105581, 1751, 0.165496, 0, 1, 1, 0, 0, 0),
(105581, 1752, 0.1337, 0, 1, 1, 0, 0, 0),
(105581, 1753, 0.135232, 0, 1, 1, 0, 0, 0),
(105581, 1754, 0.0930917, 0, 1, 1, 0, 0, 0),
(105581, 1755, 0.0957733, 0, 1, 1, 0, 0, 0),
(105581, 1756, 0.0988381, 0, 1, 1, 0, 0, 0),
(105581, 1757, 0.0996043, 0, 1, 1, 0, 0, 0),
(105581, 1758, 0.106883, 0, 1, 1, 0, 0, 0),
(105581, 1759, 0.0938579, 0, 1, 1, 0, 0, 0),
(105581, 1760, 0.086196, 0, 1, 1, 0, 0, 0),
(105581, 1761, 0.0996043, 0, 1, 1, 0, 0, 0),
(105581, 1772, 0.180437, 0, 1, 1, 0, 0, 0),
(105581, 1774, 0.220279, 0, 1, 1, 0, 0, 0),
(105581, 1775, 0.203039, 0, 1, 1, 0, 0, 0),
(105581, 1776, 0.226025, 0, 1, 1, 0, 0, 0),
(105581, 1777, 0.204955, 0, 1, 1, 0, 0, 0),
(105581, 1778, 0.200358, 0, 1, 1, 0, 0, 0),
(105581, 1780, 0.128719, 0, 1, 1, 0, 0, 0),
(105581, 1782, 0.130252, 0, 1, 1, 0, 0, 0),
(105581, 1783, 0.128336, 0, 1, 1, 0, 0, 0),
(105581, 1784, 0.144043, 0, 1, 1, 0, 0, 0),
(105581, 1785, 0.135615, 0, 1, 1, 0, 0, 0),
(105581, 1786, 0.135232, 0, 1, 1, 0, 0, 0),
(105581, 1795, 0.179671, 0, 1, 1, 0, 0, 0),
(105581, 1796, 0.177372, 0, 1, 1, 0, 0, 0),
(105581, 1797, 0.184651, 0, 1, 1, 0, 0, 0),
(105581, 1798, 0.184268, 0, 1, 1, 0, 0, 0),
(105581, 1799, 0.185034, 0, 1, 1, 0, 0, 0),
(105581, 1800, 0.18082, 0, 1, 1, 0, 0, 0),
(105581, 1801, 0.165113, 0, 1, 1, 0, 0, 0),
(105581, 1802, 0.172775, 0, 1, 1, 0, 0, 0),
(105581, 1803, 0.110714, 0, 1, 1, 0, 0, 0),
(105581, 1804, 0.119908, 0, 1, 1, 0, 0, 0),
(105581, 1805, 0.123739, 0, 1, 1, 0, 0, 0),
(105581, 1806, 0.113779, 0, 1, 1, 0, 0, 0),
(105581, 1807, 0.118759, 0, 1, 1, 0, 0, 0),
(105581, 1808, 0.120291, 0, 1, 1, 0, 0, 0),
(105581, 1809, 0.116843, 0, 1, 1, 0, 0, 0),
(105581, 1810, 0.115311, 0, 1, 1, 0, 0, 0),
(105581, 1818, 0.280041, 0, 1, 1, 0, 0, 0),
(105581, 1819, 0.293066, 0, 1, 1, 0, 0, 0),
(105581, 1820, 0.288469, 0, 1, 1, 0, 0, 0),
(105581, 1821, 0.314903, 0, 1, 1, 0, 0, 0),
(105581, 1822, 0.298047, 0, 1, 1, 0, 0, 0),
(105581, 1823, 0.293833, 0, 1, 1, 0, 0, 0),
(105581, 1824, 0.287703, 0, 1, 1, 0, 0, 0),
(105581, 1825, 0.183119, 0, 1, 1, 0, 0, 0),
(105581, 1826, 0.21798, 0, 1, 1, 0, 0, 0),
(105581, 1827, 0.210318, 0, 1, 1, 0, 0, 0),
(105581, 1828, 0.205338, 0, 1, 1, 0, 0, 0),
(105581, 1829, 0.200741, 0, 1, 1, 0, 0, 0),
(105581, 1830, 0.22411, 0, 1, 1, 0, 0, 0),
(105581, 1831, 0.210318, 0, 1, 1, 0, 0, 0),
(105581, 1973, 0.02, 0, 1, 1, 0, 0, 0),
(105581, 1988, 0.02, 0, 1, 1, 0, 0, 0),
(105581, 1990, 0.0137914, 0, 1, 1, 0, 0, 0),
(105581, 1994, 0.02, 0, 1, 1, 0, 0, 0),
(105581, 2011, 0.02, 0, 1, 1, 0, 0, 0),
(105581, 2059, 0.02, 0, 1, 1, 0, 0, 0),
(105581, 2072, 0.0172392, 0, 1, 1, 0, 0, 0),
(105581, 2077, 0.0149406, 0, 1, 1, 0, 0, 0),
(105581, 2080, 0.02, 0, 1, 1, 0, 0, 0),
(105581, 2098, 0.02, 0, 1, 1, 0, 0, 0),
(105581, 2194, 0.02, 0, 1, 1, 0, 0, 0),
(105581, 2219, 0.190014, 0, 1, 1, 0, 0, 0),
(105581, 2220, 0.182352, 0, 1, 1, 0, 0, 0),
(105581, 2221, 0.144809, 0, 1, 1, 0, 0, 0),
(105581, 2222, 0.122973, 0, 1, 1, 0, 0, 0),
(105581, 2236, 0.02, 0, 1, 1, 0, 0, 0),
(105581, 2256, 0.02, 0, 1, 1, 0, 0, 0),
(105581, 2276, 0.02, 0, 1, 1, 0, 0, 0),
(105581, 2277, 0.02, 0, 1, 1, 0, 0, 0),
(105581, 2278, 0.02, 0, 1, 1, 0, 0, 0),
(105581, 2299, 0.02, 0, 1, 1, 0, 0, 0),
(105581, 2318, 2.20585, 0, 1, 1, 0, 0, 0),
(105581, 2319, 4.49905, 0, 1, 1, 0, 0, 0),
(105581, 2409, 0.02, 0, 1, 1, 0, 0, 0),
(105581, 2449, 0.477717, 0, 1, 1, 0, 0, 0),
(105581, 2450, 1.17265, 0, 1, 1, 0, 0, 0),
(105581, 2452, 1.16116, 0, 1, 1, 0, 0, 0),
(105581, 2453, 1.64155, 0, 1, 1, 0, 0, 0),
(105581, 2455, 4.355, 0, 1, 1, 0, 0, 0),
(105581, 2564, 0.02, 0, 1, 1, 0, 0, 0),
(105581, 2565, 0.02, 0, 1, 1, 0, 0, 0),
(105581, 2589, 0.679224, 0, 1, 1, 0, 0, 0),
(105581, 2592, 3.01954, 0, 1, 1, 0, 0, 0),
(105581, 2601, 0.0172392, 0, 1, 1, 0, 0, 0),
(105581, 2721, 0.02, 0, 1, 1, 0, 0, 0),
(105581, 2765, 0.280041, 0, 1, 1, 0, 0, 0),
(105581, 2766, 0.196527, 0, 1, 1, 0, 0, 0),
(105581, 2770, 1.15043, 0, 1, 1, 0, 0, 0),
(105581, 2771, 2.25412, 0, 1, 1, 0, 0, 0),
(105581, 2772, 3.3739, 0, 1, 1, 0, 0, 0),
(105581, 2775, 0.646278, 0, 1, 1, 0, 0, 0),
(105581, 2776, 0.940877, 0, 1, 1, 0, 0, 0),
(105581, 2782, 0.283872, 0, 1, 1, 0, 0, 0),
(105581, 2783, 0.316435, 0, 1, 1, 0, 0, 0),
(105581, 2785, 0.19078, 0, 1, 1, 0, 0, 0),
(105581, 2786, 0.204955, 0, 1, 1, 0, 0, 0),
(105581, 2800, 0.02, 0, 1, 1, 0, 0, 0),
(105581, 2802, 0.02, 0, 1, 1, 0, 0, 0),
(105581, 2815, 0.02, 0, 1, 1, 0, 0, 0),
(105581, 2819, 0.0256673, 0, 1, 1, 0, 0, 0),
(105581, 2835, 0.764654, 0, 1, 1, 0, 0, 0),
(105581, 2836, 2.33725, 0, 1, 1, 0, 0, 0),
(105581, 2838, 3.52484, 0, 1, 1, 0, 0, 0),
(105581, 2842, 0.60682, 0, 1, 1, 0, 0, 0),
(105581, 2877, 0.02, 0, 1, 1, 0, 0, 0),
(105581, 2878, 0.02, 0, 1, 1, 0, 0, 0),
(105581, 2879, 0.02, 0, 1, 1, 0, 0, 0),
(105581, 2881, 0.02, 0, 1, 1, 0, 0, 0),
(105581, 2882, 0.0145575, 0, 1, 1, 0, 0, 0),
(105581, 2883, 0.0191547, 0, 1, 1, 0, 0, 0),
(105581, 2911, 0.02, 0, 1, 1, 0, 0, 0),
(105581, 2912, 0.02, 0, 1, 1, 0, 0, 0),
(105581, 2951, 0.02, 0, 1, 1, 0, 0, 0),
(105581, 2981, 0.0153237, 0, 1, 1, 0, 0, 0),
(105581, 2985, 0.0195378, 0, 1, 1, 0, 0, 0),
(105581, 2989, 0.0134083, 0, 1, 1, 0, 0, 0),
(105581, 2990, 0.020687, 0, 1, 1, 0, 0, 0),
(105581, 2991, 0.0191547, 0, 1, 1, 0, 0, 0),
(105581, 2996, 0.68612, 0, 1, 1, 0, 0, 0),
(105581, 2997, 2.35143, 0, 1, 1, 0, 0, 0),
(105581, 3020, 0.02, 0, 1, 1, 0, 0, 0),
(105581, 3021, 0.02, 0, 1, 1, 0, 0, 0),
(105581, 3037, 0.0107266, 0, 1, 1, 0, 0, 0),
(105581, 3039, 0.0279658, 0, 1, 1, 0, 0, 0),
(105581, 3041, 0.02, 0, 1, 1, 0, 0, 0),
(105581, 3042, 0.0141745, 0, 1, 1, 0, 0, 0),
(105581, 3045, 0.0114928, 0, 1, 1, 0, 0, 0),
(105581, 3047, 0.0118759, 0, 1, 1, 0, 0, 0),
(105581, 3048, 0.012259, 0, 1, 1, 0, 0, 0),
(105581, 3049, 0.0126421, 0, 1, 1, 0, 0, 0),
(105581, 3055, 0.02, 0, 1, 1, 0, 0, 0),
(105581, 3056, 0.02, 0, 1, 1, 0, 0, 0),
(105581, 3057, 0.0203039, 0, 1, 1, 0, 0, 0),
(105581, 3058, 0.0149406, 0, 1, 1, 0, 0, 0),
(105581, 3065, 0.0183885, 0, 1, 1, 0, 0, 0),
(105581, 3066, 0.0183885, 0, 1, 1, 0, 0, 0),
(105581, 3067, 0.0160899, 0, 1, 1, 0, 0, 0),
(105581, 3069, 0.02, 0, 1, 1, 0, 0, 0),
(105581, 3185, 0.0130252, 0, 1, 1, 0, 0, 0),
(105581, 3186, 0.0210701, 0, 1, 1, 0, 0, 0),
(105581, 3187, 0.0172392, 0, 1, 1, 0, 0, 0),
(105581, 3193, 0.0310306, 0, 1, 1, 0, 0, 0),
(105581, 3197, 0.0130252, 0, 1, 1, 0, 0, 0),
(105581, 3198, 0.0333291, 0, 1, 1, 0, 0, 0),
(105581, 3199, 0.0337122, 0, 1, 1, 0, 0, 0),
(105581, 3201, 0.0180054, 0, 1, 1, 0, 0, 0),
(105581, 3202, 0.0187716, 0, 1, 1, 0, 0, 0),
(105581, 3203, 0.02, 0, 1, 1, 0, 0, 0),
(105581, 3206, 0.016473, 0, 1, 1, 0, 0, 0),
(105581, 3208, 0.0130252, 0, 1, 1, 0, 0, 0),
(105581, 3210, 0.0218363, 0, 1, 1, 0, 0, 0),
(105581, 3212, 0.0114928, 0, 1, 1, 0, 0, 0),
(105581, 3355, 1.71128, 0, 1, 1, 0, 0, 0),
(105581, 3356, 2.69008, 0, 1, 1, 0, 0, 0),
(105581, 3357, 1.71128, 0, 1, 1, 0, 0, 0),
(105581, 3358, 2.01047, 0, 1, 1, 0, 0, 0),
(105581, 3378, 0.209552, 0, 1, 1, 0, 0, 0),
(105581, 3379, 0.198825, 0, 1, 1, 0, 0, 0),
(105581, 3380, 0.154387, 0, 1, 1, 0, 0, 0),
(105581, 3381, 0.131018, 0, 1, 1, 0, 0, 0),
(105581, 3385, 9.2291, 0, 1, 1, 0, 0, 0),
(105581, 3393, 0.0134083, 0, 1, 1, 0, 0, 0),
(105581, 3394, 0.0187716, 0, 1, 1, 0, 0, 0),
(105581, 3395, 0.02, 0, 1, 1, 0, 0, 0),
(105581, 3396, 0.0134083, 0, 1, 1, 0, 0, 0),
(105581, 3430, 0.0203039, 0, 1, 1, 0, 0, 0),
(105581, 3577, 3.19576, 0, 1, 1, 0, 0, 0),
(105581, 3608, 0.0107266, 0, 1, 1, 0, 0, 0),
(105581, 3611, 0.0157068, 0, 1, 1, 0, 0, 0),
(105581, 3612, 0.02, 0, 1, 1, 0, 0, 0),
(105581, 3647, 0.0283489, 0, 1, 1, 0, 0, 0),
(105581, 3655, 0.02, 0, 1, 1, 0, 0, 0),
(105581, 3656, 0.02, 0, 1, 1, 0, 0, 0),
(105581, 3740, 0.0229856, 0, 1, 1, 0, 0, 0),
(105581, 3770, 6.22948, 0, 1, 1, 0, 0, 0),
(105581, 3771, 5.40966, 0, 1, 1, 0, 0, 0),
(105581, 3778, 0.366237, 0, 1, 1, 0, 0, 0),
(105581, 3779, 0.367386, 0, 1, 1, 0, 0, 0),
(105581, 3780, 0.349381, 0, 1, 1, 0, 0, 0),
(105581, 3781, 0.343635, 0, 1, 1, 0, 0, 0),
(105581, 3782, 0.339038, 0, 1, 1, 0, 0, 0),
(105581, 3783, 0.325629, 0, 1, 1, 0, 0, 0),
(105581, 3784, 0.349764, 0, 1, 1, 0, 0, 0),
(105581, 3785, 0.344401, 0, 1, 1, 0, 0, 0),
(105581, 3786, 0.364322, 0, 1, 1, 0, 0, 0),
(105581, 3787, 0.371601, 0, 1, 1, 0, 0, 0),
(105581, 3792, 0.221045, 0, 1, 1, 0, 0, 0),
(105581, 3793, 0.231005, 0, 1, 1, 0, 0, 0),
(105581, 3794, 0.233304, 0, 1, 1, 0, 0, 0),
(105581, 3795, 0.208403, 0, 1, 1, 0, 0, 0),
(105581, 3796, 0.223727, 0, 1, 1, 0, 0, 0),
(105581, 3797, 0.226408, 0, 1, 1, 0, 0, 0),
(105581, 3798, 0.221045, 0, 1, 1, 0, 0, 0),
(105581, 3799, 0.224493, 0, 1, 1, 0, 0, 0),
(105581, 3800, 0.16971, 0, 1, 1, 0, 0, 0),
(105581, 3801, 0.200358, 0, 1, 1, 0, 0, 0),
(105581, 3802, 0.181203, 0, 1, 1, 0, 0, 0),
(105581, 3803, 0.190397, 0, 1, 1, 0, 0, 0),
(105581, 3804, 0.198442, 0, 1, 1, 0, 0, 0),
(105581, 3805, 0.179671, 0, 1, 1, 0, 0, 0),
(105581, 3806, 0.184651, 0, 1, 1, 0, 0, 0),
(105581, 3807, 0.19078, 0, 1, 1, 0, 0, 0),
(105581, 3808, 0.145192, 0, 1, 1, 0, 0, 0),
(105581, 3809, 0.152088, 0, 1, 1, 0, 0, 0),
(105581, 3810, 0.143277, 0, 1, 1, 0, 0, 0),
(105581, 3811, 0.16473, 0, 1, 1, 0, 0, 0),
(105581, 3812, 0.139446, 0, 1, 1, 0, 0, 0),
(105581, 3813, 0.144809, 0, 1, 1, 0, 0, 0),
(105581, 3814, 0.154387, 0, 1, 1, 0, 0, 0),
(105581, 3815, 0.158601, 0, 1, 1, 0, 0, 0),
(105581, 3816, 0.212617, 0, 1, 1, 0, 0, 0),
(105581, 3817, 0.245946, 0, 1, 1, 0, 0, 0),
(105581, 3818, 2.18402, 0, 1, 1, 0, 0, 0),
(105581, 3821, 1.54425, 0, 1, 1, 0, 0, 0),
(105581, 3827, 11.725, 0, 1, 1, 0, 0, 0),
(105581, 3830, 0.0172392, 0, 1, 1, 0, 0, 0),
(105581, 3831, 0.0134083, 0, 1, 1, 0, 0, 0),
(105581, 3832, 0.02, 0, 1, 1, 0, 0, 0),
(105581, 3858, 1.96642, 0, 1, 1, 0, 0, 0),
(105581, 3864, 0.859661, 0, 1, 1, 0, 0, 0),
(105581, 3866, 0.0149406, 0, 1, 1, 0, 0, 0),
(105581, 3867, 0.0145575, 0, 1, 1, 0, 0, 0),
(105581, 3868, 0.016473, 0, 1, 1, 0, 0, 0),
(105581, 3869, 0.0172392, 0, 1, 1, 0, 0, 0),
(105581, 3870, 0.0134083, 0, 1, 1, 0, 0, 0),
(105581, 3871, 0.02, 0, 1, 1, 0, 0, 0),
(105581, 3872, 0.02, 0, 1, 1, 0, 0, 0),
(105581, 3873, 0.0187716, 0, 1, 1, 0, 0, 0),
(105581, 3874, 0.0153237, 0, 1, 1, 0, 0, 0),
(105581, 3914, 0.110714, 0, 1, 1, 0, 0, 0),
(105581, 3927, 5.76326, 0, 1, 1, 0, 0, 0),
(105581, 3928, 7.67374, 0, 1, 1, 0, 0, 0),
(105581, 3936, 0.252842, 0, 1, 1, 0, 0, 0),
(105581, 3937, 0.221045, 0, 1, 1, 0, 0, 0),
(105581, 3938, 0.212617, 0, 1, 1, 0, 0, 0),
(105581, 3939, 0.219129, 0, 1, 1, 0, 0, 0),
(105581, 3940, 0.233687, 0, 1, 1, 0, 0, 0),
(105581, 3941, 0.221428, 0, 1, 1, 0, 0, 0),
(105581, 3942, 0.219129, 0, 1, 1, 0, 0, 0),
(105581, 3943, 0.222577, 0, 1, 1, 0, 0, 0),
(105581, 3944, 0.15362, 0, 1, 1, 0, 0, 0),
(105581, 3945, 0.135998, 0, 1, 1, 0, 0, 0),
(105581, 3946, 0.143277, 0, 1, 1, 0, 0, 0),
(105581, 3947, 0.147491, 0, 1, 1, 0, 0, 0),
(105581, 3948, 0.140595, 0, 1, 1, 0, 0, 0),
(105581, 3949, 0.163198, 0, 1, 1, 0, 0, 0),
(105581, 3950, 0.141361, 0, 1, 1, 0, 0, 0),
(105581, 3951, 0.163198, 0, 1, 1, 0, 0, 0),
(105581, 3961, 0.182736, 0, 1, 1, 0, 0, 0),
(105581, 3962, 0.195378, 0, 1, 1, 0, 0, 0),
(105581, 3963, 0.186566, 0, 1, 1, 0, 0, 0),
(105581, 3964, 0.208403, 0, 1, 1, 0, 0, 0),
(105581, 3965, 0.194228, 0, 1, 1, 0, 0, 0),
(105581, 3966, 0.183502, 0, 1, 1, 0, 0, 0),
(105581, 3967, 0.206104, 0, 1, 1, 0, 0, 0),
(105581, 3968, 0.185034, 0, 1, 1, 0, 0, 0),
(105581, 3969, 0.104201, 0, 1, 1, 0, 0, 0),
(105581, 3970, 0.137147, 0, 1, 1, 0, 0, 0),
(105581, 3971, 0.123739, 0, 1, 1, 0, 0, 0),
(105581, 3972, 0.155919, 0, 1, 1, 0, 0, 0),
(105581, 3973, 0.121441, 0, 1, 1, 0, 0, 0),
(105581, 3974, 0.128719, 0, 1, 1, 0, 0, 0),
(105581, 3975, 0.142511, 0, 1, 1, 0, 0, 0),
(105581, 3976, 0.124505, 0, 1, 1, 0, 0, 0),
(105581, 3986, 0.228707, 0, 1, 1, 0, 0, 0),
(105581, 3987, 0.178905, 0, 1, 1, 0, 0, 0),
(105581, 3989, 0.247861, 0, 1, 1, 0, 0, 0),
(105581, 3990, 0.168178, 0, 1, 1, 0, 0, 0),
(105581, 3992, 0.10037, 0, 1, 1, 0, 0, 0),
(105581, 3993, 0.109948, 0, 1, 1, 0, 0, 0),
(105581, 3994, 0.09041, 0, 1, 1, 0, 0, 0),
(105581, 3995, 0.121441, 0, 1, 1, 0, 0, 0),
(105581, 3996, 0.116077, 0, 1, 1, 0, 0, 0),
(105581, 3997, 0.100754, 0, 1, 1, 0, 0, 0),
(105581, 3998, 0.106883, 0, 1, 1, 0, 0, 0),
(105581, 3999, 0.106117, 0, 1, 1, 0, 0, 0),
(105581, 4000, 0.138297, 0, 1, 1, 0, 0, 0),
(105581, 4001, 0.152088, 0, 1, 1, 0, 0, 0),
(105581, 4002, 0.145192, 0, 1, 1, 0, 0, 0),
(105581, 4003, 0.154387, 0, 1, 1, 0, 0, 0),
(105581, 4004, 0.159367, 0, 1, 1, 0, 0, 0),
(105581, 4005, 0.144809, 0, 1, 1, 0, 0, 0),
(105581, 4006, 0.156685, 0, 1, 1, 0, 0, 0),
(105581, 4007, 0.15362, 0, 1, 1, 0, 0, 0),
(105581, 4017, 0.345933, 0, 1, 1, 0, 0, 0),
(105581, 4018, 0.346316, 0, 1, 1, 0, 0, 0),
(105581, 4019, 0.368919, 0, 1, 1, 0, 0, 0),
(105581, 4020, 0.357426, 0, 1, 1, 0, 0, 0),
(105581, 4021, 0.338271, 0, 1, 1, 0, 0, 0),
(105581, 4022, 0.360108, 0, 1, 1, 0, 0, 0),
(105581, 4023, 0.385009, 0, 1, 1, 0, 0, 0),
(105581, 4024, 0.355128, 0, 1, 1, 0, 0, 0),
(105581, 4025, 0.402248, 0, 1, 1, 0, 0, 0),
(105581, 4026, 0.371217, 0, 1, 1, 0, 0, 0),
(105581, 4035, 0.02, 0, 1, 1, 0, 0, 0),
(105581, 4036, 0.0145575, 0, 1, 1, 0, 0, 0),
(105581, 4037, 0.0160899, 0, 1, 1, 0, 0, 0),
(105581, 4038, 0.02, 0, 1, 1, 0, 0, 0),
(105581, 4039, 0.02, 0, 1, 1, 0, 0, 0),
(105581, 4040, 0.02, 0, 1, 1, 0, 0, 0),
(105581, 4041, 0.02, 0, 1, 1, 0, 0, 0),
(105581, 4042, 0.02, 0, 1, 1, 0, 0, 0),
(105581, 4043, 0.0126421, 0, 1, 1, 0, 0, 0),
(105581, 4044, 0.02, 0, 1, 1, 0, 0, 0),
(105581, 4045, 0.0111097, 0, 1, 1, 0, 0, 0),
(105581, 4046, 0.02, 0, 1, 1, 0, 0, 0),
(105581, 4047, 0.0168561, 0, 1, 1, 0, 0, 0),
(105581, 4048, 0.02, 0, 1, 1, 0, 0, 0),
(105581, 4049, 0.0118759, 0, 1, 1, 0, 0, 0),
(105581, 4050, 0.02, 0, 1, 1, 0, 0, 0),
(105581, 4051, 0.0107266, 0, 1, 1, 0, 0, 0),
(105581, 4052, 0.02, 0, 1, 1, 0, 0, 0),
(105581, 4054, 0.02, 0, 1, 1, 0, 0, 0),
(105581, 4055, 0.02, 0, 1, 1, 0, 0, 0),
(105581, 4057, 0.02, 0, 1, 1, 0, 0, 0),
(105581, 4058, 0.02, 0, 1, 1, 0, 0, 0),
(105581, 4059, 0.02, 0, 1, 1, 0, 0, 0),
(105581, 4060, 0.0103435, 0, 1, 1, 0, 0, 0),
(105581, 4061, 0.0134083, 0, 1, 1, 0, 0, 0),
(105581, 4062, 0.0111097, 0, 1, 1, 0, 0, 0),
(105581, 4063, 0.0126421, 0, 1, 1, 0, 0, 0),
(105581, 4064, 0.02, 0, 1, 1, 0, 0, 0),
(105581, 4065, 0.02, 0, 1, 1, 0, 0, 0),
(105581, 4066, 0.02, 0, 1, 1, 0, 0, 0),
(105581, 4067, 0.02, 0, 1, 1, 0, 0, 0),
(105581, 4068, 0.02, 0, 1, 1, 0, 0, 0),
(105581, 4069, 0.02, 0, 1, 1, 0, 0, 0),
(105581, 4070, 0.02, 0, 1, 1, 0, 0, 0),
(105581, 4071, 0.02, 0, 1, 1, 0, 0, 0),
(105581, 4072, 0.0118759, 0, 1, 1, 0, 0, 0),
(105581, 4073, 0.02, 0, 1, 1, 0, 0, 0),
(105581, 4074, 0.02, 0, 1, 1, 0, 0, 0),
(105581, 4075, 0.02, 0, 1, 1, 0, 0, 0),
(105581, 4076, 0.02, 0, 1, 1, 0, 0, 0),
(105581, 4077, 0.02, 0, 1, 1, 0, 0, 0),
(105581, 4078, 0.02, 0, 1, 1, 0, 0, 0),
(105581, 4079, 0.02, 0, 1, 1, 0, 0, 0),
(105581, 4080, 0.02, 0, 1, 1, 0, 0, 0),
(105581, 4082, 0.02, 0, 1, 1, 0, 0, 0),
(105581, 4083, 0.02, 0, 1, 1, 0, 0, 0),
(105581, 4084, 0.02, 0, 1, 1, 0, 0, 0),
(105581, 4087, 0.0176223, 0, 1, 1, 0, 0, 0),
(105581, 4088, 0.0111097, 0, 1, 1, 0, 0, 0),
(105581, 4089, 0.02, 0, 1, 1, 0, 0, 0),
(105581, 4090, 0.02, 0, 1, 1, 0, 0, 0),
(105581, 4091, 0.02, 0, 1, 1, 0, 0, 0),
(105581, 4232, 0.750863, 0, 1, 1, 0, 0, 0),
(105581, 4234, 4.69672, 0, 1, 1, 0, 0, 0),
(105581, 4235, 0.836676, 0, 1, 1, 0, 0, 0),
(105581, 4292, 0.02, 0, 1, 1, 0, 0, 0),
(105581, 4293, 0.02, 0, 1, 1, 0, 0, 0),
(105581, 4294, 0.0222194, 0, 1, 1, 0, 0, 0),
(105581, 4296, 0.0153237, 0, 1, 1, 0, 0, 0),
(105581, 4297, 0.0176223, 0, 1, 1, 0, 0, 0),
(105581, 4298, 0.02, 0, 1, 1, 0, 0, 0),
(105581, 4299, 0.02, 0, 1, 1, 0, 0, 0),
(105581, 4300, 0.0160899, 0, 1, 1, 0, 0, 0),
(105581, 4301, 0.02, 0, 1, 1, 0, 0, 0),
(105581, 4304, 1.37645, 0, 1, 1, 0, 0, 0),
(105581, 4305, 2.67591, 0, 1, 1, 0, 0, 0),
(105581, 4306, 4.55766, 0, 1, 1, 0, 0, 0),
(105581, 4338, 2.33074, 0, 1, 1, 0, 0, 0),
(105581, 4339, 0.359725, 0, 1, 1, 0, 0, 0),
(105581, 4345, 0.02, 0, 1, 1, 0, 0, 0),
(105581, 4346, 0.02, 0, 1, 1, 0, 0, 0),
(105581, 4347, 0.0160899, 0, 1, 1, 0, 0, 0),
(105581, 4348, 0.0183885, 0, 1, 1, 0, 0, 0),
(105581, 4349, 0.0214532, 0, 1, 1, 0, 0, 0),
(105581, 4350, 0.0118759, 0, 1, 1, 0, 0, 0),
(105581, 4351, 0.02, 0, 1, 1, 0, 0, 0),
(105581, 4352, 0.0195378, 0, 1, 1, 0, 0, 0),
(105581, 4353, 0.0195378, 0, 1, 1, 0, 0, 0),
(105581, 4409, 0.02, 0, 1, 1, 0, 0, 0),
(105581, 4410, 0.0229856, 0, 1, 1, 0, 0, 0),
(105581, 4412, 0.020687, 0, 1, 1, 0, 0, 0),
(105581, 4414, 0.016473, 0, 1, 1, 0, 0, 0),
(105581, 4415, 0.02, 0, 1, 1, 0, 0, 0),
(105581, 4416, 0.0149406, 0, 1, 1, 0, 0, 0),
(105581, 4417, 0.0210701, 0, 1, 1, 0, 0, 0),
(105581, 4500, 0.0950071, 0, 1, 1, 0, 0, 0),
(105581, 4538, 5.71307, 0, 1, 1, 0, 0, 0),
(105581, 4539, 5.09476, 0, 1, 1, 0, 0, 0),
(105581, 4542, 5.83834, 0, 1, 1, 0, 0, 0),
(105581, 4544, 5.31159, 0, 1, 1, 0, 0, 0),
(105581, 4568, 0.0271996, 0, 1, 1, 0, 0, 0),
(105581, 4576, 0.0252842, 0, 1, 1, 0, 0, 0),
(105581, 4599, 5.71039, 0, 1, 1, 0, 0, 0),
(105581, 4601, 5.49892, 0, 1, 1, 0, 0, 0),
(105581, 4602, 5.33687, 0, 1, 1, 0, 0, 0),
(105581, 4606, 6.09003, 0, 1, 1, 0, 0, 0),
(105581, 4607, 5.40506, 0, 1, 1, 0, 0, 0),
(105581, 4608, 5.66327, 0, 1, 1, 0, 0, 0),
(105581, 4661, 0.0222194, 0, 1, 1, 0, 0, 0),
(105581, 4694, 0.0172392, 0, 1, 1, 0, 0, 0),
(105581, 4696, 0.02, 0, 1, 1, 0, 0, 0),
(105581, 4698, 0.0264334, 0, 1, 1, 0, 0, 0),
(105581, 4700, 0.0264334, 0, 1, 1, 0, 0, 0),
(105581, 4705, 0.0103435, 0, 1, 1, 0, 0, 0),
(105581, 4706, 0.0183885, 0, 1, 1, 0, 0, 0),
(105581, 4707, 0.02, 0, 1, 1, 0, 0, 0),
(105581, 4708, 0.0264334, 0, 1, 1, 0, 0, 0),
(105581, 4709, 0.0218363, 0, 1, 1, 0, 0, 0),
(105581, 4710, 0.0249011, 0, 1, 1, 0, 0, 0),
(105581, 4711, 0.02, 0, 1, 1, 0, 0, 0),
(105581, 4712, 0.0103435, 0, 1, 1, 0, 0, 0),
(105581, 4713, 0.0137914, 0, 1, 1, 0, 0, 0),
(105581, 4714, 0.0103435, 0, 1, 1, 0, 0, 0),
(105581, 4715, 0.0118759, 0, 1, 1, 0, 0, 0),
(105581, 4716, 0.02, 0, 1, 1, 0, 0, 0),
(105581, 4717, 0.02, 0, 1, 1, 0, 0, 0),
(105581, 4718, 0.02, 0, 1, 1, 0, 0, 0),
(105581, 4719, 0.02, 0, 1, 1, 0, 0, 0),
(105581, 4720, 0.02, 0, 1, 1, 0, 0, 0),
(105581, 4721, 0.02, 0, 1, 1, 0, 0, 0),
(105581, 4722, 0.02, 0, 1, 1, 0, 0, 0),
(105581, 4725, 0.02, 0, 1, 1, 0, 0, 0),
(105581, 4726, 0.02, 0, 1, 1, 0, 0, 0),
(105581, 4727, 0.02, 0, 1, 1, 0, 0, 0),
(105581, 4729, 0.0107266, 0, 1, 1, 0, 0, 0),
(105581, 4731, 0.02, 0, 1, 1, 0, 0, 0),
(105581, 4732, 0.02, 0, 1, 1, 0, 0, 0),
(105581, 4733, 0.02, 0, 1, 1, 0, 0, 0),
(105581, 4734, 0.02, 0, 1, 1, 0, 0, 0),
(105581, 4735, 0.0103435, 0, 1, 1, 0, 0, 0),
(105581, 4736, 0.02, 0, 1, 1, 0, 0, 0),
(105581, 4737, 0.0126421, 0, 1, 1, 0, 0, 0),
(105581, 4738, 0.02, 0, 1, 1, 0, 0, 0),
(105581, 4998, 0.02, 0, 1, 1, 0, 0, 0),
(105581, 4999, 0.02, 0, 1, 1, 0, 0, 0),
(105581, 5001, 0.0111097, 0, 1, 1, 0, 0, 0),
(105581, 5002, 0.02, 0, 1, 1, 0, 0, 0),
(105581, 5003, 0.02, 0, 1, 1, 0, 0, 0),
(105581, 5007, 0.02, 0, 1, 1, 0, 0, 0),
(105581, 5009, 0.02, 0, 1, 1, 0, 0, 0),
(105581, 5011, 0.02, 0, 1, 1, 0, 0, 0),
(105581, 5213, 0.0130252, 0, 1, 1, 0, 0, 0),
(105581, 5214, 0.02, 0, 1, 1, 0, 0, 0),
(105581, 5215, 0.0180054, 0, 1, 1, 0, 0, 0),
(105581, 5216, 0.0195378, 0, 1, 1, 0, 0, 0),
(105581, 5266, 0.02, 0, 1, 1, 0, 0, 0),
(105581, 5498, 0.0406079, 0, 1, 1, 0, 0, 0),
(105581, 5500, 0.142128, 0, 1, 1, 0, 0, 0),
(105581, 5504, 0.02, 0, 1, 1, 0, 0, 0),
(105581, 5543, 0.0176223, 0, 1, 1, 0, 0, 0),
(105581, 5575, 0.0455881, 0, 1, 1, 0, 0, 0),
(105581, 5576, 0.0471205, 0, 1, 1, 0, 0, 0),
(105581, 5578, 0.0153237, 0, 1, 1, 0, 0, 0),
(105581, 5774, 0.0145575, 0, 1, 1, 0, 0, 0),
(105581, 5972, 0.0187716, 0, 1, 1, 0, 0, 0),
(105581, 5974, 0.0187716, 0, 1, 1, 0, 0, 0),
(105581, 6037, 5.34109, 0, 1, 1, 0, 0, 0),
(105581, 6044, 0.0145575, 0, 1, 1, 0, 0, 0),
(105581, 6045, 0.0141745, 0, 1, 1, 0, 0, 0),
(105581, 6149, 8.25719, 0, 1, 1, 0, 0, 0),
(105581, 6211, 0.0145575, 0, 1, 1, 0, 0, 0),
(105581, 6344, 0.02, 0, 1, 1, 0, 0, 0),
(105581, 6347, 0.02, 0, 1, 1, 0, 0, 0),
(105581, 6348, 0.02, 0, 1, 1, 0, 0, 0),
(105581, 6375, 0.0222194, 0, 1, 1, 0, 0, 0),
(105581, 6381, 0.0260503, 0, 1, 1, 0, 0, 0),
(105581, 6382, 0.020687, 0, 1, 1, 0, 0, 0),
(105581, 6383, 0.0183885, 0, 1, 1, 0, 0, 0),
(105581, 6386, 0.02, 0, 1, 1, 0, 0, 0),
(105581, 6387, 0.0114928, 0, 1, 1, 0, 0, 0),
(105581, 6388, 0.0114928, 0, 1, 1, 0, 0, 0),
(105581, 6389, 0.02, 0, 1, 1, 0, 0, 0),
(105581, 6390, 0.0199209, 0, 1, 1, 0, 0, 0),
(105581, 6391, 0.0172392, 0, 1, 1, 0, 0, 0),
(105581, 6393, 0.012259, 0, 1, 1, 0, 0, 0),
(105581, 6394, 0.0149406, 0, 1, 1, 0, 0, 0),
(105581, 6395, 0.0126421, 0, 1, 1, 0, 0, 0),
(105581, 6396, 0.02, 0, 1, 1, 0, 0, 0),
(105581, 6397, 0.0107266, 0, 1, 1, 0, 0, 0),
(105581, 6398, 0.0134083, 0, 1, 1, 0, 0, 0),
(105581, 6399, 0.02, 0, 1, 1, 0, 0, 0),
(105581, 6400, 0.02, 0, 1, 1, 0, 0, 0),
(105581, 6402, 0.02, 0, 1, 1, 0, 0, 0),
(105581, 6403, 0.02, 0, 1, 1, 0, 0, 0),
(105581, 6404, 0.02, 0, 1, 1, 0, 0, 0),
(105581, 6405, 0.02, 0, 1, 1, 0, 0, 0),
(105581, 6406, 0.02, 0, 1, 1, 0, 0, 0),
(105581, 6407, 0.02, 0, 1, 1, 0, 0, 0),
(105581, 6408, 0.02, 0, 1, 1, 0, 0, 0),
(105581, 6409, 0.02, 0, 1, 1, 0, 0, 0),
(105581, 6410, 0.02, 0, 1, 1, 0, 0, 0),
(105581, 6411, 0.02, 0, 1, 1, 0, 0, 0),
(105581, 6412, 0.02, 0, 1, 1, 0, 0, 0),
(105581, 6413, 0.02, 0, 1, 1, 0, 0, 0),
(105581, 6415, 0.02, 0, 1, 1, 0, 0, 0),
(105581, 6416, 0.02, 0, 1, 1, 0, 0, 0),
(105581, 6417, 0.0107266, 0, 1, 1, 0, 0, 0),
(105581, 6418, 0.0107266, 0, 1, 1, 0, 0, 0),
(105581, 6419, 0.02, 0, 1, 1, 0, 0, 0),
(105581, 6420, 0.02, 0, 1, 1, 0, 0, 0),
(105581, 6421, 0.02, 0, 1, 1, 0, 0, 0),
(105581, 6422, 0.02, 0, 1, 1, 0, 0, 0),
(105581, 6423, 0.02, 0, 1, 1, 0, 0, 0),
(105581, 6424, 0.02, 0, 1, 1, 0, 0, 0),
(105581, 6425, 0.02, 0, 1, 1, 0, 0, 0),
(105581, 6426, 0.0103435, 0, 1, 1, 0, 0, 0),
(105581, 6427, 0.02, 0, 1, 1, 0, 0, 0),
(105581, 6428, 0.0134083, 0, 1, 1, 0, 0, 0),
(105581, 6429, 0.02, 0, 1, 1, 0, 0, 0),
(105581, 6430, 0.02, 0, 1, 1, 0, 0, 0),
(105581, 6431, 0.0111097, 0, 1, 1, 0, 0, 0),
(105581, 6432, 0.0111097, 0, 1, 1, 0, 0, 0),
(105581, 6433, 0.02, 0, 1, 1, 0, 0, 0),
(105581, 6454, 0.0249011, 0, 1, 1, 0, 0, 0),
(105581, 6561, 0.0137914, 0, 1, 1, 0, 0, 0),
(105581, 6562, 0.0226025, 0, 1, 1, 0, 0, 0),
(105581, 6564, 0.0498021, 0, 1, 1, 0, 0, 0),
(105581, 6565, 0.0218363, 0, 1, 1, 0, 0, 0),
(105581, 6566, 0.0260503, 0, 1, 1, 0, 0, 0),
(105581, 6567, 0.0107266, 0, 1, 1, 0, 0, 0),
(105581, 6568, 0.0222194, 0, 1, 1, 0, 0, 0),
(105581, 6569, 0.0111097, 0, 1, 1, 0, 0, 0),
(105581, 6570, 0.0249011, 0, 1, 1, 0, 0, 0),
(105581, 6571, 0.0145575, 0, 1, 1, 0, 0, 0),
(105581, 6572, 0.0168561, 0, 1, 1, 0, 0, 0),
(105581, 6573, 0.0176223, 0, 1, 1, 0, 0, 0),
(105581, 6574, 0.0214532, 0, 1, 1, 0, 0, 0),
(105581, 6576, 0.0137914, 0, 1, 1, 0, 0, 0),
(105581, 6577, 0.0214532, 0, 1, 1, 0, 0, 0),
(105581, 6578, 0.0226025, 0, 1, 1, 0, 0, 0),
(105581, 6579, 0.0264334, 0, 1, 1, 0, 0, 0),
(105581, 6580, 0.0183885, 0, 1, 1, 0, 0, 0),
(105581, 6581, 0.0137914, 0, 1, 1, 0, 0, 0),
(105581, 6582, 0.0210701, 0, 1, 1, 0, 0, 0),
(105581, 6583, 0.0168561, 0, 1, 1, 0, 0, 0),
(105581, 6584, 0.0168561, 0, 1, 1, 0, 0, 0),
(105581, 6586, 0.0237518, 0, 1, 1, 0, 0, 0),
(105581, 6587, 0.016473, 0, 1, 1, 0, 0, 0),
(105581, 6588, 0.0168561, 0, 1, 1, 0, 0, 0),
(105581, 6590, 0.02, 0, 1, 1, 0, 0, 0),
(105581, 6591, 0.0126421, 0, 1, 1, 0, 0, 0),
(105581, 6592, 0.02, 0, 1, 1, 0, 0, 0),
(105581, 6593, 0.02, 0, 1, 1, 0, 0, 0),
(105581, 6594, 0.0130252, 0, 1, 1, 0, 0, 0),
(105581, 6595, 0.02, 0, 1, 1, 0, 0, 0),
(105581, 6596, 0.0137914, 0, 1, 1, 0, 0, 0),
(105581, 6597, 0.0130252, 0, 1, 1, 0, 0, 0),
(105581, 6598, 0.0107266, 0, 1, 1, 0, 0, 0),
(105581, 6599, 0.02, 0, 1, 1, 0, 0, 0),
(105581, 6600, 0.0103435, 0, 1, 1, 0, 0, 0),
(105581, 6601, 0.0114928, 0, 1, 1, 0, 0, 0),
(105581, 6602, 0.0126421, 0, 1, 1, 0, 0, 0),
(105581, 6603, 0.0118759, 0, 1, 1, 0, 0, 0),
(105581, 6604, 0.016473, 0, 1, 1, 0, 0, 0),
(105581, 6605, 0.0111097, 0, 1, 1, 0, 0, 0),
(105581, 6607, 0.0103435, 0, 1, 1, 0, 0, 0),
(105581, 6608, 0.02, 0, 1, 1, 0, 0, 0),
(105581, 6609, 0.02, 0, 1, 1, 0, 0, 0),
(105581, 6610, 0.02, 0, 1, 1, 0, 0, 0),
(105581, 6611, 0.0134083, 0, 1, 1, 0, 0, 0),
(105581, 6612, 0.012259, 0, 1, 1, 0, 0, 0),
(105581, 6613, 0.0145575, 0, 1, 1, 0, 0, 0),
(105581, 6614, 0.0157068, 0, 1, 1, 0, 0, 0),
(105581, 6615, 0.0160899, 0, 1, 1, 0, 0, 0),
(105581, 6616, 0.02, 0, 1, 1, 0, 0, 0),
(105581, 6617, 0.0149406, 0, 1, 1, 0, 0, 0),
(105581, 6660, 0.02, 0, 1, 1, 0, 0, 0),
(105581, 6716, 0.02, 0, 1, 1, 0, 0, 0),
(105581, 7084, 0.0191547, 0, 1, 1, 0, 0, 0),
(105581, 7085, 0.0203039, 0, 1, 1, 0, 0, 0),
(105581, 7086, 0.016473, 0, 1, 1, 0, 0, 0),
(105581, 7090, 0.016473, 0, 1, 1, 0, 0, 0),
(105581, 7091, 0.0145575, 0, 1, 1, 0, 0, 0),
(105581, 7092, 0.0157068, 0, 1, 1, 0, 0, 0),
(105581, 7110, 0.02, 0, 1, 1, 0, 0, 0),
(105581, 7111, 0.02, 0, 1, 1, 0, 0, 0),
(105581, 7112, 0.02, 0, 1, 1, 0, 0, 0),
(105581, 7113, 0.02, 0, 1, 1, 0, 0, 0),
(105581, 7330, 0.02, 0, 1, 1, 0, 0, 0),
(105581, 7331, 0.02, 0, 1, 1, 0, 0, 0),
(105581, 7332, 0.02, 0, 1, 1, 0, 0, 0),
(105581, 7353, 0.02, 0, 1, 1, 0, 0, 0),
(105581, 7354, 0.02, 0, 1, 1, 0, 0, 0),
(105581, 7355, 0.02, 0, 1, 1, 0, 0, 0),
(105581, 7356, 0.0145575, 0, 1, 1, 0, 0, 0),
(105581, 7357, 0.02, 0, 1, 1, 0, 0, 0),
(105581, 7360, 0.0160899, 0, 1, 1, 0, 0, 0),
(105581, 7363, 0.0130252, 0, 1, 1, 0, 0, 0),
(105581, 7364, 0.0137914, 0, 1, 1, 0, 0, 0),
(105581, 7366, 0.02, 0, 1, 1, 0, 0, 0),
(105581, 7367, 0.02, 0, 1, 1, 0, 0, 0),
(105581, 7368, 0.02, 0, 1, 1, 0, 0, 0),
(105581, 7369, 0.02, 0, 1, 1, 0, 0, 0),
(105581, 7370, 0.02, 0, 1, 1, 0, 0, 0),
(105581, 7406, 0.02, 0, 1, 1, 0, 0, 0),
(105581, 7407, 0.02, 0, 1, 1, 0, 0, 0),
(105581, 7408, 0.02, 0, 1, 1, 0, 0, 0),
(105581, 7409, 0.02, 0, 1, 1, 0, 0, 0),
(105581, 7410, 0.02, 0, 1, 1, 0, 0, 0),
(105581, 7411, 0.02, 0, 1, 1, 0, 0, 0),
(105581, 7412, 0.02, 0, 1, 1, 0, 0, 0),
(105581, 7413, 0.02, 0, 1, 1, 0, 0, 0),
(105581, 7414, 0.02, 0, 1, 1, 0, 0, 0),
(105581, 7415, 0.02, 0, 1, 1, 0, 0, 0),
(105581, 7416, 0.02, 0, 1, 1, 0, 0, 0),
(105581, 7417, 0.02, 0, 1, 1, 0, 0, 0),
(105581, 7418, 0.02, 0, 1, 1, 0, 0, 0),
(105581, 7419, 0.02, 0, 1, 1, 0, 0, 0),
(105581, 7420, 0.02, 0, 1, 1, 0, 0, 0),
(105581, 7421, 0.02, 0, 1, 1, 0, 0, 0),
(105581, 7422, 0.02, 0, 1, 1, 0, 0, 0),
(105581, 7423, 0.02, 0, 1, 1, 0, 0, 0),
(105581, 7424, 0.02, 0, 1, 1, 0, 0, 0),
(105581, 7429, 0.02, 0, 1, 1, 0, 0, 0),
(105581, 7430, 0.02, 0, 1, 1, 0, 0, 0),
(105581, 7431, 0.02, 0, 1, 1, 0, 0, 0),
(105581, 7432, 0.02, 0, 1, 1, 0, 0, 0),
(105581, 7433, 0.0134083, 0, 1, 1, 0, 0, 0),
(105581, 7434, 0.0118759, 0, 1, 1, 0, 0, 0),
(105581, 7435, 0.02, 0, 1, 1, 0, 0, 0),
(105581, 7436, 0.02, 0, 1, 1, 0, 0, 0),
(105581, 7437, 0.02, 0, 1, 1, 0, 0, 0),
(105581, 7438, 0.02, 0, 1, 1, 0, 0, 0),
(105581, 7439, 0.02, 0, 1, 1, 0, 0, 0),
(105581, 7440, 0.02, 0, 1, 1, 0, 0, 0),
(105581, 7441, 0.02, 0, 1, 1, 0, 0, 0),
(105581, 7443, 0.0114928, 0, 1, 1, 0, 0, 0),
(105581, 7444, 0.02, 0, 1, 1, 0, 0, 0),
(105581, 7445, 0.0107266, 0, 1, 1, 0, 0, 0),
(105581, 7446, 0.02, 0, 1, 1, 0, 0, 0),
(105581, 7447, 0.02, 0, 1, 1, 0, 0, 0),
(105581, 7448, 0.02, 0, 1, 1, 0, 0, 0),
(105581, 7449, 0.016473, 0, 1, 1, 0, 0, 0),
(105581, 7450, 0.0153237, 0, 1, 1, 0, 0, 0),
(105581, 7452, 0.02, 0, 1, 1, 0, 0, 0),
(105581, 7453, 0.0153237, 0, 1, 1, 0, 0, 0),
(105581, 7454, 0.02, 0, 1, 1, 0, 0, 0),
(105581, 7455, 0.02, 0, 1, 1, 0, 0, 0),
(105581, 7456, 0.02, 0, 1, 1, 0, 0, 0),
(105581, 7457, 0.0103435, 0, 1, 1, 0, 0, 0),
(105581, 7458, 0.0118759, 0, 1, 1, 0, 0, 0),
(105581, 7459, 0.02, 0, 1, 1, 0, 0, 0),
(105581, 7460, 0.02, 0, 1, 1, 0, 0, 0),
(105581, 7461, 0.02, 0, 1, 1, 0, 0, 0),
(105581, 7462, 0.0111097, 0, 1, 1, 0, 0, 0),
(105581, 7463, 0.02, 0, 1, 1, 0, 0, 0),
(105581, 7465, 0.02, 0, 1, 1, 0, 0, 0),
(105581, 7468, 0.02, 0, 1, 1, 0, 0, 0),
(105581, 7469, 0.02, 0, 1, 1, 0, 0, 0),
(105581, 7470, 0.02, 0, 1, 1, 0, 0, 0),
(105581, 7471, 0.02, 0, 1, 1, 0, 0, 0),
(105581, 7472, 0.02, 0, 1, 1, 0, 0, 0),
(105581, 7473, 0.02, 0, 1, 1, 0, 0, 0),
(105581, 7474, 0.02, 0, 1, 1, 0, 0, 0),
(105581, 7475, 0.02, 0, 1, 1, 0, 0, 0),
(105581, 7476, 0.02, 0, 1, 1, 0, 0, 0),
(105581, 7477, 0.02, 0, 1, 1, 0, 0, 0),
(105581, 7478, 0.0111097, 0, 1, 1, 0, 0, 0),
(105581, 7479, 0.0118759, 0, 1, 1, 0, 0, 0),
(105581, 7480, 0.02, 0, 1, 1, 0, 0, 0),
(105581, 7481, 0.02, 0, 1, 1, 0, 0, 0),
(105581, 7482, 0.02, 0, 1, 1, 0, 0, 0),
(105581, 7483, 0.02, 0, 1, 1, 0, 0, 0),
(105581, 7484, 0.02, 0, 1, 1, 0, 0, 0),
(105581, 7485, 0.02, 0, 1, 1, 0, 0, 0),
(105581, 7486, 0.02, 0, 1, 1, 0, 0, 0),
(105581, 7487, 0.02, 0, 1, 1, 0, 0, 0),
(105581, 7488, 0.02, 0, 1, 1, 0, 0, 0),
(105581, 7489, 0.02, 0, 1, 1, 0, 0, 0),
(105581, 7490, 0.02, 0, 1, 1, 0, 0, 0),
(105581, 7491, 0.02, 0, 1, 1, 0, 0, 0),
(105581, 7492, 0.02, 0, 1, 1, 0, 0, 0),
(105581, 7493, 0.02, 0, 1, 1, 0, 0, 0),
(105581, 7494, 0.0107266, 0, 1, 1, 0, 0, 0),
(105581, 7495, 0.02, 0, 1, 1, 0, 0, 0),
(105581, 7496, 0.02, 0, 1, 1, 0, 0, 0),
(105581, 7517, 0.02, 0, 1, 1, 0, 0, 0),
(105581, 7518, 0.02, 0, 1, 1, 0, 0, 0),
(105581, 7519, 0.02, 0, 1, 1, 0, 0, 0),
(105581, 7520, 0.02, 0, 1, 1, 0, 0, 0),
(105581, 7521, 0.02, 0, 1, 1, 0, 0, 0),
(105581, 7522, 0.012259, 0, 1, 1, 0, 0, 0),
(105581, 7523, 0.02, 0, 1, 1, 0, 0, 0),
(105581, 7524, 0.0145575, 0, 1, 1, 0, 0, 0),
(105581, 7525, 0.02, 0, 1, 1, 0, 0, 0),
(105581, 7526, 0.02, 0, 1, 1, 0, 0, 0),
(105581, 7527, 0.02, 0, 1, 1, 0, 0, 0),
(105581, 7528, 0.02, 0, 1, 1, 0, 0, 0),
(105581, 7529, 0.02, 0, 1, 1, 0, 0, 0),
(105581, 7530, 0.02, 0, 1, 1, 0, 0, 0),
(105581, 7531, 0.02, 0, 1, 1, 0, 0, 0),
(105581, 7532, 0.02, 0, 1, 1, 0, 0, 0),
(105581, 7533, 0.0118759, 0, 1, 1, 0, 0, 0),
(105581, 7534, 0.0103435, 0, 1, 1, 0, 0, 0),
(105581, 7535, 0.02, 0, 1, 1, 0, 0, 0),
(105581, 7536, 0.02, 0, 1, 1, 0, 0, 0),
(105581, 7537, 0.02, 0, 1, 1, 0, 0, 0),
(105581, 7538, 0.02, 0, 1, 1, 0, 0, 0),
(105581, 7539, 0.02, 0, 1, 1, 0, 0, 0),
(105581, 7540, 0.02, 0, 1, 1, 0, 0, 0),
(105581, 7541, 0.02, 0, 1, 1, 0, 0, 0),
(105581, 7542, 0.02, 0, 1, 1, 0, 0, 0),
(105581, 7543, 0.02, 0, 1, 1, 0, 0, 0),
(105581, 7544, 0.02, 0, 1, 1, 0, 0, 0),
(105581, 7545, 0.02, 0, 1, 1, 0, 0, 0),
(105581, 7546, 0.02, 0, 1, 1, 0, 0, 0),
(105581, 7552, 0.0118759, 0, 1, 1, 0, 0, 0),
(105581, 7553, 0.02, 0, 1, 1, 0, 0, 0),
(105581, 7554, 0.02, 0, 1, 1, 0, 0, 0),
(105581, 7555, 0.02, 0, 1, 1, 0, 0, 0),
(105581, 7556, 0.02, 0, 1, 1, 0, 0, 0),
(105581, 7557, 0.02, 0, 1, 1, 0, 0, 0),
(105581, 7558, 0.02, 0, 1, 1, 0, 0, 0),
(105581, 7608, 0.02, 0, 1, 1, 0, 0, 0),
(105581, 7609, 0.02, 0, 1, 1, 0, 0, 0),
(105581, 7610, 0.02, 0, 1, 1, 0, 0, 0),
(105581, 7611, 0.02, 0, 1, 1, 0, 0, 0),
(105581, 7734, 0.02, 0, 1, 1, 0, 0, 0),
(105581, 7909, 1.05849, 0, 1, 1, 0, 0, 0),
(105581, 7910, 0.977271, 0, 1, 1, 0, 0, 0),
(105581, 7911, 0.362023, 0, 1, 1, 0, 0, 0),
(105581, 7912, 1.91087, 0, 1, 1, 0, 0, 0),
(105581, 7971, 0.172392, 0, 1, 1, 0, 0, 0),
(105581, 7975, 0.0183885, 0, 1, 1, 0, 0, 0),
(105581, 7976, 0.02, 0, 1, 1, 0, 0, 0),
(105581, 7989, 0.0107266, 0, 1, 1, 0, 0, 0),
(105581, 7990, 0.0118759, 0, 1, 1, 0, 0, 0),
(105581, 7991, 0.0137914, 0, 1, 1, 0, 0, 0),
(105581, 7992, 0.0249011, 0, 1, 1, 0, 0, 0),
(105581, 7993, 0.02, 0, 1, 1, 0, 0, 0),
(105581, 8006, 0.02, 0, 1, 1, 0, 0, 0),
(105581, 8028, 0.0111097, 0, 1, 1, 0, 0, 0),
(105581, 8029, 0.0241349, 0, 1, 1, 0, 0, 0),
(105581, 8080, 0.0666582, 0, 1, 1, 0, 0, 0),
(105581, 8081, 0.0635935, 0, 1, 1, 0, 0, 0),
(105581, 8082, 0.0597626, 0, 1, 1, 0, 0, 0),
(105581, 8083, 0.0731708, 0, 1, 1, 0, 0, 0),
(105581, 8084, 0.0678075, 0, 1, 1, 0, 0, 0),
(105581, 8085, 0.0827482, 0, 1, 1, 0, 0, 0),
(105581, 8086, 0.081982, 0, 1, 1, 0, 0, 0),
(105581, 8106, 0.02, 0, 1, 1, 0, 0, 0),
(105581, 8107, 0.02, 0, 1, 1, 0, 0, 0),
(105581, 8108, 0.02, 0, 1, 1, 0, 0, 0),
(105581, 8109, 0.02, 0, 1, 1, 0, 0, 0),
(105581, 8110, 0.02, 0, 1, 1, 0, 0, 0),
(105581, 8111, 0.02, 0, 1, 1, 0, 0, 0),
(105581, 8112, 0.02, 0, 1, 1, 0, 0, 0),
(105581, 8113, 0.02, 0, 1, 1, 0, 0, 0),
(105581, 8114, 0.02, 0, 1, 1, 0, 0, 0),
(105581, 8115, 0.02, 0, 1, 1, 0, 0, 0),
(105581, 8116, 0.02, 0, 1, 1, 0, 0, 0),
(105581, 8117, 0.02, 0, 1, 1, 0, 0, 0),
(105581, 8118, 0.02, 0, 1, 1, 0, 0, 0),
(105581, 8119, 0.02, 0, 1, 1, 0, 0, 0),
(105581, 8120, 0.02, 0, 1, 1, 0, 0, 0),
(105581, 8121, 0.02, 0, 1, 1, 0, 0, 0),
(105581, 8122, 0.02, 0, 1, 1, 0, 0, 0),
(105581, 8123, 0.02, 0, 1, 1, 0, 0, 0),
(105581, 8124, 0.02, 0, 1, 1, 0, 0, 0),
(105581, 8125, 0.02, 0, 1, 1, 0, 0, 0),
(105581, 8126, 0.02, 0, 1, 1, 0, 0, 0),
(105581, 8127, 0.02, 0, 1, 1, 0, 0, 0),
(105581, 8128, 0.02, 0, 1, 1, 0, 0, 0),
(105581, 8129, 0.02, 0, 1, 1, 0, 0, 0),
(105581, 8130, 0.02, 0, 1, 1, 0, 0, 0),
(105581, 8131, 0.02, 0, 1, 1, 0, 0, 0),
(105581, 8132, 0.02, 0, 1, 1, 0, 0, 0),
(105581, 8133, 0.02, 0, 1, 1, 0, 0, 0),
(105581, 8134, 0.02, 0, 1, 1, 0, 0, 0),
(105581, 8135, 0.02, 0, 1, 1, 0, 0, 0),
(105581, 8137, 0.02, 0, 1, 1, 0, 0, 0),
(105581, 8138, 0.02, 0, 1, 1, 0, 0, 0),
(105581, 8139, 0.02, 0, 1, 1, 0, 0, 0),
(105581, 8140, 0.02, 0, 1, 1, 0, 0, 0),
(105581, 8141, 0.02, 0, 1, 1, 0, 0, 0),
(105581, 8142, 0.02, 0, 1, 1, 0, 0, 0),
(105581, 8143, 0.02, 0, 1, 1, 0, 0, 0),
(105581, 8144, 0.02, 0, 1, 1, 0, 0, 0),
(105581, 8156, 0.02, 0, 1, 1, 0, 0, 0),
(105581, 8157, 0.0141745, 0, 1, 1, 0, 0, 0),
(105581, 8158, 0.02, 0, 1, 1, 0, 0, 0),
(105581, 8159, 0.02, 0, 1, 1, 0, 0, 0),
(105581, 8160, 0.02, 0, 1, 1, 0, 0, 0),
(105581, 8161, 0.02, 0, 1, 1, 0, 0, 0),
(105581, 8162, 0.02, 0, 1, 1, 0, 0, 0),
(105581, 8163, 0.02, 0, 1, 1, 0, 0, 0),
(105581, 8169, 2.09246, 0, 1, 1, 0, 0, 0),
(105581, 8183, 0.0241349, 0, 1, 1, 0, 0, 0),
(105581, 8184, 0.0275827, 0, 1, 1, 0, 0, 0),
(105581, 8186, 0.0183885, 0, 1, 1, 0, 0, 0),
(105581, 8188, 0.0191547, 0, 1, 1, 0, 0, 0),
(105581, 8190, 0.02, 0, 1, 1, 0, 0, 0),
(105581, 8194, 0.0214532, 0, 1, 1, 0, 0, 0),
(105581, 8196, 0.0241349, 0, 1, 1, 0, 0, 0),
(105581, 8199, 0.02, 0, 1, 1, 0, 0, 0),
(105581, 8246, 0.02, 0, 1, 1, 0, 0, 0),
(105581, 8247, 0.0126421, 0, 1, 1, 0, 0, 0),
(105581, 8248, 0.02, 0, 1, 1, 0, 0, 0),
(105581, 8249, 0.02, 0, 1, 1, 0, 0, 0),
(105581, 8250, 0.02, 0, 1, 1, 0, 0, 0),
(105581, 8251, 0.0107266, 0, 1, 1, 0, 0, 0),
(105581, 8252, 0.02, 0, 1, 1, 0, 0, 0),
(105581, 8253, 0.02, 0, 1, 1, 0, 0, 0),
(105581, 8254, 0.02, 0, 1, 1, 0, 0, 0),
(105581, 8255, 0.02, 0, 1, 1, 0, 0, 0),
(105581, 8256, 0.02, 0, 1, 1, 0, 0, 0),
(105581, 8257, 0.02, 0, 1, 1, 0, 0, 0),
(105581, 8258, 0.02, 0, 1, 1, 0, 0, 0),
(105581, 8259, 0.02, 0, 1, 1, 0, 0, 0),
(105581, 8260, 0.02, 0, 1, 1, 0, 0, 0),
(105581, 8261, 0.02, 0, 1, 1, 0, 0, 0),
(105581, 8262, 0.02, 0, 1, 1, 0, 0, 0),
(105581, 8263, 0.02, 0, 1, 1, 0, 0, 0),
(105581, 8264, 0.02, 0, 1, 1, 0, 0, 0),
(105581, 8265, 0.02, 0, 1, 1, 0, 0, 0),
(105581, 8266, 0.02, 0, 1, 1, 0, 0, 0),
(105581, 8267, 0.02, 0, 1, 1, 0, 0, 0),
(105581, 8268, 0.02, 0, 1, 1, 0, 0, 0),
(105581, 8269, 0.02, 0, 1, 1, 0, 0, 0),
(105581, 8270, 0.02, 0, 1, 1, 0, 0, 0),
(105581, 8271, 0.02, 0, 1, 1, 0, 0, 0),
(105581, 8272, 0.02, 0, 1, 1, 0, 0, 0),
(105581, 8273, 0.02, 0, 1, 1, 0, 0, 0),
(105581, 8274, 0.02, 0, 1, 1, 0, 0, 0),
(105581, 8275, 0.02, 0, 1, 1, 0, 0, 0),
(105581, 8276, 0.02, 0, 1, 1, 0, 0, 0),
(105581, 8277, 0.02, 0, 1, 1, 0, 0, 0),
(105581, 8278, 0.02, 0, 1, 1, 0, 0, 0),
(105581, 8279, 0.02, 0, 1, 1, 0, 0, 0),
(105581, 8280, 0.02, 0, 1, 1, 0, 0, 0),
(105581, 8281, 0.02, 0, 1, 1, 0, 0, 0),
(105581, 8282, 0.02, 0, 1, 1, 0, 0, 0),
(105581, 8284, 0.0134083, 0, 1, 1, 0, 0, 0),
(105581, 8285, 0.02, 0, 1, 1, 0, 0, 0),
(105581, 8286, 0.02, 0, 1, 1, 0, 0, 0),
(105581, 8287, 0.02, 0, 1, 1, 0, 0, 0),
(105581, 8288, 0.02, 0, 1, 1, 0, 0, 0),
(105581, 8289, 0.02, 0, 1, 1, 0, 0, 0),
(105581, 8291, 0.02, 0, 1, 1, 0, 0, 0),
(105581, 8292, 0.02, 0, 1, 1, 0, 0, 0),
(105581, 8293, 0.02, 0, 1, 1, 0, 0, 0),
(105581, 8294, 0.02, 0, 1, 1, 0, 0, 0),
(105581, 8295, 0.02, 0, 1, 1, 0, 0, 0),
(105581, 8297, 0.0103435, 0, 1, 1, 0, 0, 0),
(105581, 8298, 0.02, 0, 1, 1, 0, 0, 0),
(105581, 8299, 0.02, 0, 1, 1, 0, 0, 0),
(105581, 8300, 0.02, 0, 1, 1, 0, 0, 0),
(105581, 8301, 0.02, 0, 1, 1, 0, 0, 0),
(105581, 8302, 0.02, 0, 1, 1, 0, 0, 0),
(105581, 8304, 0.02, 0, 1, 1, 0, 0, 0),
(105581, 8305, 0.02, 0, 1, 1, 0, 0, 0),
(105581, 8306, 0.02, 0, 1, 1, 0, 0, 0),
(105581, 8307, 0.02, 0, 1, 1, 0, 0, 0),
(105581, 8308, 0.02, 0, 1, 1, 0, 0, 0),
(105581, 8310, 0.02, 0, 1, 1, 0, 0, 0),
(105581, 8311, 0.02, 0, 1, 1, 0, 0, 0),
(105581, 8312, 0.02, 0, 1, 1, 0, 0, 0),
(105581, 8314, 0.02, 0, 1, 1, 0, 0, 0),
(105581, 8315, 0.02, 0, 1, 1, 0, 0, 0),
(105581, 8316, 0.02, 0, 1, 1, 0, 0, 0),
(105581, 8317, 0.02, 0, 1, 1, 0, 0, 0),
(105581, 8318, 0.02, 0, 1, 1, 0, 0, 0),
(105581, 8319, 0.02, 0, 1, 1, 0, 0, 0),
(105581, 8320, 0.02, 0, 1, 1, 0, 0, 0),
(105581, 8385, 0.0218363, 0, 1, 1, 0, 0, 0),
(105581, 8386, 0.0176223, 0, 1, 1, 0, 0, 0),
(105581, 8387, 0.0187716, 0, 1, 1, 0, 0, 0),
(105581, 8389, 0.0137914, 0, 1, 1, 0, 0, 0),
(105581, 8390, 0.02, 0, 1, 1, 0, 0, 0),
(105581, 8746, 0.213766, 0, 1, 1, 0, 0, 0),
(105581, 8747, 0.178905, 0, 1, 1, 0, 0, 0),
(105581, 8748, 0.142128, 0, 1, 1, 0, 0, 0),
(105581, 8749, 0.215682, 0, 1, 1, 0, 0, 0),
(105581, 8750, 0.18082, 0, 1, 1, 0, 0, 0),
(105581, 8751, 0.134849, 0, 1, 1, 0, 0, 0),
(105581, 8752, 0.0973057, 0, 1, 1, 0, 0, 0),
(105581, 8753, 0.130635, 0, 1, 1, 0, 0, 0),
(105581, 8754, 0.127953, 0, 1, 1, 0, 0, 0),
(105581, 8755, 0.0674244, 0, 1, 1, 0, 0, 0),
(105581, 8766, 10.057, 0, 1, 1, 0, 0, 0),
(105581, 8831, 1.5454, 0, 1, 1, 0, 0, 0),
(105581, 8838, 0.897971, 0, 1, 1, 0, 0, 0),
(105581, 8839, 0.918275, 0, 1, 1, 0, 0, 0),
(105581, 8932, 4.44886, 0, 1, 1, 0, 0, 0),
(105581, 8948, 4.39561, 0, 1, 1, 0, 0, 0),
(105581, 8950, 4.17725, 0, 1, 1, 0, 0, 0),
(105581, 8952, 4.35002, 0, 1, 1, 0, 0, 0),
(105581, 8953, 4.02554, 0, 1, 1, 0, 0, 0),
(105581, 9285, 0.02, 0, 1, 1, 0, 0, 0),
(105581, 9286, 0.02, 0, 1, 1, 0, 0, 0),
(105581, 9287, 0.0114928, 0, 1, 1, 0, 0, 0),
(105581, 9288, 0.02, 0, 1, 1, 0, 0, 0),
(105581, 9289, 0.02, 0, 1, 1, 0, 0, 0),
(105581, 9290, 0.02, 0, 1, 1, 0, 0, 0),
(105581, 9291, 0.02, 0, 1, 1, 0, 0, 0),
(105581, 9292, 0.02, 0, 1, 1, 0, 0, 0),
(105581, 9293, 0.0191547, 0, 1, 1, 0, 0, 0),
(105581, 9295, 0.02, 0, 1, 1, 0, 0, 0),
(105581, 9297, 0.012259, 0, 1, 1, 0, 0, 0),
(105581, 9298, 0.02, 0, 1, 1, 0, 0, 0),
(105581, 9385, 0.0229856, 0, 1, 1, 0, 0, 0),
(105581, 9395, 0.02, 0, 1, 1, 0, 0, 0),
(105581, 9402, 0.02, 0, 1, 1, 0, 0, 0),
(105581, 9405, 0.02, 0, 1, 1, 0, 0, 0),
(105581, 9433, 0.02, 0, 1, 1, 0, 0, 0),
(105581, 9434, 0.02, 0, 1, 1, 0, 0, 0),
(105581, 9435, 0.02, 0, 1, 1, 0, 0, 0),
(105581, 9719, 0.02, 0, 1, 1, 0, 0, 0),
(105581, 9778, 0.02, 0, 1, 1, 0, 0, 0),
(105581, 9781, 0.0226025, 0, 1, 1, 0, 0, 0),
(105581, 9782, 0.0237518, 0, 1, 1, 0, 0, 0),
(105581, 9790, 0.02, 0, 1, 1, 0, 0, 0),
(105581, 9791, 0.02, 0, 1, 1, 0, 0, 0),
(105581, 9792, 0.0463543, 0, 1, 1, 0, 0, 0),
(105581, 9793, 0.0218363, 0, 1, 1, 0, 0, 0),
(105581, 9794, 0.0210701, 0, 1, 1, 0, 0, 0),
(105581, 9795, 0.0111097, 0, 1, 1, 0, 0, 0),
(105581, 9796, 0.0157068, 0, 1, 1, 0, 0, 0),
(105581, 9797, 0.0118759, 0, 1, 1, 0, 0, 0),
(105581, 9798, 0.02, 0, 1, 1, 0, 0, 0),
(105581, 9799, 0.0103435, 0, 1, 1, 0, 0, 0),
(105581, 9800, 0.02, 0, 1, 1, 0, 0, 0),
(105581, 9801, 0.0149406, 0, 1, 1, 0, 0, 0),
(105581, 9802, 0.0118759, 0, 1, 1, 0, 0, 0),
(105581, 9803, 0.02, 0, 1, 1, 0, 0, 0),
(105581, 9804, 0.0111097, 0, 1, 1, 0, 0, 0),
(105581, 9805, 0.0183885, 0, 1, 1, 0, 0, 0),
(105581, 9806, 0.016473, 0, 1, 1, 0, 0, 0),
(105581, 9807, 0.012259, 0, 1, 1, 0, 0, 0),
(105581, 9808, 0.02, 0, 1, 1, 0, 0, 0),
(105581, 9809, 0.0111097, 0, 1, 1, 0, 0, 0),
(105581, 9810, 0.0214532, 0, 1, 1, 0, 0, 0),
(105581, 9811, 0.0141745, 0, 1, 1, 0, 0, 0),
(105581, 9812, 0.0229856, 0, 1, 1, 0, 0, 0),
(105581, 9813, 0.0153237, 0, 1, 1, 0, 0, 0),
(105581, 9814, 0.0153237, 0, 1, 1, 0, 0, 0),
(105581, 9815, 0.0149406, 0, 1, 1, 0, 0, 0),
(105581, 9816, 0.02, 0, 1, 1, 0, 0, 0),
(105581, 9817, 0.012259, 0, 1, 1, 0, 0, 0),
(105581, 9818, 0.0160899, 0, 1, 1, 0, 0, 0),
(105581, 9819, 0.02, 0, 1, 1, 0, 0, 0),
(105581, 9820, 0.02, 0, 1, 1, 0, 0, 0),
(105581, 9821, 0.0141745, 0, 1, 1, 0, 0, 0),
(105581, 9822, 0.0134083, 0, 1, 1, 0, 0, 0),
(105581, 9823, 0.02, 0, 1, 1, 0, 0, 0),
(105581, 9824, 0.02, 0, 1, 1, 0, 0, 0),
(105581, 9825, 0.02, 0, 1, 1, 0, 0, 0),
(105581, 9826, 0.02, 0, 1, 1, 0, 0, 0),
(105581, 9827, 0.0153237, 0, 1, 1, 0, 0, 0),
(105581, 9828, 0.02, 0, 1, 1, 0, 0, 0),
(105581, 9829, 0.012259, 0, 1, 1, 0, 0, 0),
(105581, 9830, 0.02, 0, 1, 1, 0, 0, 0),
(105581, 9831, 0.02, 0, 1, 1, 0, 0, 0),
(105581, 9832, 0.02, 0, 1, 1, 0, 0, 0),
(105581, 9833, 0.02, 0, 1, 1, 0, 0, 0),
(105581, 9834, 0.02, 0, 1, 1, 0, 0, 0),
(105581, 9835, 0.02, 0, 1, 1, 0, 0, 0),
(105581, 9836, 0.02, 0, 1, 1, 0, 0, 0),
(105581, 9837, 0.02, 0, 1, 1, 0, 0, 0),
(105581, 9838, 0.02, 0, 1, 1, 0, 0, 0),
(105581, 9839, 0.02, 0, 1, 1, 0, 0, 0),
(105581, 9840, 0.02, 0, 1, 1, 0, 0, 0),
(105581, 9841, 0.02, 0, 1, 1, 0, 0, 0),
(105581, 9842, 0.02, 0, 1, 1, 0, 0, 0),
(105581, 9843, 0.02, 0, 1, 1, 0, 0, 0),
(105581, 9844, 0.02, 0, 1, 1, 0, 0, 0),
(105581, 9845, 0.02, 0, 1, 1, 0, 0, 0),
(105581, 9846, 0.02, 0, 1, 1, 0, 0, 0),
(105581, 9847, 0.02, 0, 1, 1, 0, 0, 0),
(105581, 9848, 0.02, 0, 1, 1, 0, 0, 0),
(105581, 9849, 0.02, 0, 1, 1, 0, 0, 0),
(105581, 9850, 0.02, 0, 1, 1, 0, 0, 0),
(105581, 9851, 0.02, 0, 1, 1, 0, 0, 0),
(105581, 9852, 0.02, 0, 1, 1, 0, 0, 0),
(105581, 9853, 0.02, 0, 1, 1, 0, 0, 0),
(105581, 9854, 0.02, 0, 1, 1, 0, 0, 0),
(105581, 9855, 0.02, 0, 1, 1, 0, 0, 0),
(105581, 9856, 0.02, 0, 1, 1, 0, 0, 0),
(105581, 9857, 0.02, 0, 1, 1, 0, 0, 0),
(105581, 9858, 0.02, 0, 1, 1, 0, 0, 0),
(105581, 9859, 0.0118759, 0, 1, 1, 0, 0, 0),
(105581, 9860, 0.02, 0, 1, 1, 0, 0, 0),
(105581, 9861, 0.02, 0, 1, 1, 0, 0, 0),
(105581, 9862, 0.02, 0, 1, 1, 0, 0, 0),
(105581, 9863, 0.02, 0, 1, 1, 0, 0, 0),
(105581, 9864, 0.02, 0, 1, 1, 0, 0, 0),
(105581, 9865, 0.02, 0, 1, 1, 0, 0, 0),
(105581, 9866, 0.02, 0, 1, 1, 0, 0, 0),
(105581, 9867, 0.02, 0, 1, 1, 0, 0, 0),
(105581, 9868, 0.02, 0, 1, 1, 0, 0, 0),
(105581, 9869, 0.02, 0, 1, 1, 0, 0, 0),
(105581, 9870, 0.02, 0, 1, 1, 0, 0, 0),
(105581, 9871, 0.02, 0, 1, 1, 0, 0, 0),
(105581, 9872, 0.02, 0, 1, 1, 0, 0, 0),
(105581, 9873, 0.02, 0, 1, 1, 0, 0, 0),
(105581, 9874, 0.02, 0, 1, 1, 0, 0, 0),
(105581, 9875, 0.02, 0, 1, 1, 0, 0, 0),
(105581, 9876, 0.02, 0, 1, 1, 0, 0, 0),
(105581, 9877, 0.02, 0, 1, 1, 0, 0, 0),
(105581, 9878, 0.0126421, 0, 1, 1, 0, 0, 0),
(105581, 9879, 0.02, 0, 1, 1, 0, 0, 0),
(105581, 9880, 0.02, 0, 1, 1, 0, 0, 0),
(105581, 9881, 0.0103435, 0, 1, 1, 0, 0, 0),
(105581, 9882, 0.02, 0, 1, 1, 0, 0, 0),
(105581, 9883, 0.0103435, 0, 1, 1, 0, 0, 0),
(105581, 9884, 0.02, 0, 1, 1, 0, 0, 0),
(105581, 9885, 0.02, 0, 1, 1, 0, 0, 0),
(105581, 9886, 0.02, 0, 1, 1, 0, 0, 0),
(105581, 9887, 0.02, 0, 1, 1, 0, 0, 0),
(105581, 9889, 0.0103435, 0, 1, 1, 0, 0, 0),
(105581, 9890, 0.02, 0, 1, 1, 0, 0, 0),
(105581, 9891, 0.02, 0, 1, 1, 0, 0, 0),
(105581, 9892, 0.02, 0, 1, 1, 0, 0, 0),
(105581, 9893, 0.0103435, 0, 1, 1, 0, 0, 0),
(105581, 9894, 0.02, 0, 1, 1, 0, 0, 0),
(105581, 9895, 0.02, 0, 1, 1, 0, 0, 0),
(105581, 9896, 0.02, 0, 1, 1, 0, 0, 0),
(105581, 9897, 0.0111097, 0, 1, 1, 0, 0, 0),
(105581, 9898, 0.02, 0, 1, 1, 0, 0, 0),
(105581, 9899, 0.02, 0, 1, 1, 0, 0, 0),
(105581, 9900, 0.02, 0, 1, 1, 0, 0, 0),
(105581, 9901, 0.02, 0, 1, 1, 0, 0, 0),
(105581, 9902, 0.02, 0, 1, 1, 0, 0, 0),
(105581, 9903, 0.02, 0, 1, 1, 0, 0, 0),
(105581, 9904, 0.02, 0, 1, 1, 0, 0, 0),
(105581, 9905, 0.02, 0, 1, 1, 0, 0, 0),
(105581, 9906, 0.0114928, 0, 1, 1, 0, 0, 0),
(105581, 9907, 0.016473, 0, 1, 1, 0, 0, 0),
(105581, 9908, 0.02, 0, 1, 1, 0, 0, 0),
(105581, 9909, 0.02, 0, 1, 1, 0, 0, 0),
(105581, 9910, 0.0103435, 0, 1, 1, 0, 0, 0),
(105581, 9911, 0.02, 0, 1, 1, 0, 0, 0),
(105581, 9912, 0.02, 0, 1, 1, 0, 0, 0),
(105581, 9913, 0.02, 0, 1, 1, 0, 0, 0),
(105581, 9914, 0.02, 0, 1, 1, 0, 0, 0),
(105581, 9915, 0.02, 0, 1, 1, 0, 0, 0),
(105581, 9916, 0.0137914, 0, 1, 1, 0, 0, 0),
(105581, 9917, 0.02, 0, 1, 1, 0, 0, 0),
(105581, 9918, 0.02, 0, 1, 1, 0, 0, 0),
(105581, 9919, 0.02, 0, 1, 1, 0, 0, 0),
(105581, 9920, 0.0103435, 0, 1, 1, 0, 0, 0),
(105581, 9921, 0.02, 0, 1, 1, 0, 0, 0),
(105581, 9922, 0.02, 0, 1, 1, 0, 0, 0),
(105581, 9923, 0.0103435, 0, 1, 1, 0, 0, 0),
(105581, 9924, 0.02, 0, 1, 1, 0, 0, 0),
(105581, 9925, 0.02, 0, 1, 1, 0, 0, 0),
(105581, 9926, 0.02, 0, 1, 1, 0, 0, 0),
(105581, 9927, 0.02, 0, 1, 1, 0, 0, 0),
(105581, 9928, 0.02, 0, 1, 1, 0, 0, 0),
(105581, 9929, 0.02, 0, 1, 1, 0, 0, 0),
(105581, 9930, 0.012259, 0, 1, 1, 0, 0, 0),
(105581, 9931, 0.012259, 0, 1, 1, 0, 0, 0),
(105581, 9932, 0.02, 0, 1, 1, 0, 0, 0),
(105581, 9933, 0.0114928, 0, 1, 1, 0, 0, 0),
(105581, 9934, 0.02, 0, 1, 1, 0, 0, 0),
(105581, 9935, 0.02, 0, 1, 1, 0, 0, 0),
(105581, 9936, 0.02, 0, 1, 1, 0, 0, 0),
(105581, 9937, 0.02, 0, 1, 1, 0, 0, 0),
(105581, 9938, 0.02, 0, 1, 1, 0, 0, 0),
(105581, 9939, 0.02, 0, 1, 1, 0, 0, 0),
(105581, 9940, 0.02, 0, 1, 1, 0, 0, 0),
(105581, 9941, 0.02, 0, 1, 1, 0, 0, 0),
(105581, 9942, 0.02, 0, 1, 1, 0, 0, 0),
(105581, 9943, 0.02, 0, 1, 1, 0, 0, 0),
(105581, 9944, 0.02, 0, 1, 1, 0, 0, 0),
(105581, 9945, 0.02, 0, 1, 1, 0, 0, 0),
(105581, 9946, 0.02, 0, 1, 1, 0, 0, 0),
(105581, 9947, 0.02, 0, 1, 1, 0, 0, 0),
(105581, 9948, 0.02, 0, 1, 1, 0, 0, 0),
(105581, 9949, 0.02, 0, 1, 1, 0, 0, 0),
(105581, 9950, 0.02, 0, 1, 1, 0, 0, 0),
(105581, 9951, 0.02, 0, 1, 1, 0, 0, 0),
(105581, 9952, 0.02, 0, 1, 1, 0, 0, 0),
(105581, 9953, 0.02, 0, 1, 1, 0, 0, 0),
(105581, 9954, 0.02, 0, 1, 1, 0, 0, 0),
(105581, 9955, 0.02, 0, 1, 1, 0, 0, 0),
(105581, 9956, 0.02, 0, 1, 1, 0, 0, 0),
(105581, 9957, 0.02, 0, 1, 1, 0, 0, 0),
(105581, 9958, 0.02, 0, 1, 1, 0, 0, 0),
(105581, 9959, 0.02, 0, 1, 1, 0, 0, 0),
(105581, 9960, 0.02, 0, 1, 1, 0, 0, 0),
(105581, 9961, 0.02, 0, 1, 1, 0, 0, 0),
(105581, 9962, 0.02, 0, 1, 1, 0, 0, 0),
(105581, 9963, 0.02, 0, 1, 1, 0, 0, 0),
(105581, 9964, 0.02, 0, 1, 1, 0, 0, 0),
(105581, 9965, 0.02, 0, 1, 1, 0, 0, 0),
(105581, 9966, 0.02, 0, 1, 1, 0, 0, 0),
(105581, 9967, 0.02, 0, 1, 1, 0, 0, 0),
(105581, 9968, 0.02, 0, 1, 1, 0, 0, 0),
(105581, 9969, 0.02, 0, 1, 1, 0, 0, 0),
(105581, 9970, 0.02, 0, 1, 1, 0, 0, 0),
(105581, 9971, 0.02, 0, 1, 1, 0, 0, 0),
(105581, 9972, 0.02, 0, 1, 1, 0, 0, 0),
(105581, 9973, 0.02, 0, 1, 1, 0, 0, 0),
(105581, 9974, 0.02, 0, 1, 1, 0, 0, 0),
(105581, 10057, 0.02, 0, 1, 1, 0, 0, 0),
(105581, 10058, 0.02, 0, 1, 1, 0, 0, 0),
(105581, 10059, 0.02, 0, 1, 1, 0, 0, 0),
(105581, 10060, 0.02, 0, 1, 1, 0, 0, 0),
(105581, 10061, 0.02, 0, 1, 1, 0, 0, 0),
(105581, 10062, 0.02, 0, 1, 1, 0, 0, 0),
(105581, 10063, 0.02, 0, 1, 1, 0, 0, 0),
(105581, 10064, 0.02, 0, 1, 1, 0, 0, 0),
(105581, 10065, 0.02, 0, 1, 1, 0, 0, 0),
(105581, 10066, 0.02, 0, 1, 1, 0, 0, 0),
(105581, 10067, 0.02, 0, 1, 1, 0, 0, 0),
(105581, 10068, 0.02, 0, 1, 1, 0, 0, 0),
(105581, 10069, 0.02, 0, 1, 1, 0, 0, 0),
(105581, 10070, 0.02, 0, 1, 1, 0, 0, 0),
(105581, 10071, 0.02, 0, 1, 1, 0, 0, 0),
(105581, 10072, 0.02, 0, 1, 1, 0, 0, 0),
(105581, 10073, 0.0103435, 0, 1, 1, 0, 0, 0),
(105581, 10074, 0.02, 0, 1, 1, 0, 0, 0),
(105581, 10075, 0.02, 0, 1, 1, 0, 0, 0),
(105581, 10076, 0.02, 0, 1, 1, 0, 0, 0),
(105581, 10077, 0.02, 0, 1, 1, 0, 0, 0),
(105581, 10078, 0.02, 0, 1, 1, 0, 0, 0),
(105581, 10079, 0.02, 0, 1, 1, 0, 0, 0),
(105581, 10080, 0.02, 0, 1, 1, 0, 0, 0),
(105581, 10081, 0.02, 0, 1, 1, 0, 0, 0),
(105581, 10082, 0.02, 0, 1, 1, 0, 0, 0),
(105581, 10083, 0.02, 0, 1, 1, 0, 0, 0),
(105581, 10084, 0.02, 0, 1, 1, 0, 0, 0),
(105581, 10085, 0.02, 0, 1, 1, 0, 0, 0),
(105581, 10086, 0.02, 0, 1, 1, 0, 0, 0),
(105581, 10087, 0.02, 0, 1, 1, 0, 0, 0),
(105581, 10088, 0.02, 0, 1, 1, 0, 0, 0),
(105581, 10089, 0.02, 0, 1, 1, 0, 0, 0),
(105581, 10090, 0.02, 0, 1, 1, 0, 0, 0),
(105581, 10091, 0.02, 0, 1, 1, 0, 0, 0),
(105581, 10092, 0.02, 0, 1, 1, 0, 0, 0),
(105581, 10093, 0.02, 0, 1, 1, 0, 0, 0),
(105581, 10094, 0.02, 0, 1, 1, 0, 0, 0),
(105581, 10095, 0.02, 0, 1, 1, 0, 0, 0),
(105581, 10096, 0.02, 0, 1, 1, 0, 0, 0),
(105581, 10097, 0.02, 0, 1, 1, 0, 0, 0),
(105581, 10098, 0.02, 0, 1, 1, 0, 0, 0),
(105581, 10099, 0.02, 0, 1, 1, 0, 0, 0),
(105581, 10100, 0.02, 0, 1, 1, 0, 0, 0),
(105581, 10101, 0.02, 0, 1, 1, 0, 0, 0),
(105581, 10102, 0.02, 0, 1, 1, 0, 0, 0),
(105581, 10103, 0.02, 0, 1, 1, 0, 0, 0),
(105581, 10104, 0.02, 0, 1, 1, 0, 0, 0),
(105581, 10105, 0.02, 0, 1, 1, 0, 0, 0),
(105581, 10106, 0.02, 0, 1, 1, 0, 0, 0),
(105581, 10107, 0.02, 0, 1, 1, 0, 0, 0),
(105581, 10108, 0.0103435, 0, 1, 1, 0, 0, 0),
(105581, 10109, 0.02, 0, 1, 1, 0, 0, 0),
(105581, 10110, 0.02, 0, 1, 1, 0, 0, 0),
(105581, 10111, 0.02, 0, 1, 1, 0, 0, 0),
(105581, 10112, 0.02, 0, 1, 1, 0, 0, 0),
(105581, 10113, 0.02, 0, 1, 1, 0, 0, 0),
(105581, 10118, 0.02, 0, 1, 1, 0, 0, 0),
(105581, 10119, 0.02, 0, 1, 1, 0, 0, 0),
(105581, 10120, 0.02, 0, 1, 1, 0, 0, 0),
(105581, 10121, 0.02, 0, 1, 1, 0, 0, 0),
(105581, 10122, 0.02, 0, 1, 1, 0, 0, 0),
(105581, 10123, 0.02, 0, 1, 1, 0, 0, 0),
(105581, 10124, 0.02, 0, 1, 1, 0, 0, 0),
(105581, 10125, 0.02, 0, 1, 1, 0, 0, 0),
(105581, 10126, 0.02, 0, 1, 1, 0, 0, 0),
(105581, 10127, 0.02, 0, 1, 1, 0, 0, 0),
(105581, 10128, 0.02, 0, 1, 1, 0, 0, 0),
(105581, 10129, 0.02, 0, 1, 1, 0, 0, 0),
(105581, 10130, 0.02, 0, 1, 1, 0, 0, 0),
(105581, 10131, 0.02, 0, 1, 1, 0, 0, 0),
(105581, 10132, 0.02, 0, 1, 1, 0, 0, 0),
(105581, 10133, 0.02, 0, 1, 1, 0, 0, 0),
(105581, 10134, 0.02, 0, 1, 1, 0, 0, 0),
(105581, 10136, 0.02, 0, 1, 1, 0, 0, 0),
(105581, 10138, 0.02, 0, 1, 1, 0, 0, 0),
(105581, 10144, 0.02, 0, 1, 1, 0, 0, 0),
(105581, 10145, 0.02, 0, 1, 1, 0, 0, 0),
(105581, 10147, 0.02, 0, 1, 1, 0, 0, 0),
(105581, 10148, 0.0103435, 0, 1, 1, 0, 0, 0),
(105581, 10156, 0.02, 0, 1, 1, 0, 0, 0),
(105581, 10159, 0.02, 0, 1, 1, 0, 0, 0),
(105581, 10164, 0.02, 0, 1, 1, 0, 0, 0),
(105581, 10165, 0.02, 0, 1, 1, 0, 0, 0),
(105581, 10166, 0.02, 0, 1, 1, 0, 0, 0),
(105581, 10167, 0.02, 0, 1, 1, 0, 0, 0),
(105581, 10168, 0.02, 0, 1, 1, 0, 0, 0),
(105581, 10169, 0.02, 0, 1, 1, 0, 0, 0),
(105581, 10170, 0.02, 0, 1, 1, 0, 0, 0),
(105581, 10171, 0.02, 0, 1, 1, 0, 0, 0),
(105581, 10172, 0.02, 0, 1, 1, 0, 0, 0),
(105581, 10173, 0.02, 0, 1, 1, 0, 0, 0),
(105581, 10174, 0.02, 0, 1, 1, 0, 0, 0),
(105581, 10175, 0.02, 0, 1, 1, 0, 0, 0),
(105581, 10176, 0.0103435, 0, 1, 1, 0, 0, 0),
(105581, 10177, 0.02, 0, 1, 1, 0, 0, 0),
(105581, 10178, 0.02, 0, 1, 1, 0, 0, 0),
(105581, 10179, 0.02, 0, 1, 1, 0, 0, 0),
(105581, 10180, 0.02, 0, 1, 1, 0, 0, 0),
(105581, 10181, 0.02, 0, 1, 1, 0, 0, 0),
(105581, 10182, 0.02, 0, 1, 1, 0, 0, 0),
(105581, 10183, 0.02, 0, 1, 1, 0, 0, 0),
(105581, 10184, 0.02, 0, 1, 1, 0, 0, 0),
(105581, 10185, 0.02, 0, 1, 1, 0, 0, 0),
(105581, 10186, 0.02, 0, 1, 1, 0, 0, 0),
(105581, 10187, 0.02, 0, 1, 1, 0, 0, 0),
(105581, 10188, 0.02, 0, 1, 1, 0, 0, 0),
(105581, 10189, 0.02, 0, 1, 1, 0, 0, 0),
(105581, 10190, 0.02, 0, 1, 1, 0, 0, 0),
(105581, 10191, 0.02, 0, 1, 1, 0, 0, 0),
(105581, 10192, 0.02, 0, 1, 1, 0, 0, 0),
(105581, 10193, 0.02, 0, 1, 1, 0, 0, 0),
(105581, 10194, 0.02, 0, 1, 1, 0, 0, 0),
(105581, 10195, 0.02, 0, 1, 1, 0, 0, 0),
(105581, 10196, 0.02, 0, 1, 1, 0, 0, 0),
(105581, 10197, 0.02, 0, 1, 1, 0, 0, 0),
(105581, 10198, 0.02, 0, 1, 1, 0, 0, 0),
(105581, 10199, 0.02, 0, 1, 1, 0, 0, 0),
(105581, 10200, 0.02, 0, 1, 1, 0, 0, 0),
(105581, 10201, 0.02, 0, 1, 1, 0, 0, 0),
(105581, 10202, 0.02, 0, 1, 1, 0, 0, 0),
(105581, 10203, 0.02, 0, 1, 1, 0, 0, 0),
(105581, 10204, 0.02, 0, 1, 1, 0, 0, 0),
(105581, 10205, 0.02, 0, 1, 1, 0, 0, 0),
(105581, 10206, 0.02, 0, 1, 1, 0, 0, 0),
(105581, 10207, 0.02, 0, 1, 1, 0, 0, 0),
(105581, 10208, 0.02, 0, 1, 1, 0, 0, 0),
(105581, 10209, 0.02, 0, 1, 1, 0, 0, 0),
(105581, 10210, 0.02, 0, 1, 1, 0, 0, 0),
(105581, 10211, 0.02, 0, 1, 1, 0, 0, 0),
(105581, 10212, 0.02, 0, 1, 1, 0, 0, 0),
(105581, 10213, 0.02, 0, 1, 1, 0, 0, 0),
(105581, 10214, 0.02, 0, 1, 1, 0, 0, 0),
(105581, 10216, 0.02, 0, 1, 1, 0, 0, 0),
(105581, 10219, 0.02, 0, 1, 1, 0, 0, 0),
(105581, 10221, 0.02, 0, 1, 1, 0, 0, 0),
(105581, 10222, 0.02, 0, 1, 1, 0, 0, 0),
(105581, 10223, 0.02, 0, 1, 1, 0, 0, 0),
(105581, 10224, 0.02, 0, 1, 1, 0, 0, 0),
(105581, 10225, 0.02, 0, 1, 1, 0, 0, 0),
(105581, 10228, 0.02, 0, 1, 1, 0, 0, 0),
(105581, 10229, 0.02, 0, 1, 1, 0, 0, 0),
(105581, 10230, 0.02, 0, 1, 1, 0, 0, 0),
(105581, 10231, 0.02, 0, 1, 1, 0, 0, 0),
(105581, 10232, 0.02, 0, 1, 1, 0, 0, 0),
(105581, 10233, 0.02, 0, 1, 1, 0, 0, 0),
(105581, 10234, 0.02, 0, 1, 1, 0, 0, 0),
(105581, 10235, 0.02, 0, 1, 1, 0, 0, 0),
(105581, 10236, 0.02, 0, 1, 1, 0, 0, 0),
(105581, 10237, 0.02, 0, 1, 1, 0, 0, 0),
(105581, 10238, 0.02, 0, 1, 1, 0, 0, 0),
(105581, 10239, 0.02, 0, 1, 1, 0, 0, 0),
(105581, 10240, 0.02, 0, 1, 1, 0, 0, 0),
(105581, 10241, 0.02, 0, 1, 1, 0, 0, 0),
(105581, 10242, 0.02, 0, 1, 1, 0, 0, 0),
(105581, 10243, 0.02, 0, 1, 1, 0, 0, 0),
(105581, 10244, 0.02, 0, 1, 1, 0, 0, 0),
(105581, 10245, 0.02, 0, 1, 1, 0, 0, 0),
(105581, 10258, 0.02, 0, 1, 1, 0, 0, 0),
(105581, 10275, 0.02, 0, 1, 1, 0, 0, 0),
(105581, 10276, 0.02, 0, 1, 1, 0, 0, 0),
(105581, 10277, 0.02, 0, 1, 1, 0, 0, 0),
(105581, 10278, 0.02, 0, 1, 1, 0, 0, 0),
(105581, 10279, 0.02, 0, 1, 1, 0, 0, 0),
(105581, 10280, 0.02, 0, 1, 1, 0, 0, 0),
(105581, 10281, 0.02, 0, 1, 1, 0, 0, 0),
(105581, 10282, 0.02, 0, 1, 1, 0, 0, 0),
(105581, 10288, 0.02, 0, 1, 1, 0, 0, 0),
(105581, 10289, 0.02, 0, 1, 1, 0, 0, 0),
(105581, 10300, 0.0252842, 0, 1, 1, 0, 0, 0),
(105581, 10301, 0.0256673, 0, 1, 1, 0, 0, 0),
(105581, 10302, 0.024518, 0, 1, 1, 0, 0, 0),
(105581, 10312, 0.0268165, 0, 1, 1, 0, 0, 0),
(105581, 10315, 0.0103435, 0, 1, 1, 0, 0, 0),
(105581, 10316, 0.0199209, 0, 1, 1, 0, 0, 0),
(105581, 10320, 0.0107266, 0, 1, 1, 0, 0, 0),
(105581, 10362, 0.02, 0, 1, 1, 0, 0, 0),
(105581, 10363, 0.02, 0, 1, 1, 0, 0, 0),
(105581, 10364, 0.02, 0, 1, 1, 0, 0, 0),
(105581, 10365, 0.02, 0, 1, 1, 0, 0, 0),
(105581, 10369, 0.02, 0, 1, 1, 0, 0, 0),
(105581, 10370, 0.02, 0, 1, 1, 0, 0, 0),
(105581, 10371, 0.02, 0, 1, 1, 0, 0, 0),
(105581, 10372, 0.02, 0, 1, 1, 0, 0, 0),
(105581, 10374, 0.02, 0, 1, 1, 0, 0, 0),
(105581, 10375, 0.02, 0, 1, 1, 0, 0, 0),
(105581, 10376, 0.02, 0, 1, 1, 0, 0, 0),
(105581, 10377, 0.02, 0, 1, 1, 0, 0, 0),
(105581, 10380, 0.02, 0, 1, 1, 0, 0, 0),
(105581, 10381, 0.02, 0, 1, 1, 0, 0, 0),
(105581, 10391, 0.02, 0, 1, 1, 0, 0, 0),
(105581, 10404, 0.0153237, 0, 1, 1, 0, 0, 0),
(105581, 10405, 0.0191547, 0, 1, 1, 0, 0, 0),
(105581, 10406, 0.02, 0, 1, 1, 0, 0, 0),
(105581, 10407, 0.0183885, 0, 1, 1, 0, 0, 0),
(105581, 10408, 0.02, 0, 1, 1, 0, 0, 0),
(105581, 10409, 0.02, 0, 1, 1, 0, 0, 0),
(105581, 10424, 0.0183885, 0, 1, 1, 0, 0, 0),
(105581, 10601, 0.0149406, 0, 1, 1, 0, 0, 0),
(105581, 10603, 0.0176223, 0, 1, 1, 0, 0, 0),
(105581, 10604, 0.0180054, 0, 1, 1, 0, 0, 0),
(105581, 10605, 0.02, 0, 1, 1, 0, 0, 0),
(105581, 10606, 0.0199209, 0, 1, 1, 0, 0, 0),
(105581, 10608, 0.02, 0, 1, 1, 0, 0, 0),
(105581, 11038, 0.0172392, 0, 1, 1, 0, 0, 0),
(105581, 11039, 0.0153237, 0, 1, 1, 0, 0, 0),
(105581, 11081, 0.0210701, 0, 1, 1, 0, 0, 0),
(105581, 11098, 0.012259, 0, 1, 1, 0, 0, 0),
(105581, 11164, 0.0137914, 0, 1, 1, 0, 0, 0),
(105581, 11165, 0.012259, 0, 1, 1, 0, 0, 0),
(105581, 11167, 0.0168561, 0, 1, 1, 0, 0, 0),
(105581, 11168, 0.02, 0, 1, 1, 0, 0, 0),
(105581, 11202, 0.0298813, 0, 1, 1, 0, 0, 0),
(105581, 11204, 0.0172392, 0, 1, 1, 0, 0, 0),
(105581, 11208, 0.02, 0, 1, 1, 0, 0, 0),
(105581, 11224, 0.0168561, 0, 1, 1, 0, 0, 0),
(105581, 11225, 0.02, 0, 1, 1, 0, 0, 0),
(105581, 11226, 0.0111097, 0, 1, 1, 0, 0, 0),
(105581, 11302, 0.02, 0, 1, 1, 0, 0, 0),
(105581, 11967, 0.02, 0, 1, 1, 0, 0, 0),
(105581, 11968, 0.02, 0, 1, 1, 0, 0, 0),
(105581, 11969, 0.02, 0, 1, 1, 0, 0, 0),
(105581, 11970, 0.02, 0, 1, 1, 0, 0, 0),
(105581, 11971, 0.02, 0, 1, 1, 0, 0, 0),
(105581, 11972, 0.02, 0, 1, 1, 0, 0, 0),
(105581, 11973, 0.02, 0, 1, 1, 0, 0, 0),
(105581, 11974, 0.02, 0, 1, 1, 0, 0, 0),
(105581, 11975, 0.02, 0, 1, 1, 0, 0, 0),
(105581, 11976, 0.02, 0, 1, 1, 0, 0, 0),
(105581, 11977, 0.02, 0, 1, 1, 0, 0, 0),
(105581, 11978, 0.02, 0, 1, 1, 0, 0, 0),
(105581, 11982, 0.0118759, 0, 1, 1, 0, 0, 0),
(105581, 11983, 0.0107266, 0, 1, 1, 0, 0, 0),
(105581, 11984, 0.02, 0, 1, 1, 0, 0, 0),
(105581, 11985, 0.02, 0, 1, 1, 0, 0, 0),
(105581, 11986, 0.02, 0, 1, 1, 0, 0, 0),
(105581, 11987, 0.02, 0, 1, 1, 0, 0, 0),
(105581, 11988, 0.02, 0, 1, 1, 0, 0, 0),
(105581, 11989, 0.02, 0, 1, 1, 0, 0, 0),
(105581, 11990, 0.02, 0, 1, 1, 0, 0, 0),
(105581, 11991, 0.02, 0, 1, 1, 0, 0, 0),
(105581, 11993, 0.0111097, 0, 1, 1, 0, 0, 0),
(105581, 11994, 0.012259, 0, 1, 1, 0, 0, 0),
(105581, 11995, 0.02, 0, 1, 1, 0, 0, 0),
(105581, 11996, 0.02, 0, 1, 1, 0, 0, 0),
(105581, 11997, 0.02, 0, 1, 1, 0, 0, 0),
(105581, 11998, 0.02, 0, 1, 1, 0, 0, 0),
(105581, 11999, 0.02, 0, 1, 1, 0, 0, 0),
(105581, 12001, 0.02, 0, 1, 1, 0, 0, 0),
(105581, 12002, 0.02, 0, 1, 1, 0, 0, 0),
(105581, 12004, 0.02, 0, 1, 1, 0, 0, 0),
(105581, 12006, 0.02, 0, 1, 1, 0, 0, 0),
(105581, 12007, 0.0145575, 0, 1, 1, 0, 0, 0),
(105581, 12008, 0.02, 0, 1, 1, 0, 0, 0),
(105581, 12009, 0.02, 0, 1, 1, 0, 0, 0),
(105581, 12010, 0.02, 0, 1, 1, 0, 0, 0),
(105581, 12011, 0.02, 0, 1, 1, 0, 0, 0),
(105581, 12012, 0.02, 0, 1, 1, 0, 0, 0),
(105581, 12013, 0.02, 0, 1, 1, 0, 0, 0),
(105581, 12014, 0.02, 0, 1, 1, 0, 0, 0),
(105581, 12015, 0.02, 0, 1, 1, 0, 0, 0),
(105581, 12019, 0.02, 0, 1, 1, 0, 0, 0),
(105581, 12020, 0.02, 0, 1, 1, 0, 0, 0),
(105581, 12022, 0.02, 0, 1, 1, 0, 0, 0),
(105581, 12023, 0.02, 0, 1, 1, 0, 0, 0),
(105581, 12024, 0.02, 0, 1, 1, 0, 0, 0),
(105581, 12025, 0.02, 0, 1, 1, 0, 0, 0),
(105581, 12026, 0.02, 0, 1, 1, 0, 0, 0),
(105581, 12028, 0.02, 0, 1, 1, 0, 0, 0),
(105581, 12029, 0.02, 0, 1, 1, 0, 0, 0),
(105581, 12030, 0.02, 0, 1, 1, 0, 0, 0),
(105581, 12031, 0.02, 0, 1, 1, 0, 0, 0),
(105581, 12032, 0.02, 0, 1, 1, 0, 0, 0),
(105581, 12034, 0.02, 0, 1, 1, 0, 0, 0),
(105581, 12035, 0.02, 0, 1, 1, 0, 0, 0),
(105581, 12039, 0.02, 0, 1, 1, 0, 0, 0),
(105581, 12040, 0.0107266, 0, 1, 1, 0, 0, 0),
(105581, 12042, 0.0103435, 0, 1, 1, 0, 0, 0),
(105581, 12043, 0.02, 0, 1, 1, 0, 0, 0),
(105581, 12044, 0.02, 0, 1, 1, 0, 0, 0),
(105581, 12045, 0.02, 0, 1, 1, 0, 0, 0),
(105581, 12046, 0.02, 0, 1, 1, 0, 0, 0),
(105581, 12047, 0.02, 0, 1, 1, 0, 0, 0),
(105581, 12052, 0.02, 0, 1, 1, 0, 0, 0),
(105581, 12053, 0.0126421, 0, 1, 1, 0, 0, 0),
(105581, 12054, 0.02, 0, 1, 1, 0, 0, 0),
(105581, 12055, 0.02, 0, 1, 1, 0, 0, 0),
(105581, 12056, 0.02, 0, 1, 1, 0, 0, 0),
(105581, 12057, 0.02, 0, 1, 1, 0, 0, 0),
(105581, 12361, 0.181969, 0, 1, 1, 0, 0, 0),
(105581, 12364, 0.0333291, 0, 1, 1, 0, 0, 0),
(105581, 12682, 0.012259, 0, 1, 1, 0, 0, 0),
(105581, 12683, 0.02, 0, 1, 1, 0, 0, 0),
(105581, 12684, 0.0111097, 0, 1, 1, 0, 0, 0),
(105581, 12685, 0.02, 0, 1, 1, 0, 0, 0),
(105581, 12689, 0.016473, 0, 1, 1, 0, 0, 0),
(105581, 12691, 0.0111097, 0, 1, 1, 0, 0, 0),
(105581, 12692, 0.02, 0, 1, 1, 0, 0, 0),
(105581, 12693, 0.02, 0, 1, 1, 0, 0, 0),
(105581, 12694, 0.02, 0, 1, 1, 0, 0, 0),
(105581, 12695, 0.02, 0, 1, 1, 0, 0, 0),
(105581, 12697, 0.02, 0, 1, 1, 0, 0, 0),
(105581, 12702, 0.02, 0, 1, 1, 0, 0, 0),
(105581, 12703, 0.02, 0, 1, 1, 0, 0, 0),
(105581, 12704, 0.02, 0, 1, 1, 0, 0, 0),
(105581, 12711, 0.02, 0, 1, 1, 0, 0, 0),
(105581, 12713, 0.02, 0, 1, 1, 0, 0, 0),
(105581, 12799, 0.18082, 0, 1, 1, 0, 0, 0),
(105581, 12800, 0.0279658, 0, 1, 1, 0, 0, 0),
(105581, 12974, 0.02, 0, 1, 1, 0, 0, 0),
(105581, 12979, 0.02, 0, 1, 1, 0, 0, 0),
(105581, 12982, 0.02, 0, 1, 1, 0, 0, 0),
(105581, 12983, 0.02, 0, 1, 1, 0, 0, 0),
(105581, 12984, 0.02, 0, 1, 1, 0, 0, 0),
(105581, 12985, 0.02, 0, 1, 1, 0, 0, 0),
(105581, 12987, 0.02, 0, 1, 1, 0, 0, 0),
(105581, 12988, 0.02, 0, 1, 1, 0, 0, 0),
(105581, 12989, 0.02, 0, 1, 1, 0, 0, 0),
(105581, 12990, 0.02, 0, 1, 1, 0, 0, 0),
(105581, 12992, 0.02, 0, 1, 1, 0, 0, 0),
(105581, 12994, 0.02, 0, 1, 1, 0, 0, 0),
(105581, 12996, 0.02, 0, 1, 1, 0, 0, 0),
(105581, 12997, 0.0111097, 0, 1, 1, 0, 0, 0),
(105581, 12998, 0.02, 0, 1, 1, 0, 0, 0),
(105581, 12999, 0.02, 0, 1, 1, 0, 0, 0),
(105581, 13002, 0.02, 0, 1, 1, 0, 0, 0),
(105581, 13003, 0.02, 0, 1, 1, 0, 0, 0),
(105581, 13004, 0.02, 0, 1, 1, 0, 0, 0),
(105581, 13005, 0.02, 0, 1, 1, 0, 0, 0),
(105581, 13007, 0.02, 0, 1, 1, 0, 0, 0),
(105581, 13008, 0.02, 0, 1, 1, 0, 0, 0),
(105581, 13009, 0.02, 0, 1, 1, 0, 0, 0),
(105581, 13010, 0.02, 0, 1, 1, 0, 0, 0),
(105581, 13011, 0.02, 0, 1, 1, 0, 0, 0),
(105581, 13012, 0.02, 0, 1, 1, 0, 0, 0),
(105581, 13013, 0.02, 0, 1, 1, 0, 0, 0),
(105581, 13014, 0.02, 0, 1, 1, 0, 0, 0),
(105581, 13016, 0.02, 0, 1, 1, 0, 0, 0),
(105581, 13017, 0.02, 0, 1, 1, 0, 0, 0),
(105581, 13018, 0.02, 0, 1, 1, 0, 0, 0),
(105581, 13019, 0.02, 0, 1, 1, 0, 0, 0),
(105581, 13020, 0.02, 0, 1, 1, 0, 0, 0),
(105581, 13021, 0.02, 0, 1, 1, 0, 0, 0),
(105581, 13022, 0.02, 0, 1, 1, 0, 0, 0),
(105581, 13024, 0.02, 0, 1, 1, 0, 0, 0),
(105581, 13025, 0.02, 0, 1, 1, 0, 0, 0),
(105581, 13026, 0.02, 0, 1, 1, 0, 0, 0),
(105581, 13027, 0.02, 0, 1, 1, 0, 0, 0),
(105581, 13029, 0.02, 0, 1, 1, 0, 0, 0),
(105581, 13030, 0.02, 0, 1, 1, 0, 0, 0),
(105581, 13031, 0.02, 0, 1, 1, 0, 0, 0),
(105581, 13032, 0.02, 0, 1, 1, 0, 0, 0),
(105581, 13033, 0.02, 0, 1, 1, 0, 0, 0),
(105581, 13034, 0.02, 0, 1, 1, 0, 0, 0),
(105581, 13035, 0.02, 0, 1, 1, 0, 0, 0),
(105581, 13036, 0.02, 0, 1, 1, 0, 0, 0),
(105581, 13037, 0.02, 0, 1, 1, 0, 0, 0),
(105581, 13038, 0.02, 0, 1, 1, 0, 0, 0),
(105581, 13039, 0.02, 0, 1, 1, 0, 0, 0),
(105581, 13040, 0.02, 0, 1, 1, 0, 0, 0),
(105581, 13041, 0.02, 0, 1, 1, 0, 0, 0),
(105581, 13042, 0.02, 0, 1, 1, 0, 0, 0),
(105581, 13043, 0.02, 0, 1, 1, 0, 0, 0),
(105581, 13044, 0.02, 0, 1, 1, 0, 0, 0),
(105581, 13045, 0.02, 0, 1, 1, 0, 0, 0),
(105581, 13046, 0.02, 0, 1, 1, 0, 0, 0),
(105581, 13047, 0.02, 0, 1, 1, 0, 0, 0),
(105581, 13048, 0.02, 0, 1, 1, 0, 0, 0),
(105581, 13049, 0.02, 0, 1, 1, 0, 0, 0),
(105581, 13051, 0.02, 0, 1, 1, 0, 0, 0),
(105581, 13052, 0.02, 0, 1, 1, 0, 0, 0),
(105581, 13053, 0.02, 0, 1, 1, 0, 0, 0),
(105581, 13054, 0.02, 0, 1, 1, 0, 0, 0),
(105581, 13055, 0.02, 0, 1, 1, 0, 0, 0),
(105581, 13056, 0.02, 0, 1, 1, 0, 0, 0),
(105581, 13057, 0.02, 0, 1, 1, 0, 0, 0),
(105581, 13058, 0.02, 0, 1, 1, 0, 0, 0),
(105581, 13059, 0.02, 0, 1, 1, 0, 0, 0),
(105581, 13060, 0.02, 0, 1, 1, 0, 0, 0),
(105581, 13062, 0.02, 0, 1, 1, 0, 0, 0),
(105581, 13063, 0.02, 0, 1, 1, 0, 0, 0),
(105581, 13064, 0.02, 0, 1, 1, 0, 0, 0),
(105581, 13065, 0.02, 0, 1, 1, 0, 0, 0),
(105581, 13066, 0.02, 0, 1, 1, 0, 0, 0),
(105581, 13067, 0.02, 0, 1, 1, 0, 0, 0),
(105581, 13068, 0.02, 0, 1, 1, 0, 0, 0),
(105581, 13070, 0.02, 0, 1, 1, 0, 0, 0),
(105581, 13071, 0.02, 0, 1, 1, 0, 0, 0),
(105581, 13072, 0.02, 0, 1, 1, 0, 0, 0),
(105581, 13073, 0.02, 0, 1, 1, 0, 0, 0),
(105581, 13074, 0.02, 0, 1, 1, 0, 0, 0),
(105581, 13076, 0.02, 0, 1, 1, 0, 0, 0),
(105581, 13077, 0.02, 0, 1, 1, 0, 0, 0),
(105581, 13079, 0.02, 0, 1, 1, 0, 0, 0),
(105581, 13081, 0.02, 0, 1, 1, 0, 0, 0),
(105581, 13082, 0.02, 0, 1, 1, 0, 0, 0),
(105581, 13084, 0.02, 0, 1, 1, 0, 0, 0),
(105581, 13085, 0.02, 0, 1, 1, 0, 0, 0),
(105581, 13087, 0.02, 0, 1, 1, 0, 0, 0),
(105581, 13088, 0.02, 0, 1, 1, 0, 0, 0),
(105581, 13089, 0.02, 0, 1, 1, 0, 0, 0),
(105581, 13091, 0.02, 0, 1, 1, 0, 0, 0),
(105581, 13093, 0.02, 0, 1, 1, 0, 0, 0),
(105581, 13094, 0.02, 0, 1, 1, 0, 0, 0),
(105581, 13095, 0.02, 0, 1, 1, 0, 0, 0),
(105581, 13096, 0.02, 0, 1, 1, 0, 0, 0),
(105581, 13097, 0.02, 0, 1, 1, 0, 0, 0),
(105581, 13099, 0.02, 0, 1, 1, 0, 0, 0),
(105581, 13100, 0.02, 0, 1, 1, 0, 0, 0),
(105581, 13101, 0.02, 0, 1, 1, 0, 0, 0),
(105581, 13102, 0.02, 0, 1, 1, 0, 0, 0),
(105581, 13103, 0.02, 0, 1, 1, 0, 0, 0),
(105581, 13105, 0.02, 0, 1, 1, 0, 0, 0),
(105581, 13106, 0.02, 0, 1, 1, 0, 0, 0),
(105581, 13108, 0.02, 0, 1, 1, 0, 0, 0),
(105581, 13109, 0.02, 0, 1, 1, 0, 0, 0),
(105581, 13110, 0.02, 0, 1, 1, 0, 0, 0),
(105581, 13111, 0.02, 0, 1, 1, 0, 0, 0),
(105581, 13112, 0.02, 0, 1, 1, 0, 0, 0),
(105581, 13114, 0.02, 0, 1, 1, 0, 0, 0),
(105581, 13115, 0.02, 0, 1, 1, 0, 0, 0),
(105581, 13117, 0.02, 0, 1, 1, 0, 0, 0),
(105581, 13118, 0.02, 0, 1, 1, 0, 0, 0),
(105581, 13119, 0.02, 0, 1, 1, 0, 0, 0),
(105581, 13120, 0.02, 0, 1, 1, 0, 0, 0),
(105581, 13121, 0.02, 0, 1, 1, 0, 0, 0),
(105581, 13122, 0.02, 0, 1, 1, 0, 0, 0),
(105581, 13124, 0.02, 0, 1, 1, 0, 0, 0),
(105581, 13125, 0.02, 0, 1, 1, 0, 0, 0),
(105581, 13126, 0.02, 0, 1, 1, 0, 0, 0),
(105581, 13127, 0.02, 0, 1, 1, 0, 0, 0),
(105581, 13128, 0.02, 0, 1, 1, 0, 0, 0),
(105581, 13129, 0.02, 0, 1, 1, 0, 0, 0),
(105581, 13130, 0.02, 0, 1, 1, 0, 0, 0),
(105581, 13131, 0.02, 0, 1, 1, 0, 0, 0),
(105581, 13132, 0.02, 0, 1, 1, 0, 0, 0),
(105581, 13134, 0.02, 0, 1, 1, 0, 0, 0),
(105581, 13135, 0.02, 0, 1, 1, 0, 0, 0),
(105581, 13136, 0.02, 0, 1, 1, 0, 0, 0),
(105581, 13137, 0.02, 0, 1, 1, 0, 0, 0),
(105581, 13138, 0.02, 0, 1, 1, 0, 0, 0),
(105581, 13139, 0.02, 0, 1, 1, 0, 0, 0),
(105581, 13144, 0.02, 0, 1, 1, 0, 0, 0),
(105581, 13145, 0.02, 0, 1, 1, 0, 0, 0),
(105581, 13146, 0.02, 0, 1, 1, 0, 0, 0),
(105581, 13199, 0.02, 0, 1, 1, 0, 0, 0),
(105581, 13486, 0.02, 0, 1, 1, 0, 0, 0),
(105581, 13487, 0.02, 0, 1, 1, 0, 0, 0),
(105581, 13488, 0.02, 0, 1, 1, 0, 0, 0),
(105581, 13489, 0.02, 0, 1, 1, 0, 0, 0),
(105581, 13490, 0.02, 0, 1, 1, 0, 0, 0),
(105581, 13492, 0.02, 0, 1, 1, 0, 0, 0),
(105581, 13493, 0.02, 0, 1, 1, 0, 0, 0),
(105581, 13518, 0.02, 0, 1, 1, 0, 0, 0),
(105581, 13816, 0.275444, 0, 1, 1, 0, 0, 0),
(105581, 13817, 0.267782, 0, 1, 1, 0, 0, 0),
(105581, 13818, 0.280041, 0, 1, 1, 0, 0, 0),
(105581, 13819, 0.288852, 0, 1, 1, 0, 0, 0),
(105581, 13820, 0.245946, 0, 1, 1, 0, 0, 0),
(105581, 13821, 0.288086, 0, 1, 1, 0, 0, 0),
(105581, 13822, 0.259354, 0, 1, 1, 0, 0, 0),
(105581, 13823, 0.275061, 0, 1, 1, 0, 0, 0),
(105581, 13824, 0.287703, 0, 1, 1, 0, 0, 0),
(105581, 13825, 0.285405, 0, 1, 1, 0, 0, 0),
(105581, 14170, 0.0268165, 0, 1, 1, 0, 0, 0),
(105581, 14171, 0.0237518, 0, 1, 1, 0, 0, 0),
(105581, 14172, 0.0111097, 0, 1, 1, 0, 0, 0),
(105581, 14175, 0.0130252, 0, 1, 1, 0, 0, 0),
(105581, 14466, 0.0153237, 0, 1, 1, 0, 0, 0),
(105581, 14467, 0.0107266, 0, 1, 1, 0, 0, 0),
(105581, 14470, 0.0118759, 0, 1, 1, 0, 0, 0),
(105581, 14474, 0.0111097, 0, 1, 1, 0, 0, 0),
(105581, 14478, 0.0107266, 0, 1, 1, 0, 0, 0),
(105581, 14479, 0.0145575, 0, 1, 1, 0, 0, 0),
(105581, 14484, 0.0114928, 0, 1, 1, 0, 0, 0),
(105581, 14489, 0.02, 0, 1, 1, 0, 0, 0),
(105581, 14491, 0.02, 0, 1, 1, 0, 0, 0),
(105581, 14492, 0.02, 0, 1, 1, 0, 0, 0),
(105581, 14494, 0.02, 0, 1, 1, 0, 0, 0),
(105581, 14496, 0.02, 0, 1, 1, 0, 0, 0),
(105581, 14497, 0.02, 0, 1, 1, 0, 0, 0),
(105581, 14498, 0.02, 0, 1, 1, 0, 0, 0),
(105581, 14499, 0.02, 0, 1, 1, 0, 0, 0),
(105581, 14501, 0.02, 0, 1, 1, 0, 0, 0),
(105581, 14504, 0.02, 0, 1, 1, 0, 0, 0),
(105581, 14506, 0.02, 0, 1, 1, 0, 0, 0),
(105581, 14507, 0.02, 0, 1, 1, 0, 0, 0),
(105581, 14508, 0.02, 0, 1, 1, 0, 0, 0),
(105581, 15211, 0.0283489, 0, 1, 1, 0, 0, 0),
(105581, 15212, 0.0195378, 0, 1, 1, 0, 0, 0),
(105581, 15213, 0.0291151, 0, 1, 1, 0, 0, 0),
(105581, 15214, 0.0160899, 0, 1, 1, 0, 0, 0),
(105581, 15215, 0.0180054, 0, 1, 1, 0, 0, 0),
(105581, 15216, 0.0134083, 0, 1, 1, 0, 0, 0),
(105581, 15217, 0.0160899, 0, 1, 1, 0, 0, 0),
(105581, 15218, 0.02, 0, 1, 1, 0, 0, 0),
(105581, 15219, 0.02, 0, 1, 1, 0, 0, 0),
(105581, 15223, 0.0218363, 0, 1, 1, 0, 0, 0),
(105581, 15224, 0.0260503, 0, 1, 1, 0, 0, 0),
(105581, 15225, 0.02, 0, 1, 1, 0, 0, 0),
(105581, 15226, 0.0172392, 0, 1, 1, 0, 0, 0),
(105581, 15227, 0.02, 0, 1, 1, 0, 0, 0),
(105581, 15228, 0.0137914, 0, 1, 1, 0, 0, 0),
(105581, 15229, 0.012259, 0, 1, 1, 0, 0, 0),
(105581, 15230, 0.0264334, 0, 1, 1, 0, 0, 0),
(105581, 15231, 0.0107266, 0, 1, 1, 0, 0, 0),
(105581, 15232, 0.0134083, 0, 1, 1, 0, 0, 0),
(105581, 15233, 0.0176223, 0, 1, 1, 0, 0, 0),
(105581, 15234, 0.0134083, 0, 1, 1, 0, 0, 0),
(105581, 15235, 0.02, 0, 1, 1, 0, 0, 0),
(105581, 15236, 0.0134083, 0, 1, 1, 0, 0, 0),
(105581, 15237, 0.0160899, 0, 1, 1, 0, 0, 0),
(105581, 15238, 0.02, 0, 1, 1, 0, 0, 0),
(105581, 15241, 0.016473, 0, 1, 1, 0, 0, 0),
(105581, 15242, 0.0176223, 0, 1, 1, 0, 0, 0),
(105581, 15243, 0.0160899, 0, 1, 1, 0, 0, 0),
(105581, 15244, 0.0153237, 0, 1, 1, 0, 0, 0),
(105581, 15245, 0.02, 0, 1, 1, 0, 0, 0),
(105581, 15249, 0.0149406, 0, 1, 1, 0, 0, 0),
(105581, 15250, 0.0160899, 0, 1, 1, 0, 0, 0),
(105581, 15251, 0.0180054, 0, 1, 1, 0, 0, 0),
(105581, 15252, 0.0118759, 0, 1, 1, 0, 0, 0),
(105581, 15253, 0.0103435, 0, 1, 1, 0, 0, 0),
(105581, 15254, 0.0111097, 0, 1, 1, 0, 0, 0),
(105581, 15255, 0.02, 0, 1, 1, 0, 0, 0),
(105581, 15256, 0.02, 0, 1, 1, 0, 0, 0),
(105581, 15259, 0.0241349, 0, 1, 1, 0, 0, 0),
(105581, 15260, 0.0149406, 0, 1, 1, 0, 0, 0),
(105581, 15261, 0.0149406, 0, 1, 1, 0, 0, 0),
(105581, 15262, 0.02, 0, 1, 1, 0, 0, 0),
(105581, 15263, 0.0103435, 0, 1, 1, 0, 0, 0),
(105581, 15264, 0.02, 0, 1, 1, 0, 0, 0),
(105581, 15265, 0.02, 0, 1, 1, 0, 0, 0),
(105581, 15269, 0.0275827, 0, 1, 1, 0, 0, 0),
(105581, 15270, 0.02, 0, 1, 1, 0, 0, 0),
(105581, 15271, 0.0137914, 0, 1, 1, 0, 0, 0),
(105581, 15272, 0.02, 0, 1, 1, 0, 0, 0),
(105581, 15274, 0.0130252, 0, 1, 1, 0, 0, 0),
(105581, 15275, 0.02, 0, 1, 1, 0, 0, 0),
(105581, 15276, 0.0118759, 0, 1, 1, 0, 0, 0),
(105581, 15278, 0.02, 0, 1, 1, 0, 0, 0),
(105581, 15279, 0.0134083, 0, 1, 1, 0, 0, 0),
(105581, 15280, 0.0157068, 0, 1, 1, 0, 0, 0),
(105581, 15281, 0.02, 0, 1, 1, 0, 0, 0),
(105581, 15282, 0.0141745, 0, 1, 1, 0, 0, 0),
(105581, 15284, 0.0168561, 0, 1, 1, 0, 0, 0),
(105581, 15285, 0.0149406, 0, 1, 1, 0, 0, 0),
(105581, 15286, 0.0141745, 0, 1, 1, 0, 0, 0),
(105581, 15287, 0.0218363, 0, 1, 1, 0, 0, 0),
(105581, 15291, 0.0160899, 0, 1, 1, 0, 0, 0),
(105581, 15294, 0.0145575, 0, 1, 1, 0, 0, 0),
(105581, 15295, 0.0137914, 0, 1, 1, 0, 0, 0),
(105581, 15322, 0.0149406, 0, 1, 1, 0, 0, 0),
(105581, 15323, 0.02, 0, 1, 1, 0, 0, 0),
(105581, 15324, 0.02, 0, 1, 1, 0, 0, 0),
(105581, 15325, 0.02, 0, 1, 1, 0, 0, 0),
(105581, 15731, 0.02, 0, 1, 1, 0, 0, 0),
(105581, 15737, 0.0111097, 0, 1, 1, 0, 0, 0),
(105581, 15742, 0.02, 0, 1, 1, 0, 0, 0),
(105581, 15743, 0.02, 0, 1, 1, 0, 0, 0),
(105581, 15745, 0.02, 0, 1, 1, 0, 0, 0),
(105581, 15746, 0.02, 0, 1, 1, 0, 0, 0),
(105581, 15755, 0.0114928, 0, 1, 1, 0, 0, 0),
(105581, 15757, 0.02, 0, 1, 1, 0, 0, 0),
(105581, 15765, 0.02, 0, 1, 1, 0, 0, 0),
(105581, 15912, 0.0114928, 0, 1, 1, 0, 0, 0),
(105581, 15918, 0.02, 0, 1, 1, 0, 0, 0),
(105581, 15927, 0.02, 0, 1, 1, 0, 0, 0),
(105581, 15928, 0.02, 0, 1, 1, 0, 0, 0),
(105581, 15929, 0.02, 0, 1, 1, 0, 0, 0),
(105581, 15930, 0.02, 0, 1, 1, 0, 0, 0),
(105581, 15934, 0.02, 0, 1, 1, 0, 0, 0),
(105581, 15935, 0.02, 0, 1, 1, 0, 0, 0),
(105581, 15936, 0.02, 0, 1, 1, 0, 0, 0),
(105581, 15937, 0.02, 0, 1, 1, 0, 0, 0),
(105581, 15938, 0.02, 0, 1, 1, 0, 0, 0),
(105581, 15939, 0.02, 0, 1, 1, 0, 0, 0),
(105581, 16043, 0.0103435, 0, 1, 1, 0, 0, 0),
(105581, 16051, 0.02, 0, 1, 1, 0, 0, 0),
(105581, 16055, 0.02, 0, 1, 1, 0, 0, 0),
(105581, 16215, 0.0114928, 0, 1, 1, 0, 0, 0),
(105581, 16218, 0.02, 0, 1, 1, 0, 0, 0),
(105581, 16220, 0.02, 0, 1, 1, 0, 0, 0),
(105581, 16245, 0.02, 0, 1, 1, 0, 0, 0),
(105581, 16251, 0.02, 0, 1, 1, 0, 0, 0);
DELETE FROM `gameobject_loot_template` WHERE (`entry`=123331);
INSERT INTO `gameobject_loot_template` VALUES 
(123331, 8425, 43.85, 0, 1, 1, 0, 0, 0),
(123331, 8426, 12.9, 0, 1, 1, 0, 0, 0),
(123331, 8427, 43.42, 0, 1, 1, 0, 0, 0);
DELETE FROM `gameobject_loot_template` WHERE (`entry`=152618);
INSERT INTO `gameobject_loot_template` VALUES 
(152618, 2287, 100, 0, 1, 1, 0, 0, 0),
(152618, 1813, 6, 0, 1, 1, 0, 0, 0),
(152618, 1817, 4.7, 0, 1, 1, 0, 0, 0),
(152618, 2780, 4.4, 0, 1, 1, 0, 0, 0),
(152618, 1814, 4.2, 0, 1, 1, 0, 0, 0),
(152618, 1811, 3.7, 0, 1, 1, 0, 0, 0),
(152618, 1812, 3.7, 0, 1, 1, 0, 0, 0),
(152618, 1815, 3.7, 0, 1, 1, 0, 0, 0),
(152618, 1764, 3.5, 0, 1, 1, 0, 0, 0),
(152618, 1816, 3.3, 0, 1, 1, 0, 0, 0),
(152618, 2781, 3.3, 0, 1, 1, 0, 0, 0),
(152618, 3377, 3.3, 0, 1, 1, 0, 0, 0),
(152618, 1741, 3, 0, 1, 1, 0, 0, 0),
(152618, 1793, 3, 0, 1, 1, 0, 0, 0),
(152618, 2217, 3, 0, 1, 1, 0, 0, 0),
(152618, 1743, 2.8, 0, 1, 1, 0, 0, 0),
(152618, 1788, 2.8, 0, 1, 1, 0, 0, 0),
(152618, 1789, 2.8, 0, 1, 1, 0, 0, 0),
(152618, 2764, 2.8, 0, 1, 1, 0, 0, 0),
(152618, 1738, 2.6, 0, 1, 1, 0, 0, 0),
(152618, 1769, 2.6, 0, 1, 1, 0, 0, 0),
(152618, 3376, 2.6, 0, 1, 1, 0, 0, 0),
(152618, 1766, 2.3, 0, 1, 1, 0, 0, 0),
(152618, 1787, 2.3, 0, 1, 1, 0, 0, 0),
(152618, 2216, 2.3, 0, 1, 1, 0, 0, 0),
(152618, 6553, 2.3, 0, 1, 1, 0, 0, 0),
(152618, 1739, 2.1, 0, 1, 1, 0, 0, 0),
(152618, 1744, 2.1, 0, 1, 1, 0, 0, 0),
(152618, 1790, 2.1, 0, 1, 1, 0, 0, 0),
(152618, 1792, 2.1, 0, 1, 1, 0, 0, 0),
(152618, 4701, 2.1, 0, 1, 1, 0, 0, 0),
(152618, 1210, 1.9, 0, 1, 1, 0, 0, 0),
(152618, 1740, 1.9, 0, 1, 1, 0, 0, 0),
(152618, 1767, 1.9, 0, 1, 1, 0, 0, 0),
(152618, 1794, 1.9, 0, 1, 1, 0, 0, 0),
(152618, 2983, 1.9, 0, 1, 1, 0, 0, 0),
(152618, 3195, 1.9, 0, 1, 1, 0, 0, 0),
(152618, 4699, 1.9, 0, 1, 1, 0, 0, 0),
(152618, 5212, 1.9, 0, 1, 1, 0, 0, 0),
(152618, 5574, 1.9, 0, 1, 1, 0, 0, 0),
(152618, 9779, 1.9, 0, 1, 1, 0, 0, 0),
(152618, 14174, 1.9, 0, 1, 1, 0, 0, 0),
(152618, 15210, 1.9, 0, 1, 1, 0, 0, 0),
(152618, 1742, 1.6, 0, 1, 1, 0, 0, 0),
(152618, 1768, 1.6, 0, 1, 1, 0, 0, 0),
(152618, 2973, 1.6, 0, 1, 1, 0, 0, 0),
(152618, 2977, 1.6, 0, 1, 1, 0, 0, 0),
(152618, 3040, 1.6, 0, 1, 1, 0, 0, 0),
(152618, 4695, 1.6, 0, 1, 1, 0, 0, 0),
(152618, 5207, 1.6, 0, 1, 1, 0, 0, 0),
(152618, 6378, 1.6, 0, 1, 1, 0, 0, 0),
(152618, 6539, 1.6, 0, 1, 1, 0, 0, 0),
(152618, 6563, 1.6, 0, 1, 1, 0, 0, 0),
(152618, 14166, 1.6, 0, 1, 1, 0, 0, 0),
(152618, 1770, 1.4, 0, 1, 1, 0, 0, 0),
(152618, 3196, 1.4, 0, 1, 1, 0, 0, 0),
(152618, 3205, 1.4, 0, 1, 1, 0, 0, 0),
(152618, 4567, 1.4, 0, 1, 1, 0, 0, 0),
(152618, 6541, 1.4, 0, 1, 1, 0, 0, 0),
(152618, 9775, 1.4, 0, 1, 1, 0, 0, 0),
(152618, 2078, 1.2, 0, 1, 1, 0, 0, 0),
(152618, 2079, 1.2, 0, 1, 1, 0, 0, 0),
(152618, 2657, 1.2, 0, 1, 1, 0, 0, 0),
(152618, 2970, 1.2, 0, 1, 1, 0, 0, 0),
(152618, 4575, 1.2, 0, 1, 1, 0, 0, 0),
(152618, 6379, 1.2, 0, 1, 1, 0, 0, 0),
(152618, 6545, 1.2, 0, 1, 1, 0, 0, 0),
(152618, 6551, 1.2, 0, 1, 1, 0, 0, 0),
(152618, 6554, 1.2, 0, 1, 1, 0, 0, 0),
(152618, 6716, 1.2, 0, 1, 1, 0, 0, 0),
(152618, 9778, 1.2, 0, 1, 1, 0, 0, 0),
(152618, 14168, 1.2, 0, 1, 1, 0, 0, 0),
(152618, 15248, 1.2, 0, 1, 1, 0, 0, 0),
(152618, 15268, 1.2, 0, 1, 1, 0, 0, 0),
(152618, 15926, 1.2, 0, 1, 1, 0, 0, 0),
(152618, 2982, 0.9, 0, 1, 1, 0, 0, 0),
(152618, 2984, 0.9, 0, 1, 1, 0, 0, 0),
(152618, 2986, 0.9, 0, 1, 1, 0, 0, 0),
(152618, 2987, 0.9, 0, 1, 1, 0, 0, 0),
(152618, 3211, 0.9, 0, 1, 1, 0, 0, 0),
(152618, 4571, 0.9, 0, 1, 1, 0, 0, 0),
(152618, 5573, 0.9, 0, 1, 1, 0, 0, 0),
(152618, 6560, 0.9, 0, 1, 1, 0, 0, 0),
(152618, 9786, 0.9, 0, 1, 1, 0, 0, 0),
(152618, 9788, 0.9, 0, 1, 1, 0, 0, 0),
(152618, 1745, 0.7, 0, 1, 1, 0, 0, 0),
(152618, 1791, 0.7, 0, 1, 1, 0, 0, 0),
(152618, 2409, 0.7, 0, 1, 1, 0, 0, 0),
(152618, 2974, 0.7, 0, 1, 1, 0, 0, 0),
(152618, 3184, 0.7, 0, 1, 1, 0, 0, 0),
(152618, 4293, 0.7, 0, 1, 1, 0, 0, 0),
(152618, 4345, 0.7, 0, 1, 1, 0, 0, 0),
(152618, 4346, 0.7, 0, 1, 1, 0, 0, 0),
(152618, 4697, 0.7, 0, 1, 1, 0, 0, 0),
(152618, 6342, 0.7, 0, 1, 1, 0, 0, 0),
(152618, 6348, 0.7, 0, 1, 1, 0, 0, 0),
(152618, 6540, 0.7, 0, 1, 1, 0, 0, 0),
(152618, 6552, 0.7, 0, 1, 1, 0, 0, 0),
(152618, 9780, 0.7, 0, 1, 1, 0, 0, 0),
(152618, 9785, 0.7, 0, 1, 1, 0, 0, 0),
(152618, 9787, 0.7, 0, 1, 1, 0, 0, 0),
(152618, 14167, 0.7, 0, 1, 1, 0, 0, 0),
(152618, 14173, 0.7, 0, 1, 1, 0, 0, 0),
(152618, 15222, 0.7, 0, 1, 1, 0, 0, 0),
(152618, 818, 0.5, 0, 1, 1, 0, 0, 0),
(152618, 2407, 0.5, 0, 1, 1, 0, 0, 0),
(152618, 2553, 0.5, 0, 1, 1, 0, 0, 0),
(152618, 2969, 0.5, 0, 1, 1, 0, 0, 0),
(152618, 2988, 0.5, 0, 1, 1, 0, 0, 0),
(152618, 3645, 0.5, 0, 1, 1, 0, 0, 0),
(152618, 3655, 0.5, 0, 1, 1, 0, 0, 0),
(152618, 4292, 0.5, 0, 1, 1, 0, 0, 0),
(152618, 5578, 0.5, 0, 1, 1, 0, 0, 0),
(152618, 6344, 0.5, 0, 1, 1, 0, 0, 0),
(152618, 6380, 0.5, 0, 1, 1, 0, 0, 0),
(152618, 6538, 0.5, 0, 1, 1, 0, 0, 0),
(152618, 6546, 0.5, 0, 1, 1, 0, 0, 0),
(152618, 6548, 0.5, 0, 1, 1, 0, 0, 0),
(152618, 6557, 0.5, 0, 1, 1, 0, 0, 0),
(152618, 7288, 0.5, 0, 1, 1, 0, 0, 0),
(152618, 7554, 0.5, 0, 1, 1, 0, 0, 0),
(152618, 856, 0.2, 0, 1, 1, 0, 0, 0),
(152618, 1206, 0.2, 0, 1, 1, 0, 0, 0),
(152618, 2406, 0.2, 0, 1, 1, 0, 0, 0),
(152618, 2408, 0.2, 0, 1, 1, 0, 0, 0),
(152618, 2881, 0.2, 0, 1, 1, 0, 0, 0),
(152618, 2882, 0.2, 0, 1, 1, 0, 0, 0),
(152618, 2883, 0.2, 0, 1, 1, 0, 0, 0),
(152618, 3393, 0.2, 0, 1, 1, 0, 0, 0),
(152618, 4294, 0.2, 0, 1, 1, 0, 0, 0),
(152618, 4347, 0.2, 0, 1, 1, 0, 0, 0),
(152618, 5972, 0.2, 0, 1, 1, 0, 0, 0),
(152618, 6347, 0.2, 0, 1, 1, 0, 0, 0),
(152618, 6391, 0.2, 0, 1, 1, 0, 0, 0),
(152618, 6536, 0.2, 0, 1, 1, 0, 0, 0),
(152618, 6547, 0.2, 0, 1, 1, 0, 0, 0),
(152618, 6575, 0.2, 0, 1, 1, 0, 0, 0),
(152618, 6585, 0.2, 0, 1, 1, 0, 0, 0),
(152618, 7608, 0.2, 0, 1, 1, 0, 0, 0),
(152618, 9776, 0.2, 0, 1, 1, 0, 0, 0),
(152618, 9777, 0.2, 0, 1, 1, 0, 0, 0),
(152618, 9783, 0.2, 0, 1, 1, 0, 0, 0),
(152618, 9784, 0.2, 0, 1, 1, 0, 0, 0),
(152618, 9789, 0.2, 0, 1, 1, 0, 0, 0),
(152618, 9790, 0.2, 0, 1, 1, 0, 0, 0),
(152618, 11038, 0.2, 0, 1, 1, 0, 0, 0),
(152618, 11039, 0.2, 0, 1, 1, 0, 0, 0),
(152618, 11965, 0.2, 0, 1, 1, 0, 0, 0),
(152618, 11981, 0.2, 0, 1, 1, 0, 0, 0);
DELETE FROM `gameobject_loot_template` WHERE (`entry`=173234);
INSERT INTO `gameobject_loot_template` VALUES 
(173234, 11614, 38.6503, 0, 1, 1, 0, 0, 0),
(173234, 11615, 19.0184, 0, 1, 1, 0, 0, 0),
(173234, 12827, 31.9018, 0, 1, 1, 0, 0, 0),
(173234, 12830, 10.4295, 0, 1, 1, 0, 0, 0);
DELETE FROM `gameobject_loot_template` WHERE (`entry`=176248);
INSERT INTO `gameobject_loot_template` VALUES 
(176248, 13172, -100, 0, 1, 1, 0, 0, 0);
DELETE FROM `gameobject_loot_template` WHERE (`entry`=176325);
INSERT INTO `gameobject_loot_template` VALUES 
(176325, 11614, 38.6503, 0, 1, 1, 0, 0, 0),
(176325, 11615, 19.0184, 0, 1, 1, 0, 0, 0),
(176325, 12827, 31.9018, 0, 1, 1, 0, 0, 0),
(176325, 12830, 10.4295, 0, 1, 1, 0, 0, 0);
DELETE FROM `gameobject_loot_template` WHERE (`entry`=176327);
INSERT INTO `gameobject_loot_template` VALUES 
(176327, 11614, 38.6503, 0, 1, 1, 0, 0, 0),
(176327, 11615, 19.0184, 0, 1, 1, 0, 0, 0),
(176327, 12827, 31.9018, 0, 1, 1, 0, 0, 0),
(176327, 12830, 10.4295, 0, 1, 1, 0, 0, 0);
DELETE FROM `gameobject_loot_template` WHERE (`entry`=176636);
INSERT INTO `gameobject_loot_template` VALUES 
(176636, 8838, 100, 0, 1, 3, 0, 0, 0),
(176636, 11514, -100, 0, 1, 1, 0, 0, 0);
DELETE FROM `gameobject_loot_template` WHERE (`entry`=176637);
INSERT INTO `gameobject_loot_template` VALUES 
(176637, 8846, 100, 0, 1, 3, 0, 0, 0),
(176637, 11514, -100, 0, 1, 1, 0, 0, 0);
DELETE FROM `gameobject_loot_template` WHERE (`entry`=176638);
INSERT INTO `gameobject_loot_template` VALUES 
(176638, 13464, 100, 0, 1, 3, 0, 0, 0),
(176638, 19726, 0.334544, 0, 1, 1, 0, 0, 0);
DELETE FROM `gameobject_loot_template` WHERE (`entry`=176639);
INSERT INTO `gameobject_loot_template` VALUES 
(176639, 13463, 100, 0, 1, 3, 0, 0, 0),
(176639, 19726, 0.17156, 0, 1, 1, 0, 0, 0);
DELETE FROM `gameobject_loot_template` WHERE (`entry`=176640);
INSERT INTO `gameobject_loot_template` VALUES 
(176640, 13465, 100, 0, 1, 3, 0, 0, 0),
(176640, 19726, 0.3, 0, 1, 1, 0, 0, 0);
DELETE FROM `gameobject_loot_template` WHERE (`entry`=176641);
INSERT INTO `gameobject_loot_template` VALUES 
(176641, 11514, -100, 0, 1, 1, 0, 0, 0),
(176641, 13466, 100, 0, 1, 3, 0, 0, 0);
DELETE FROM `gameobject_loot_template` WHERE (`entry`=176642);
INSERT INTO `gameobject_loot_template` VALUES 
(176642, 8836, 100, 0, 1, 3, 0, 0, 0),
(176642, 11514, -100, 0, 1, 1, 0, 0, 0);
DELETE FROM `gameobject_loot_template` WHERE (`entry`=176643);
INSERT INTO `gameobject_loot_template` VALUES 
(176643, 7910, 0.776674, 0, 1, 1, 0, 0, 0),
(176643, 9262, 1.0117, 0, 1, 1, 0, 0, 0),
(176643, 10620, 100, 0, 1, 1, 0, 0, 0),
(176643, 11513, -80, 0, 1, 1, 0, 0, 0),
(176643, 12361, 0.71241, 0, 1, 1, 0, 0, 0),
(176643, 12363, 2.46406, 0, 1, 1, 0, 0, 0),
(176643, 12364, 0.743624, 0, 1, 1, 0, 0, 0),
(176643, 12365, 40.1594, 0, 1, 3, 0, 0, 0),
(176643, 12799, 0.716082, 0, 1, 1, 0, 0, 0),
(176643, 12800, 0.749132, 0, 1, 1, 0, 0, 0);
DELETE FROM `gameobject_loot_template` WHERE (`entry`=176645);
INSERT INTO `gameobject_loot_template` VALUES 
(176645, 3858, 100, 0, 1, 1, 0, 0, 0),
(176645, 3864, 0.8, 0, 1, 1, 0, 0, 0),
(176645, 7909, 0.8, 0, 1, 1, 0, 0, 0),
(176645, 7910, 0.8, 0, 1, 1, 0, 0, 0),
(176645, 7912, 40, 0, 1, 4, 0, 0, 0),
(176645, 9262, 1.1, 0, 1, 1, 0, 0, 0),
(176645, 11513, -80, 0, 1, 1, 0, 0, 0);
DELETE FROM `gameobject_loot_template` WHERE (`entry`=177726);
INSERT INTO `gameobject_loot_template` VALUES 
(177726, 11143, -100, 0, 1, 3, 0, 0, 0);
UPDATE `gameobject_template` SET `faction` = 14 WHERE `entry` = 177793;
DELETE FROM `gameobject` WHERE `id`=177844;
DELETE FROM `gameobject_loot_template` WHERE (`entry`=178105);
INSERT INTO `gameobject_loot_template` VALUES 
(178105, 16581, -100, 0, 1, 1, 0, 0, 0);
DELETE FROM `gameobject_loot_template` WHERE (`entry`=178106);
INSERT INTO `gameobject_loot_template` VALUES 
(178106, 16581, -100, 0, 1, 1, 0, 0, 0);
DELETE FROM `gameobject_loot_template` WHERE (`entry`=180501);
INSERT INTO `gameobject_loot_template` VALUES 
(180501, 20378, -100, 0, 1, 1, 0, 0, 0);
UPDATE `gameobject_template` SET `displayId` = 259, `flags` = 2, `data0` = 57, `data1` = 184931 WHERE `entry` = 184934;
UPDATE `gameobject_template` SET `displayId` = 259, `flags` = 2, `data0` = 57, `data1` = 184931 WHERE `entry` = 184932;
UPDATE `gameobject_template` SET `displayId` = 259, `flags` = 2, `data0` = 1666, `data1` = 184936 WHERE `entry` = 184938;
UPDATE `gameobject_template` SET `displayId` = 259, `flags` = 2, `data0` = 1666, `data1` = 184936 WHERE `entry` = 184940;
INSERT INTO `gameobject` (`guid`, `id`, `map`, `spawnMask`, `position_x`, `position_y`, `position_z`, `orientation`, `rotation0`, `rotation1`, `rotation2`, `rotation3`, `spawntimesecs`, `animprogress`, `state`) VALUES
('73726', 176309, 329, 1, 3640.27, -3467.36, 139.399, 4.8734, 0, 0, 0.647952, -0.761681, 500, 100, 1),
('72414', 176309, 329, 1, 3467.27, -3299.69, 132.705, 6.174, 0, 0, 0.0545633, -0.99851, 500, 100, 1),
('72415', 176309, 329, 1, 3807.21, -3657.68, 147.262, 2.11131, 0, 0, 0.870223, 0.492658, 500, 100, 1),
('72470', 176309, 329, 1, 3889.69, -3698.15, 143.826, 4.43372, 0, 0, 0.798459, -0.602049, 500, 100, 1),
('72480', 176309, 329, 1, 3951.96, -3632.98, 133.469, 4.55782, 0, 0, 0.759591, -0.650401, 500, 100, 1),
('72483', 176309, 329, 1, 3689.47, -3419.07, 133.052, 1.81976, 0, 0, 0.789432, 0.613839, 500, 100, 1),
('72466', 176309, 329, 1, 3738.66, -3482.75, 131.412, 2.302, 0, 0, 0.913172, 0.407575, 500, 100, 1),
('72471', 176309, 329, 1, 3706.72, -3586.22, 140.743, 4.22937, 0, 0, 0.855704, -0.517466, 500, 100, 1),
('72478', 175537, 329, 1, 3640.27, -3467.36, 139.399, 4.8734, 0, 0, 0.647952, -0.761681, 500, 100, 1),
('72482', 175537, 329, 1, 3467.27, -3299.69, 132.705, 6.174, 0, 0, 0.0545633, -0.99851, 500, 100, 1),
('72477', 175537, 329, 1, 3807.21, -3657.68, 147.262, 2.11131, 0, 0, 0.870223, 0.492658, 500, 100, 1),
('72469', 175537, 329, 1, 3889.69, -3698.15, 143.826, 4.43372, 0, 0, 0.798459, -0.602049, 500, 100, 1),
('72472', 175537, 329, 1, 3951.96, -3632.98, 133.469, 4.55782, 0, 0, 0.759591, -0.650401, 500, 100, 1),
('72468', 175537, 329, 1, 3689.47, -3419.07, 133.052, 1.81976, 0, 0, 0.789432, 0.613839, 500, 100, 1),
('72467', 175537, 329, 1, 3738.66, -3482.75, 131.412, 2.302, 0, 0, 0.913172, 0.407575, 500, 100, 1),
('72473', 175537, 329, 1, 3706.72, -3586.22, 140.743, 4.22937, 0, 0, 0.855704, -0.517466, 500, 100, 1);
UPDATE `gameobject_template` SET `data7` = 176750 WHERE `entry` = 176752;
INSERT INTO `gameobject` (guid, id, map, position_x, position_y, position_z, orientation, rotation2, rotation3, spawntimesecs) VALUES ( 72481, 210062, 1, -1466.55, 2670.14, 76.7236, 4.94014, 0.622181, -0.782874, 25);
INSERT INTO `gameobject` (guid, id, map, position_x, position_y, position_z, orientation, rotation2, rotation3, spawntimesecs) VALUES ( 72485, 210062, 1, -1472.89, 2719.06, 77.5831, 2.51325, 0.951053, 0.309027, 25);
INSERT INTO `gameobject` (guid, id, map, position_x, position_y, position_z, orientation, rotation2, rotation3, spawntimesecs) VALUES ( 72487, 210062, 1, -1428.83, 2697.74, 77.1306, 0.824642, 0.400737, 0.916193, 25);
INSERT INTO `gameobject` (guid, id, map, position_x, position_y, position_z, orientation, rotation2, rotation3, spawntimesecs) VALUES ( 72503, 210062, 1, -1420.2, 2653.39, 76.0117, 5.64697, 0.312769, -0.949829, 25);
UPDATE `gameobject_template` SET `data7` = 175535 WHERE `entry` = 176224;
UPDATE `gameobject_template` SET `data1` = 176224 WHERE `entry` = 176309;


# QUEST
UPDATE `quest_template` SET `QuestFlags` = 8, `ReqCreatureOrGOId1` = 18458, `ReqCreatureOrGOCount1` = 1 WHERE `entry` = 9959;
UPDATE `quest_template` SET `ReqCreatureOrGOId1` = 22355 WHERE `entry` = 10873;
UPDATE `quest_template` SET `RewRepFaction2` = 930, `RewRepFaction3` = 54, `RewRepValue2` = 19, `RewRepValue3` = 19 WHERE `entry` = 1010;
UPDATE `quest_template` SET `RequestItemsText` = 'Did I mention my love for eggs? Completion', `ObjectiveText1` = 'Attempt to Steal Egg' WHERE `entry` = 10111;
UPDATE `quest_template` SET `MinLevel` = 65, `RequestItemsText` = 'Is it done?  Did you return some life to my ancient home?' WHERE `entry` = 10771;
UPDATE `quest_template` SET `RequiredRaces` = 690, `RewRepFaction2` = 530, `RewRepFaction3` = 76, `RewRepFaction4` = 911, `RewRepFaction5` = 81, `RewRepValue1` = 219, `RewRepValue2` = 87, `RewRepValue3` = 87, `RewRepValue4` = 87, `RewRepValue5` = 87 WHERE `entry` = 547;
UPDATE `quest_template` SET `OfferRewardText` = 'Thanks a lot for your help! As long as Brewfest is going and the Dark Iron Dwarves are attacking, I''ll need some help shipping kegs. So if you want to work for more tickets, talk to me every day.$B$BBut enough about that, I need to pay you for the job you just did. Here are your tickets, have fun at Brewfest!', `RequestItemsText` = 'I need those kegs! So, what are yeh waitin'' for!?!' WHERE `entry` = 11122;
UPDATE `quest_template` SET `RewRepFaction2` = 69, `RewRepFaction3` = 930, `RewRepFaction4` = 54, `RewRepFaction5` = 72, `RewRepValue1` = 63, `RewRepValue2` = 63, `RewRepValue3` = 63, `RewRepValue4` = 63, `RewRepValue5` = 63, `RewMoneyMaxLevel` = 3000 WHERE `entry` = 3201;
INSERT INTO `creature_questrelation` (`id`, `quest`) VALUES (9077, 4903);
UPDATE `quest_template` SET `RewRepFaction1` = 21, `RewRepFaction2` = 87, `RewRepValue1` = 500, `RewRepValue2` = -500 WHERE `entry` = 8554;
UPDATE `quest_template` SET `Details` = '', `Objectives` = '' WHERE `entry` = 619;
UPDATE `quest_template` SET `Details` = 'This is an abandoned lifeboat.  Printed along its side in scratched, faded paint are the words:$B$B"Smotts'' Revenge"' WHERE `entry` = 619;
UPDATE `quest_template` SET `NextQuestId` = -619 WHERE `entry` = 8554;
UPDATE `quest_template` SET `Details` = 'After I lost my first ship to those giants, I bought another.  Named Smotts'' Revenge, I filled it with supplies and crew, and set out to find the villains.  I found them, but...they beat me.  They smashed Smotts'' Revenge, killed my second crew and set me on another lifeboat.$B$BThis time another of the giants, Negolash, stole my cutlass.$B$BFace Negolash and bring me my cutlass!$B$BSpeak with Sprogger.  He was my cook on the Smotts'' Revenge, and survived the last attack.  He can help you find the giant.', `OfferRewardText` = 'Hello hello, $N. Captain told me you''re going after Negolash, eh?' WHERE `entry` = 8553;
DELETE FROM `creature_questrelation` WHERE `quest` = 6922;
DELETE FROM `gameobject_questrelation` WHERE `quest` = 6922;
UPDATE `item_template` SET `StartQuest`=0 WHERE `StartQuest` = 6922;
UPDATE `item_template` SET `startquest`=6922 WHERE `entry` = 16782;
DELETE FROM `creature_involvedrelation` WHERE `quest` = 6922;
DELETE FROM `gameobject_involvedrelation` WHERE `quest` = 6922;
INSERT INTO `creature_involvedrelation` (`id`, `quest`) VALUES (12736, 6922);
UPDATE `creature_template` SET `npcflag`=`npcflag`|2 WHERE `entry`=12736;
UPDATE `quest_template` SET `OfferRewardText` = 'This... this is quite the find, $N.$B$BYou acquired this from Baron Aquanis in Blackfathom, you say?  Baron Aquanis has long been thought of as a corrupted elemental power; this globe will prove what exactly had corrupted him.  While it would be no surprise if it turned out to be the Twilight''s Hammer, our studies will also show how they did it as well.$B$BYou did well in bringing this to me.  Please - take this, along with the Earthen Ring''s warmest regards.' WHERE `entry` = 6922;
DELETE FROM `creature_questrelation` WHERE `quest` = 909;
DELETE FROM `gameobject_questrelation` WHERE `quest` = 909;
UPDATE `item_template` SET `StartQuest`=0 WHERE `StartQuest` = 909;
UPDATE `item_template` SET `startquest`=909 WHERE `entry` = 16782;
DELETE FROM `creature_involvedrelation` WHERE `quest` = 909;
DELETE FROM `gameobject_involvedrelation` WHERE `quest` = 909;
INSERT INTO `creature_involvedrelation` (`id`, `quest`) VALUES (12736, 909);
UPDATE `creature_template` SET `npcflag`=`npcflag`|2 WHERE `entry`=12736;
UPDATE `quest_template` SET `ExclusiveGroup` = 6922 WHERE `entry` = 6922;
UPDATE `quest_template` SET `ExclusiveGroup` = 909 WHERE `entry` = 909;
UPDATE `quest_template` SET `SpecialFlags` = 2 WHERE `entry` =11122;


# NPC
UPDATE `creature_template` SET `RegenHealth`=0 WHERE `entry`=18708;
DELETE FROM `creature` WHERE `id`=23721;
INSERT INTO `creature` (`guid`,`id`,`map`,`spawnMask`,`modelid`,`equipment_id`,`position_x`,`position_y`,`position_z`,`orientation`,`spawntimesecs`,`spawndist`,`currentwaypoint`,`curhealth`,`curmana`,`DeathState`,`MovementType`) VALUES
(169352, 23721, 530, 1, 0, 0, -2197.05, 5130.85, -20.4891, 3.4576, 25, 0, 0, 6400, 0, 0, 0),
(169353, 23721, 530, 1, 0, 0, -2200.36, 5113.89, -20.2293, 2.32662, 25, 0, 0, 6400, 0, 0, 0),
(169354, 23721, 530, 1, 0, 0, -2215.1, 5117.98, -20.106, 0.230397, 25, 0, 0, 6400, 0, 0, 0),
(169355, 23721, 530, 1, 0, 0, -2211.77, 5131.87, -20.1147, 5.22553, 25, 0, 0, 6400, 0, 0, 0);
DELETE FROM `creature` WHERE `id`=23830;
INSERT INTO `creature` (`guid`,`id`,`map`,`spawnMask`,`modelid`,`equipment_id`,`position_x`,`position_y`,`position_z`,`orientation`,`spawntimesecs`,`spawndist`,`currentwaypoint`,`curhealth`,`curmana`,`DeathState`,`MovementType`) VALUES
(169356, 23830, 530, 1, 0, 0, -2208.33, 5123.95, -20.1186, 2.94598, 25, 0, 0, 1, 0, 0, 0);
DELETE FROM `creature` WHERE `id`=23619;
INSERT INTO `creature` (`guid`,`id`,`map`,`spawnMask`,`modelid`,`equipment_id`,`position_x`,`position_y`,`position_z`,`orientation`,`spawntimesecs`,`spawndist`,`currentwaypoint`,`curhealth`,`curmana`,`DeathState`,`MovementType`) VALUES
(169357, 23619, 530, 1, 0, 0, -2219.29, 5132.09, -16.5128, 5.7224, 250, 0, 0, 5900, 7196, 0, 0);
DELETE FROM `creature` WHERE `id`=23623;
INSERT INTO `creature` (`guid`,`id`,`map`,`spawnMask`,`modelid`,`equipment_id`,`position_x`,`position_y`,`position_z`,`orientation`,`spawntimesecs`,`spawndist`,`currentwaypoint`,`curhealth`,`curmana`,`DeathState`,`MovementType`) VALUES
(169358, 23623, 530, 1, 0, 0, -2228.03, 5128.02, -12.9897, 5.95488, 250, 0, 0, 11000, 3155, 0, 0);
DELETE FROM `creature` WHERE `id`=23624;
INSERT INTO `creature` (`guid`,`id`,`map`,`spawnMask`,`modelid`,`equipment_id`,`position_x`,`position_y`,`position_z`,`orientation`,`spawntimesecs`,`spawndist`,`currentwaypoint`,`curhealth`,`curmana`,`DeathState`,`MovementType`) VALUES
(169359, 23624, 530, 1, 0, 0, -2221.76, 5125.29, -16.5372, 6.20225, 250, 0, 0, 7200, 3155, 0, 0);
DELETE FROM `creature` WHERE `id`=23625;
INSERT INTO `creature` (`guid`,`id`,`map`,`spawnMask`,`modelid`,`equipment_id`,`position_x`,`position_y`,`position_z`,`orientation`,`spawntimesecs`,`spawndist`,`currentwaypoint`,`curhealth`,`curmana`,`DeathState`,`MovementType`) VALUES
(169360, 23625, 530, 1, 0, 0, -2219.62, 5126.88, -16.5514, 6.08525, 250, 0, 0, 6100, 0, 0, 0);
DELETE FROM `creature` WHERE `id`=23626;
INSERT INTO `creature` (`guid`,`id`,`map`,`spawnMask`,`modelid`,`equipment_id`,`position_x`,`position_y`,`position_z`,`orientation`,`spawntimesecs`,`spawndist`,`currentwaypoint`,`curhealth`,`curmana`,`DeathState`,`MovementType`) VALUES
(169361, 23626, 530, 1, 0, 0, -2220.74, 5121.65, -16.5147, 6.02004, 250, 0, 0, 12000, 3155, 0, 0);
DELETE FROM `game_event` WHERE (`entry`=34);
INSERT INTO `game_event` (`entry`, `start_time`, `end_time`, `occurence`, `length`, `description`) VALUES (34, '2008-02-13 18:59:50', '2020-01-01 00:00:00', 60, 5, 'L70ETC Concert');
DELETE FROM `game_event_creature` WHERE abs(`event`) = 34;
INSERT INTO `game_event_creature` (`guid`, `event`) VALUES (169357,34), (169358,34), (169359,34), (169360,34), (169361,34), (169352,34), (169353,34), (169354,34), (169355,34), (169356,34);
DELETE FROM `game_event_gameobject` WHERE abs(`event`) = 34;
INSERT INTO `game_event_gameobject` (`guid`, `event`) VALUES (74076,34);
DELETE FROM `creature` WHERE `guid` in (284496,284497,284503,289344,282571,285131,289344,289367,289344,279824,289367,282571,289364,289342,289359,289354,89108,282477,103533,248869,248846,248866,248868,248840,248841,248863,248865,248873,248872,248874,248851,248864,248852,248896,82454,248853,248856,246731,213941,248884,248844,244899,207648,248850,248849,248848,248847,245381,248845,248843,248842,248858,248862,248883,248882,248881,248880,248879,248878,248877,248875,248871,248885,248886,248895,248894,248893,248892,248891,248890,248870,248889,248888,248887,127681,127681,128058,128056,128029,128027,127468);
DELETE FROM `creature` WHERE `guid` in (67355,67411,67428);
UPDATE `creature_template` SET `flag1` = 0 WHERE `entry` = 9077;
DELETE FROM `creature` WHERE `id`=11119;
INSERT INTO `creature` (`guid`,`id`,`map`,`spawnMask`,`modelid`,`equipment_id`,`position_x`,`position_y`,`position_z`,`orientation`,`spawntimesecs`,`spawndist`,`currentwaypoint`,`curhealth`,`curmana`,`DeathState`,`MovementType`) VALUES
(45095, 11119, 1, 1, 0, 1194, 6753.49, -4652.59, 724.333, 2.92836, 900, 0, 0, 1900, 0, 0, 0);
UPDATE `creature_template` SET `npcflag`='1048576' WHERE (`entry`='15006');
DELETE FROM `creature_loot_template` WHERE (`entry`=12876) AND (`item`=16782);
INSERT INTO `creature_loot_template` (`entry`, `item`, `ChanceOrQuestChance`, `groupid`, `mincountOrRef`, `maxcount`, `lootcondition`, `condition_value1`, `condition_value2`) VALUES (12876, 16782, 100, 0, 1, 1, 6, 67, 0);
DELETE FROM pet_levelstats WHERE creature_entry = 6250;
INSERT IGNORE INTO `pet_levelstats` (`creature_entry`, `level`, `hp`, `mana`, `armor`, `str`, `agi`, `sta`, `inte`, `spi`) VALUES
('6250','1','140','48','20','20','5','20','24','23'),
('6250','2','149','59','20','21','5','2','25','24'),
('6250','3','158','70','20','15','5','4','26','25'),
('6250','4','168','81','33','17','5','8','27','26'),
('6250','5','177','92','49','18','5','12','28','27'),
('6250','6','186','103','68','20','7','16','29','27'),
('6250','7','195','114','92','22','7','21','30','28'),
('6250','8','204','125','117','23','8','25','31','29'),
('6250','9','213','136','147','25','9','27','32','30'),
('6250','10','223','147','180','29','10','29','33','31'),
('6250','11','232','158','190','30','11','32','37','35'),
('6250','12','250','180','203','31','12','36','41','39'),
('6250','13','289','203','215','32','13','43','50','43'),
('6250','14','299','227','228','33','13','44','54','47'),
('6250','15','309','251','240','34','13','48','57','52'),
('6250','16','329','275','253','36','13','52','62','56'),
('6250','17','350','300','265','38','13','55','65','65'),
('6250','18','362','314','278','39','13','59','70','70'),
('6250','19','393','351','291','40','13','63','74','75'),
('6250','20','403','377','303','42','13','67','87','78'),
('6250','21','425','393','320','44','13','80','91','83'),
('6250','22','449','420','346','46','13','84','95','86'),
('6250','23','473','447','360','47','13','89','96','90'),
('6250','24','520','476','373','49','13','93','97','95'),
('6250','25','540','504','386','50','13','97','98','100'),
('6250','26','569','534','399','52','13','101','60','78'),
('6250','27','571','564','411','53','14','105','61','81'),
('6250','28','574','592','424','55','15','110','62','86'),
('6250','29','576','620','436','57','16','114','62','89'),
('6250','30','579','648','449','57','16','118','63','92'),
('6250','31','581','676','462','59','16','123','64','95'),
('6250','32','590','720','476','60','17','127','64','98'),
('6250','33','598','742','488','62','18','131','65','101'),
('6250','34','601','793','501','63','19','135','65','104'),
('6250','35','609','845','513','64','19','136','66','107'),
('6250','36','617','879','525','67','19','137','66','110'),
('6250','37','626','916','537','69','19','138','68','112'),
('6250','38','634','952','549','70','19','139','68','115'),
('6250','39','642','988','561','72','19','142','69','118'),
('6250','40','650','1026','639','74','20','147','156','142'),
('6250','41','668','1063','694','77','20','152','160','143'),
('6250','42','676','1103','756','81','20','156','163','144'),
('6250','43','685','1187','808','87','20','160','167','145'),
('6250','44','693','1214','853','91','21','164','170','146'),
('6250','45','701','1240','884','96','21','169','174','148'),
('6250','46','709','1267','910','98','22','173','177','149'),
('6250','47','718','1294','928','100','22','177','181','151'),
('6250','48','726','1320','946','102','22','181','184','152'),
('6250','49','734','1347','964','105','22','186','188','155'),
('6250','50','747','1391','983','107','22','190','194','158'),
('6250','51','750','1435','996','109','22','194','202','161'),
('6250','52','764','1481','1013','112','24','198','208','165'),
('6250','53','787','1527','1039','114','25','203','215','168'),
('6250','54','820','1573','1055','115','26','207','222','172'),
('6250','55','836','1620','1078','119','26','211','229','177'),
('6250','56','846','1666','1091','121','27','215','236','181'),
('6250','57','850','1714','1101','123','27','220','243','185'),
('6250','58','862','1763','1125','125','27','224','250','189'),
('6250','59','878','1824','1150','127','27','230','258','192'),
('6250','60','920','1898','1163','122','27','128','264','197'),
('6250','61','973','1925','1608','132','29','251','271','239'),
('6250','62','1050','1977','1663','135','31','253','278','241'),
('6250','63','1188','2030','1732','137','32','255','285','244'),
('6250','64','1292','2084','1809','139','33','259','292','247'),
('6250','65','1335','2137','1844','142','33','264','299','250'),
('6250','66','1357','2191','1872','144','33','268','306','255'),
('6250','67','1401','2244','1900','146','33','272','313','258'),
('6250','68','1429','2298','1987','148','34','276','320','260'),
('6250','69','1464','2351','2008','151','36','278','327','262'),
('6250','70','1528','2568','2227','152','39','103','334','264');
DELETE FROM pet_levelstats WHERE creature_entry = 5766;
INSERT IGNORE INTO `pet_levelstats` (`creature_entry`, `level`, `hp`, `mana`, `armor`, `str`, `agi`, `sta`, `inte`, `spi`) VALUES
('5766','1','140','48','20','20','5','20','24','23'),
('5766','2','149','59','20','21','5','2','25','24'),
('5766','3','158','70','20','15','5','4','26','25'),
('5766','4','168','81','33','17','5','8','27','26'),
('5766','5','177','92','49','18','5','12','28','27'),
('5766','6','186','103','68','20','7','16','29','27'),
('5766','7','195','114','92','22','7','21','30','28'),
('5766','8','204','125','117','23','8','25','31','29'),
('5766','9','213','136','147','25','9','27','32','30'),
('5766','10','223','147','180','29','10','29','33','31'),
('5766','11','232','158','190','30','11','32','37','35'),
('5766','12','250','180','203','31','12','36','41','39'),
('5766','13','289','203','215','32','13','43','50','43'),
('5766','14','299','227','228','33','13','44','54','47'),
('5766','15','309','251','240','34','13','48','57','52'),
('5766','16','329','275','253','36','13','52','62','56'),
('5766','17','350','300','265','38','13','55','65','65'),
('5766','18','362','314','278','39','13','59','70','70'),
('5766','19','393','351','291','40','13','63','74','75'),
('5766','20','403','377','303','42','13','67','87','78'),
('5766','21','425','393','320','44','13','80','91','83'),
('5766','22','449','420','346','46','13','84','95','86'),
('5766','23','473','447','360','47','13','89','96','90'),
('5766','24','520','476','373','49','13','93','97','95'),
('5766','25','540','504','386','50','13','97','98','100'),
('5766','26','569','534','399','52','13','101','60','78'),
('5766','27','571','564','411','53','14','105','61','81'),
('5766','28','574','592','424','55','15','110','62','86'),
('5766','29','576','620','436','57','16','114','62','89'),
('5766','30','579','648','449','57','16','118','63','92'),
('5766','31','581','676','462','59','16','123','64','95'),
('5766','32','590','720','476','60','17','127','64','98'),
('5766','33','598','742','488','62','18','131','65','101'),
('5766','34','601','793','501','63','19','135','65','104'),
('5766','35','609','845','513','64','19','136','66','107'),
('5766','36','617','879','525','67','19','137','66','110'),
('5766','37','626','916','537','69','19','138','68','112'),
('5766','38','634','952','549','70','19','139','68','115'),
('5766','39','642','988','561','72','19','142','69','118'),
('5766','40','650','1026','639','74','20','147','156','142'),
('5766','41','668','1063','694','77','20','152','160','143'),
('5766','42','676','1103','756','81','20','156','163','144'),
('5766','43','685','1187','808','87','20','160','167','145'),
('5766','44','693','1214','853','91','21','164','170','146'),
('5766','45','701','1240','884','96','21','169','174','148'),
('5766','46','709','1267','910','98','22','173','177','149'),
('5766','47','718','1294','928','100','22','177','181','151'),
('5766','48','726','1320','946','102','22','181','184','152'),
('5766','49','734','1347','964','105','22','186','188','155'),
('5766','50','747','1391','983','107','22','190','194','158'),
('5766','51','750','1435','996','109','22','194','202','161'),
('5766','52','764','1481','1013','112','24','198','208','165'),
('5766','53','787','1527','1039','114','25','203','215','168'),
('5766','54','820','1573','1055','115','26','207','222','172'),
('5766','55','836','1620','1078','119','26','211','229','177'),
('5766','56','846','1666','1091','121','27','215','236','181'),
('5766','57','850','1714','1101','123','27','220','243','185'),
('5766','58','862','1763','1125','125','27','224','250','189'),
('5766','59','878','1824','1150','127','27','230','258','192'),
('5766','60','920','1898','1163','122','27','128','264','197'),
('5766','61','973','1925','1608','132','29','251','271','239'),
('5766','62','1050','1977','1663','135','31','253','278','241'),
('5766','63','1188','2030','1732','137','32','255','285','244'),
('5766','64','1292','2084','1809','139','33','259','292','247'),
('5766','65','1335','2137','1844','142','33','264','299','250'),
('5766','66','1357','2191','1872','144','33','268','306','255'),
('5766','67','1401','2244','1900','146','33','272','313','258'),
('5766','68','1429','2298','1987','148','34','276','320','260'),
('5766','69','1464','2351','2008','151','36','278','327','262'),
('5766','70','1528','2568','2227','152','39','103','334','264');
UPDATE `creature_template` SET `faction_A` = 14, `faction_H` = 14 WHERE `entry` = 15085;
update creature_template set flags_extra=flags_extra|40 where entry=22369;
UPDATE `creature_template` SET `flags_extra`=`flags_extra` | '64' WHERE `entry` IN ('19399', '19398', '19397', '19400', '25027', '25028', '25030', '25031');


# ITEM
UPDATE `item_template` SET `class` = 4, `subclass` = 0, `Flags` = 524288, `RequiredLevel` = 35, `stat_type1` = 3, `stat_value1` = 5, `stat_type2` = 4, `stat_value2` = 5, `stat_type3` = 5, `stat_value3` = 5, `stat_type4` = 6, `stat_value4` = 5, `stat_type5` = 7, `stat_value5` = 5 WHERE `entry` = 9149;
UPDATE `item_template` SET `spellid_1`=34900, `spellcharges_1`=1 WHERE `entry`=28969;


# 2.4.3
UPDATE `quest_template` SET `SpecialFlags` = 2 WHERE `entry` =11122;
UPDATE `item_template` SET `displayid`=44666 WHERE `entry`=8498;
UPDATE `item_template` SET `displayid`=51621 WHERE `entry`=10822;
UPDATE `item_template` SET `displayid`=50502 WHERE `entry`=27515;
UPDATE `item_template` SET `displayid`=50501 WHERE `entry`=27516;
UPDATE `item_template` SET `displayid`=51920 WHERE `entry`=33808;
UPDATE `item_template` SET `displayid`=51758 WHERE `entry`=33868;
UPDATE `item_template` SET `displayid`=7744 WHERE `entry`=33955;
UPDATE npc_trainer  SET reqlevel = '30', spellcost = '350000' WHERE spell = '33388';
UPDATE item_template  SET RequiredLevel = '30' WHERE RequiredSkill = '762' AND RequiredSkillRank = '75';
UPDATE npc_trainer SET reqlevel = '30' WHERE spell IN (5784,13819,34769);
UPDATE item_template SET RequiredLevel='30', ItemLevel='30' WHERE entry='5873';
UPDATE item_template SET RequiredLevel='30', ItemLevel='30' WHERE entry='5872';
UPDATE item_template SET RequiredLevel='30', ItemLevel='30' WHERE entry='5864';
UPDATE item_template SET RequiredLevel='30', ItemLevel='30' WHERE entry='2411';
UPDATE item_template SET RequiredLevel='30', ItemLevel='30' WHERE entry='2414';
UPDATE item_template SET RequiredLevel='30', ItemLevel='30' WHERE entry='5656';
UPDATE item_template SET RequiredLevel='30', ItemLevel='30' WHERE entry='5655';
UPDATE item_template SET RequiredLevel='30', ItemLevel='30' WHERE entry='13333';
UPDATE item_template SET RequiredLevel='30', ItemLevel='30' WHERE entry='13332';
UPDATE item_template SET RequiredLevel='30', ItemLevel='30' WHERE entry='13331';
UPDATE item_template SET RequiredLevel='30', ItemLevel='30' WHERE entry='5668';
UPDATE item_template SET RequiredLevel='30', ItemLevel='30' WHERE entry='1132';
UPDATE item_template SET RequiredLevel='30', ItemLevel='30' WHERE entry='5665';
UPDATE item_template SET RequiredLevel='30', ItemLevel='30' WHERE entry='29744';
UPDATE item_template SET RequiredLevel='30', ItemLevel='30' WHERE entry='28481';
UPDATE item_template SET RequiredLevel='30', ItemLevel='30' WHERE entry='29743';
UPDATE item_template SET RequiredLevel='30', ItemLevel='30' WHERE entry='29220';
UPDATE item_template SET RequiredLevel='30', ItemLevel='30' WHERE entry='29221';
UPDATE item_template SET RequiredLevel='30', ItemLevel='30' WHERE entry='28927';
UPDATE item_template SET RequiredLevel='30', ItemLevel='30' WHERE entry='29222';
UPDATE item_template SET RequiredLevel='30', ItemLevel='30' WHERE entry='15290';
UPDATE item_template SET RequiredLevel='30', ItemLevel='30' WHERE entry='15277';
UPDATE item_template SET RequiredLevel='30', ItemLevel='30' WHERE entry='8595';
UPDATE item_template SET RequiredLevel='30', ItemLevel='30' WHERE entry='13322';
UPDATE item_template SET RequiredLevel='30', ItemLevel='30' WHERE entry='8563';
UPDATE item_template SET RequiredLevel='30', ItemLevel='30' WHERE entry='13321';
UPDATE item_template SET RequiredLevel='30', ItemLevel='30' WHERE entry='8631';
UPDATE item_template SET RequiredLevel='30', ItemLevel='30' WHERE entry='8632';
UPDATE item_template SET RequiredLevel='30', ItemLevel='30' WHERE entry='8629';
UPDATE item_template SET RequiredLevel='30', ItemLevel='30' WHERE entry='33224';
UPDATE item_template SET RequiredLevel='30', ItemLevel='30' WHERE entry='8588';
UPDATE item_template SET RequiredLevel='30', ItemLevel='30' WHERE entry='8591';
UPDATE item_template SET RequiredLevel='30', ItemLevel='30' WHERE entry='8592';
UPDATE `item_template` SET `RequiredLevel`='30', `ItemLevel`='30' WHERE `entry` IN (1132, 2411, 2414, 5655, 5656, 5665, 5668, 5864, 5872, 5873, 8563, 8588, 8591, 8592, 8595, 8629, 8631, 8632, 13321, 13322, 13331, 13332, 13333, 15277, 15290, 28481, 28927, 29220, 29221, 29222, 29743, 29744);


DELETE FROM `db_version`;
INSERT INTO `db_version` VALUES ('YTDB_096_R43.FINAL_rev6375');

# UPDATE `quest_template` SET `NextQuestId`=NextQuestInChain WHERE (`NextQuestId`='0');
# update `creature_template` set ScriptName='generic_creature' WHERE `spell1` > '0' AND `ScriptName` = '';
# UPDATE `creature_template` SET `ScriptName`='' WHERE `type` = '11' AND `name` LIKE '%totem%' AND `faction_A` = '2';
# UPDATE `creature_template` SET `npcflag`=`npcflag`|2 WHERE `entry` IN (SELECT `id` FROM `creature_questrelation`);
# UPDATE `creature_template` SET `npcflag`=`npcflag`|2 WHERE `entry` IN (SELECT `id` FROM `creature_involvedrelation`);
# UPDATE `creature` SET `MovementType` = 0 WHERE `spawndist` = 0 AND `MovementType`=1;
# UPDATE `creature` SET `spawndist`=0 WHERE `MovementType`=0;
# UPDATE `quest_template` SET `SpecialFlags`=`SpecialFlags`|1 WHERE `QuestFlags`=`QuestFlags`|4096;
# delete from npc_gossip where npc_guid not in (select guid from creature);
DELETE FROM `creature_addon` WHERE `guid` NOT IN (SELECT `guid` FROM `creature`);
DELETE FROM `creature_movement` WHERE `id` NOT IN (SELECT `guid` FROM `creature`);
DELETE FROM `npc_gossip` WHERE `npc_guid` NOT IN (SELECT `guid` FROM `creature`);
DELETE FROM `game_event_gameobject` WHERE `guid` NOT IN (SELECT `guid` FROM `gameobject`);
DELETE FROM `game_event_creature` WHERE `guid` NOT IN (SELECT `guid` FROM `creature`);
UPDATE `creature`, `creature_template` SET `creature`.`curhealth`=`creature_template`.`minhealth`,`creature`.`curmana`=`creature_template`.`minmana` WHERE `creature`.`id`=`creature_template`.`entry` and `creature_template`.`RegenHealth` = '1';
UPDATE `creature` SET `MovementType` = 0 WHERE `spawndist` = 0 AND `MovementType`=1;
UPDATE `creature` SET `spawndist`=0 WHERE `MovementType`=0;
update gameobject_template, gameobject set gameobject.animprogress = 100 where gameobject_template.entry = gameobject.id and gameobject_template.type = 3;
UPDATE `gameobject` SET `state` = 0 WHERE `id` IN (SELECT `entry` FROM `gameobject_template` WHERE `type` = 0 AND `data0` = 1);
UPDATE `creature_template` SET `ScriptName`='' WHERE `entry` in ('6172','6177','17542','17768');
