# GOLD
CREATE TABLE `_gold` (
  `entry` mediumint(8) unsigned NOT NULL default '0',
  `mingold` mediumint(8) unsigned NOT NULL default '0',
  `maxgold` mediumint(8) unsigned NOT NULL default '0',
  PRIMARY KEY  (`entry`)
) ENGINE=InnoDB DEFAULT CHARSET=latin1;
INSERT INTO `_gold` VALUES (30,0,0),(54,29,98),(61,10,12),(97,7,7),(115,30,30),(210,75,75),(215,62,62),(295,150,150),(297,350,350),(334,229,229),(422,33,33),(424,27,27),(429,67,67),(431,64,64),(432,56,56),(437,48,48),(446,36,36),(450,35,35),(454,0,0),(456,15,15),(465,35,98),(468,140,280),(472,12,12),(486,178,178),(487,98,312),(495,124,404),(501,18,18),(503,109,109),(507,116,116),(514,72,144),(518,68,68),(519,19,19),(520,31,31),(539,0,0),(544,48,48),(565,0,0),(569,0,0),(572,40,40),(573,40,40),(579,57,57),(580,39,39),(584,70,70),(634,91,91),(639,147,147),(645,121,121),(671,144,162),(675,111,224),(677,104,199),(681,0,0),(683,0,0),(684,0,0),(686,0,0),(687,0,0),(703,68,68),(704,0,0),(708,0,0),(712,18,18),(727,76,316),(743,141,240),(747,137,221),(752,143,262),(754,107,107),(756,0,0),(761,148,165),(762,148,169),(771,101,101),(772,0,0),(784,126,208),(785,84,88),(814,152,177),(830,0,0),(831,0,0),(832,36,95),(834,0,0),(840,142,426),(842,4,4),(862,148,155),(864,165,519),(868,161,405),(881,7,7),(886,152,304),(887,156,312),(888,87,174),(891,74,74),(892,80,80),(898,74,74),(905,0,0),(909,66,66),(918,173,574),(921,136,136),(923,0,0),(928,205,627),(930,0,0),(949,0,0),(950,132,446),(963,31,105),(979,152,178),(1008,48,48),(1012,72,90),(1014,74,74),(1015,0,0),(1016,0,0),(1017,0,0),(1018,0,0),(1019,0,0),(1020,0,0),(1021,0,0),(1026,52,52),(1027,72,92),(1031,21,21),(1033,25,25),(1040,72,90),(1042,58,58),(1046,1486,1486),(1047,1708,1708),(1048,1645,1645),(1049,2131,2131),(1059,129,243),(1060,717,717),(1065,14,14),(1071,140,280),(1073,81,162),(1075,75,150),(1083,27,27),(1085,0,0),(1094,136,144),(1108,0,0),(1109,0,0),(1114,0,0),(1120,6,6),(1125,0,0),(1126,0,0),(1128,0,0),(1131,0,0),(1138,0,0),(1144,144,160),(1150,0,0),(1152,0,0),(1158,81,81),(1165,29,29),(1167,33,33),(1169,33,33),(1175,14,14),(1184,0,0),(1186,0,0),(1188,0,0),(1191,0,0),(1196,0,0),(1200,416,416),(1201,0,0),(1202,12,12),(1210,165,165),(1211,7,7),(1216,0,0),(1246,86,316),(1251,84,86),(1257,95,302),(1259,53,53),(1270,93,94),(1284,62999,94506),(1297,88,305),(1298,102,287),(1301,77,303),(1302,86,298),(1303,94,295),(1339,81,310),(1393,35,35),(1399,47,47),(1400,0,0),(1410,195,637),(1417,0,0),(1418,84,88),(1421,122,122),(1424,19,19),(1425,16,16),(1427,24,60),(1489,149,241),(1492,680,680),(1493,1032,1032),(1508,0,0),(1509,0,0),(1512,0,0),(1513,0,0),(1533,7,7),(1537,7,7),(1539,8,8),(1540,8,8),(1547,10,30),(1550,0,0),(1551,0,0),(1553,0,0),(1554,0,0),(1654,8,8),(1658,15,15),(1664,12,12),(1748,629820,945290),(1749,215,608),(1751,171,595),(1772,13,13),(1773,14,14),(1779,14,14),(1784,135,384),(1787,183,448),(1796,147,465),(1797,0,0),(1806,159,242),(1813,176,479),(1816,0,0),(1824,0,0),(1833,154,447),(1838,1780,1780),(1839,2078,2078),(1841,1755,1755),(1842,2305,2305),(1843,1931,1931),(1844,515,515),(1845,166,570),(1847,422,422),(1850,537,537),(1851,472,472),(1852,1926,1926),(1869,18,18),(1870,20,20),(1871,84,174),(1889,37,37),(1909,30,30),(1911,118,182),(1913,27,27),(1917,2,2),(1918,2,2),(1924,20,20),(1943,32,32),(1944,51,51),(1946,24,60),(1948,56,56),(1953,21,21),(1956,33,33),(1957,26,26),(1964,50,734),(1975,5,5),(1985,0,0),(1986,0,0),(1996,0,0),(2017,7,7),(2020,8,8),(2027,7,7),(2030,8,8),(2032,0,0),(2042,0,0),(2054,35,35),(2061,17,17),(2062,13,13),(2063,16,16),(2064,16,16),(2089,0,0),(2102,39,39),(2118,18,45),(2134,26,98),(2142,128,256),(2149,16,16),(2153,47,47),(2157,35,35),(2160,37,37),(2162,7,7),(2163,0,0),(2169,20,30),(2183,37,37),(2191,17,17),(2202,14,14),(2243,144,162),(2247,127,190),(2264,64,64),(2321,0,0),(2332,47,47),(2351,0,0),(2354,0,0),(2359,132,272),(2362,13,13),(2363,71,71),(2372,75,75),(2379,103,103),(2384,0,0),(2395,118,118),(2396,108,108),(2404,77,77),(2405,134,150),(2408,0,0),(2413,132,132),(2417,566,566),(2423,122,216),(2425,61993,93002),(2427,62,62),(2433,767,767),(2434,148,163),(2448,72,72),(2456,114,463),(2470,148,296),(2475,108,300),(2478,98,98),(2479,124,248),(2500,148,296),(2521,0,0),(2522,0,0),(2534,126,278),(2535,114,236),(2536,109,242),(2540,0,0),(2541,266,266),(2547,120,234),(2551,138,240),(2559,0,0),(2560,0,0),(2563,0,0),(2579,0,0),(2592,152,312),(2599,174,174),(2601,243,243),(2602,531,531),(2603,156,156),(2604,382,581),(2605,138,138),(2621,137,509),(2624,113,199),(2649,106,204),(2691,151,242),(2692,120,261),(2693,118,269),(2694,156,286),(2696,92,293),(2701,152,182),(2717,128,213),(2719,141,257),(2726,701,701),(2729,0,0),(2730,0,0),(2732,0,0),(2733,144,150),(2734,0,0),(2735,148,312),(2740,144,162),(2744,184,184),(2749,240,240),(2760,152,312),(2761,152,312),(2762,152,312),(2781,225,225),(2793,156,194),(2879,133,395),(2923,0,0),(2924,0,0),(2925,0,0),(2926,0,0),(2929,124,291),(2932,181,181),(2945,130,226),(2952,2,2),(2956,0,0),(2957,0,0),(2958,0,0),(2963,7,7),(2967,7,7),(2978,7,7),(2985,18,45),(2993,33,100),(3002,113,389),(3032,202,600),(3035,0,0),(3039,170,582),(3047,182,597),(3054,14,35),(3094,159,342),(3099,0,0),(3100,0,0),(3102,9,42),(3105,7,7),(3122,0,0),(3123,0,0),(3124,0,0),(3125,0,0),(3126,0,0),(3192,7,7),(3203,13,13),(3227,0,0),(3234,0,0),(3242,0,0),(3244,0,0),(3245,0,0),(3246,0,0),(3247,0,0),(3248,0,0),(3254,0,0),(3255,0,0),(3256,0,0),(3261,33,33),(3274,18,18),(3276,18,18),(3292,18,45),(3344,196,576),(3361,104,296),(3375,53,53),(3376,58,58),(3394,25,25),(3395,32,32),(3414,89,89),(3425,0,0),(3426,0,0),(3434,55,55),(3445,29,29),(3454,33,33),(3456,39,39),(3461,0,0),(3467,27,27),(3470,20,20),(3501,133,410),(3518,30,75),(3577,18,18),(3578,19,19),(3586,114,114),(3617,13,13),(3626,18,49),(3638,192,425),(3640,204,450),(3664,40,40),(3670,142,142),(3715,36,36),(3717,33,33),(3735,59,59),(3736,60,60),(3739,35,35),(3740,41,41),(3742,39,39),(3745,57,57),(3749,60,60),(3750,29,43),(3754,84,85),(3755,84,87),(3758,68,68),(3762,65,65),(3763,75,75),(3765,73,73),(3772,60,60),(3780,46,46),(3781,57,57),(3782,63,63),(3784,70,70),(3792,101,101),(3799,84,86),(3801,84,89),(3802,90,95),(3803,92,93),(3806,85,90),(3810,0,0),(3815,67,67),(3816,0,0),(3818,0,0),(3819,0,0),(3820,0,0),(3825,0,0),(3834,78,78),(3854,124,124),(3859,178,178),(3863,480,1000),(3884,26,65),(3894,63,126),(3898,59,59),(3899,61,61),(3919,74,74),(3922,29,43),(3928,60,132),(3937,24,60),(3939,0,0),(3940,110,110),(3942,127,127),(3943,53,53),(3945,120,312),(3976,660,660),(3977,659,659),(3987,65,65),(3988,36,36),(3991,36,36),(3992,39,39),(3993,47,47),(3998,34,34),(4001,32,32),(4002,47,47),(4003,38,38),(4017,72,72),(4028,66,66),(4035,78,162),(4036,69,144),(4038,78,162),(4049,78,156),(4066,280,280),(4070,38,38),(4073,55,55),(4074,51,51),(4075,0,0),(4081,87,174),(4082,128,256),(4094,62,62),(4107,0,0),(4109,0,0),(4112,67,67),(4118,0,0),(4127,0,0),(4130,128,264),(4131,136,280),(4133,132,272),(4139,0,0),(4144,0,0),(4147,0,0),(4150,0,0),(4151,0,0),(4158,0,0),(4159,140,280),(4167,103,288),(4168,83,292),(4196,4,11),(4198,95,295),(4202,78,78),(4211,140,280),(4218,165,504),(4229,91,306),(4248,0,0),(4258,114,456),(4259,85,301),(4273,87,99),(4278,195,195),(4279,188,188),(4289,479,479),(4303,586,586),(4311,105,288),(4316,0,0),(4324,140,230),(4328,128,242),(4329,138,219),(4331,142,232),(4339,772,772),(4364,1525,1525),(4368,1697,1697),(4379,0,0),(4394,550,550),(4404,128,234),(4417,102,102),(4420,355,355),(4422,0,0),(4424,299,299),(4428,285,285),(4437,205,205),(4440,148,199),(4457,140,147),(4460,148,161),(4461,140,146),(4463,52,52),(4467,158,288),(4469,267,267),(4475,169,402),(4480,140,159),(4481,136,141),(4517,221,221),(4519,265,265),(4530,207,207),(4538,0,0),(4539,0,0),(4542,592,592),(4543,416,416),(4548,0,0),(4563,173,590),(4584,199,607),(4593,155,598),(4606,200,577),(4619,111,111),(4624,200,701),(4635,111,111),(4637,121,121),(4643,136,140),(4647,117,117),(4651,136,140),(4653,140,142),(4655,148,172),(4656,152,180),(4659,137,179),(4672,111,111),(4676,144,296),(4680,152,184),(4686,160,160),(4692,0,0),(4809,192,192),(4813,226,226),(4831,211,211),(4842,330,330),(4849,702,702),(4850,525,525),(4854,852,852),(4857,863,863),(4891,84,168),(4895,140,280),(4922,149,493),(4923,140,510),(4924,140,544),(4949,630180,945070),(4959,30,75),(4961,78,156),(4982,4,11),(5055,57,197),(5090,161,566),(5091,137,509),(5092,171,522),(5093,167,507),(5094,149,493),(5095,175,551),(5096,164,524),(5113,152,456),(5124,96,296),(5125,84,289),(5126,86,300),(5129,98,300),(5175,104,309),(5177,140,280),(5199,139,494),(5200,176,489),(5228,630,630),(5232,131,232),(5238,132,269),(5251,136,219),(5258,144,243),(5259,1042,1042),(5295,117,260),(5296,157,289),(5314,1890,1890),(5317,1964,1964),(5319,1882,1882),(5320,1695,1695),(5328,111,222),(5334,113,240),(5345,306,306),(5346,329,329),(5355,208,618),(5358,930,930),(5359,860,860),(5360,1051,1051),(5361,981,981),(5362,158,314),(5363,165,315),(5364,136,336),(5414,109,396),(5418,136,400),(5419,0,0),(5420,0,0),(5422,0,0),(5423,0,0),(5425,0,0),(5431,0,0),(5455,141,471),(5456,127,472),(5457,133,512),(5466,328,328),(5473,133,291),(5481,133,307),(5484,110,412),(5515,166,594),(5516,137,493),(5566,140,280),(5569,138,420),(5602,148,166),(5615,118,243),(5676,29,104),(5694,208,608),(5713,1108,1108),(5715,1262,1262),(5716,1267,1267),(5718,1873,1873),(5719,1191,1191),(5721,1347,1347),(5731,62,196),(5760,192,192),(5769,0,0),(5771,108,197),(5800,152,152),(5822,36,36),(5824,40,40),(5834,0,0),(5835,32,32),(5838,27,27),(5850,119,455),(5852,235,490),(5855,132,479),(5859,224,224),(5863,33,33),(5870,81,162),(5881,143,255),(5892,30,75),(5912,97,97),(5915,285,285),(5916,214,214),(5931,162,162),(5933,117,117),(5974,116,272),(5976,153,281),(5977,178,406),(5978,180,454),(5996,149,307),(5998,153,288),(6000,144,333),(6003,172,397),(6005,179,410),(6006,171,403),(6007,138,412),(6009,154,433),(6010,153,571),(6070,152,164),(6072,128,137),(6073,94,291),(6109,63012,94486),(6121,35,96),(6124,12,12),(6125,150,276),(6127,156,294),(6133,13,13),(6137,177,450),(6143,1195,1195),(6147,1265,1265),(6148,1244,1244),(6168,247,247),(6174,10,25),(6175,16,40),(6180,29,29),(6184,161,259),(6185,158,292),(6186,85,115),(6188,127,357),(6189,154,371),(6194,163,324),(6196,141,365),(6201,153,387),(6202,165,423),(6211,244,244),(6218,38,38),(6223,265,265),(6225,282,282),(6227,331,331),(6228,372,372),(6230,307,307),(6231,520,1040),(6239,2808,2808),(6240,78,162),(6250,0,0),(6329,209,209),(6350,148,451),(6351,159,405),(6371,137,378),(6372,127,332),(6375,0,0),(6392,299,299),(6407,242,242),(6466,14,14),(6488,408,408),(6489,415,415),(6510,174,497),(6512,177,553),(6513,0,0),(6514,0,0),(6516,0,0),(6519,174,430),(6520,156,533),(6527,179,392),(6569,62,201),(6570,30,30),(6646,1165,1165),(6649,369,369),(6735,96,315),(6749,100,301),(6778,22,55),(6911,7,7),(6927,7,7),(7012,110,441),(7015,26,26),(7016,51,51),(7023,654,654),(7028,177,466),(7029,192,490),(7031,177,545),(7032,185,545),(7036,143,416),(7039,162,431),(7046,499,499),(7047,142,387),(7048,182,410),(7050,66,132),(7057,522,522),(7067,66,132),(7071,1698,1698),(7072,1501,1501),(7075,1780,1780),(7076,62,62),(7078,0,0),(7100,136,404),(7101,156,423),(7104,1296,1296),(7105,126,350),(7106,157,362),(7107,180,403),(7109,145,364),(7113,135,368),(7118,144,429),(7120,164,425),(7125,137,535),(7170,113,113),(7206,747,747),(7247,826,826),(7271,857,857),(7274,842,842),(7276,120,457),(7287,66,132),(7296,140,280),(7307,69,138),(7308,66,132),(7310,75,150),(7320,772,772),(7321,780,780),(7328,448,448),(7337,489,489),(7342,580,580),(7344,148,172),(7348,518,518),(7349,140,280),(7353,575,575),(7358,646,646),(7361,367,367),(7370,186,685),(7405,0,0),(7410,4280,4280),(7428,1726,1726),(7441,100,136),(7443,0,0),(7448,0,0),(7452,157,484),(7454,185,541),(7457,148,430),(7461,1758,1758),(7523,154,445),(7524,163,462),(7584,138,261),(7608,730,730),(7664,1853,1853),(7668,184,510),(7669,182,410),(7671,174,424),(7725,75,103),(7726,66,91),(7727,70,96),(7730,122,408),(7734,1725,1725),(7735,602,602),(7766,148,296),(7787,123,225),(7790,126,450),(7792,161,520),(7795,840,840),(7796,818,818),(7800,398,398),(7808,130,285),(7843,55,55),(7846,1662,1662),(7848,120,296),(7849,75,150),(7851,1412,1412),(7853,90,314),(7883,130,271),(7885,141,373),(7899,135,264),(7901,114,247),(7902,134,248),(7937,62981,94513),(7941,151,547),(7998,540,1080),(8095,0,0),(8179,0,0),(8197,1314,1314),(8201,326,326),(8212,354,354),(8214,319,319),(8215,1040,1040),(8218,279,279),(8219,206,206),(8296,330,330),(8298,428,428),(8304,498,498),(8310,148,296),(8311,0,0),(8397,123,419),(8400,261,261),(8440,71,71),(8444,156,495),(8477,40,40),(8518,284,284),(8525,158,471),(8526,161,471),(8530,180,440),(8532,159,548),(8534,154,565),(8538,141,471),(8540,173,428),(8541,149,449),(8542,186,520),(8545,167,554),(8548,182,474),(8553,146,564),(8555,155,514),(8558,196,598),(8560,195,507),(8561,201,542),(8562,144,503),(8567,608,608),(8580,1082,1082),(8596,163,532),(8597,144,537),(8598,194,569),(8600,0,0),(8603,0,0),(8606,144,294),(8637,148,258),(8667,113,462),(8717,1922,1922),(8759,0,0),(8760,0,0),(8837,235,490),(8856,75,150),(8903,1342,1342),(8904,152,471),(8911,3779,3944),(8913,412,412),(8916,145,408),(8923,1586,1586),(8929,1741,1741),(8977,170,459),(8979,467,467),(9029,1212,1212),(9033,1469,1469),(9041,1425,1425),(9047,17,49),(9162,0,0),(9164,0,0),(9165,0,0),(9197,1546,1546),(9199,1333,1333),(9201,1381,1381),(9219,1578,1578),(9236,1530,1530),(9258,1372,1372),(9259,1489,1489),(9268,1570,1570),(9319,1207,1207),(9437,1350,1350),(9439,1537,1537),(9442,1552,1552),(9443,1229,1229),(9464,178,384),(9502,1421,1421),(9520,423,423),(9523,21,21),(9545,138,312),(9602,369,369),(9605,169,606),(9678,1322,1322),(9680,1353,1353),(9681,1253,1253),(9716,1582,1582),(9717,1434,1434),(9861,173,370),(9862,188,455),(9877,169,462),(9916,134,292),(10047,88,312),(10079,86,306),(10081,728,728),(10083,1714,1714),(10120,894,894),(10184,63029,94507),(10197,422,422),(10198,1750,1750),(10199,499,499),(10201,1857,1857),(10204,0,0),(10258,1414,1414),(10276,124,248),(10277,75,150),(10300,172,577),(10316,160,547),(10317,1665,1665),(10339,2050,2050),(10366,1687,1687),(10371,1973,1973),(10372,1711,1711),(10383,158,573),(10393,1460,1460),(10394,1644,1644),(10399,188,593),(10408,1938,4060),(10412,1972,4130),(10420,1561,1561),(10421,1665,1665),(10422,1579,1579),(10424,1728,1728),(10437,4193,4196),(10481,154,546),(10486,1641,1641),(10488,1658,1658),(10504,1832,1832),(10605,179,402),(10639,70,70),(10643,54,54),(10647,112,112),(10648,163,424),(10659,143,423),(10660,146,471),(10678,146,513),(10683,1483,1483),(10698,135,531),(10721,14,50),(10756,84,174),(10757,81,168),(10758,35,51),(10759,34,50),(10760,32,47),(10761,41,59),(10762,1831,1831),(10801,174,444),(10813,2003,2003),(10817,517,517),(10822,525,525),(10824,541,541),(10827,503,503),(10837,161,636),(10896,43,61),(10901,1443,1443),(10925,165,503),(10940,171,556),(10946,1696,1696),(10981,0,0),(10986,171,406),(10990,0,0),(10992,0,0),(10997,1757,1757),(11028,72,144),(11040,78,287),(11043,1632,1632),(11050,75,150),(11058,1634,1634),(11069,90,304),(11082,1665,1665),(11145,162,525),(11146,175,517),(11176,164,523),(11177,143,509),(11178,151,501),(11261,1768,1768),(11276,132,435),(11320,0,0),(11321,156,375),(11338,1930,1930),(11340,2044,2044),(11346,1310,1310),(11351,1815,1815),(11353,1687,1687),(11355,1327,1327),(11356,1930,1930),(11380,63021,94497),(11382,63025,94520),(11387,156,590),(11388,179,620),(11389,211,628),(11391,189,604),(11441,1560,1560),(11444,1534,1534),(11445,1599,1599),(11447,1850,1850),(11448,1602,1602),(11452,1427,1427),(11459,1518,1518),(11469,1511,1511),(11470,1580,1580),(11486,1766,1766),(11487,1601,1601),(11488,1660,1660),(11489,1862,1862),(11490,1637,1637),(11520,84,84),(11552,153,383),(11553,172,417),(11576,128,272),(11583,63013,94530),(11598,159,543),(11602,137,366),(11604,172,251),(11616,187,566),(11622,1975,1975),(11657,101,101),(11659,4385,4427),(11664,2307,2307),(11673,0,0),(11681,80,80),(11682,95,98),(11684,79,79),(11685,104,201),(11697,95,95),(11714,0,0),(11721,1938,4060),(11722,1972,4130),(11724,1938,4060),(11727,180,607),(11732,4151,4185),(11744,166,595),(11745,186,606),(11746,155,552),(11792,645,645),(11794,862,862),(11803,177,594),(11830,1704,1704),(11837,136,430),(11838,190,481),(11840,169,559),(11857,75,150),(11873,158,572),(11876,148,296),(11878,2368,2368),(11883,177,593),(11887,183,566),(11914,30,30),(11915,27,27),(11917,27,27),(11949,1864,1864),(11981,62982,94519),(11983,63021,94480),(12017,62997,94480),(12057,62978,94477),(12098,63005,94513),(12099,4173,4187),(12118,62990,94477),(12119,1955,1955),(12121,0,0),(12123,0,0),(12127,157,520),(12129,1694,1694),(12199,174,517),(12221,552,552),(12236,901,901),(12248,186,582),(12259,63031,94475),(12261,197,516),(12264,63007,94504),(12336,144,433),(12339,1823,1823),(12377,224,693),(12378,234,681),(12379,202,708),(12380,194,730),(12387,146,416),(12396,4245,4245),(12429,14,35),(12435,63004,94477),(12457,4350,4370),(12459,4260,4260),(12460,4397,4397),(12461,4316,4337),(12463,4324,4330),(12464,4328,4328),(12465,4271,4271),(12467,4321,4347),(12468,4256,4272),(12498,1922,1922),(12576,75,150),(12577,4556,4566),(12596,4561,4563),(12677,0,0),(12739,332,332),(12899,1816,1816),(12939,123,492),(12976,113,113),(12977,116,116),(13018,24,60),(13019,131,131),(13020,63010,94521),(13021,1491,1491),(13078,114,114),(13141,705,705),(13142,771,771),(13157,13,13),(13176,2074,2074),(13216,1465,1465),(13236,2065,2065),(13257,614,614),(13283,152,583),(13324,197,589),(13326,166,574),(13332,160,615),(13333,153,692),(13417,147,503),(13421,207,596),(13424,179,725),(13425,180,687),(13437,1787,1787),(13439,1634,1634),(13442,1701,1701),(13443,1621,1621),(13448,169,704),(13546,165,670),(13577,1644,1644),(13601,1122,1122),(13617,614,614),(13718,636,636),(13738,885,885),(13739,782,782),(13740,678,678),(13742,686,686),(13839,4174,4174),(13996,1075,1075),(14020,63029,94523),(14185,198,540),(14186,207,276),(14187,170,555),(14188,190,604),(14224,198,198),(14230,180,180),(14267,142,142),(14278,78,78),(14281,48,48),(14282,0,0),(14283,0,0),(14285,1371,1371),(14301,136,444),(14305,14,39),(14321,1648,1648),(14345,506,506),(14354,1323,1323),(14356,0,0),(14379,4177,4210),(14398,1562,1562),(14424,62,62),(14429,11,11),(14431,7,7),(14432,5,5),(14445,818,818),(14446,232,232),(14448,242,242),(14450,30,96),(14455,196,597),(14457,4171,4227),(14458,162,557),(14460,146,534),(14471,1484,1484),(14487,136,136),(14507,62987,94531),(14509,62987,94489),(14510,63016,94495),(14515,63028,94483),(14517,63010,94493),(14518,1543,1543),(14521,1840,1840),(14564,199,521),(14601,62988,94492),(14603,148,324),(14604,240,313),(14639,154,342),(14682,71,71),(14725,140,280),(14750,1837,1837),(14834,63029,94504),(14861,1648,1648),(14887,62992,94477),(14888,62973,94507),(14889,62983,94508),(14890,63026,94486),(15022,218,632),(15082,63014,94471),(15085,62996,94521),(15111,1745,1745),(15126,3847,3847),(15162,1174,1174),(15202,204,583),(15203,62999,94498),(15204,0,0),(15205,63020,94510),(15230,4250,4278),(15235,4351,4353),(15236,4206,4215),(15247,4269,4269),(15263,63015,94476),(15273,11,40),(15274,0,0),(15275,62983,94493),(15276,62998,94522),(15298,14,41),(15299,62981,94512),(15305,62970,94518),(15320,4241,4241),(15335,4360,4370),(15339,63015,94481),(15341,63022,94519),(15348,62985,94514),(15369,63006,94490),(15370,63014,94532),(15391,4384,4410),(15402,18,45),(15417,88,298),(15461,4178,4185),(15462,4172,4172),(15509,62982,94488),(15510,62990,94512),(15511,63032,94501),(15516,62972,94500),(15517,62984,94527),(15542,159,487),(15544,433333,433333),(15550,63005,94525),(15551,4176,4176),(15555,152,607),(15647,10,30),(15648,12,35),(15650,0,0),(15651,0,0),(15656,7,7),(15687,250000,380000),(15688,63006,94504),(15689,62972,94483),(15691,63032,94531),(15727,63032,94486),(15741,63015,94520),(15750,71,71),(15751,71,71),(15754,1972,4130),(15806,560,1120),(15807,500,1000),(15810,192,425),(15812,1267,1410),(15813,71,71),(15816,71,71),(15817,4175,4189),(15901,75,150),(15928,62989,94512),(15931,63012,94491),(15932,63000,94499),(15936,63025,94525),(15938,24,60),(15942,30,75),(15952,0,0),(15953,62980,94486),(15954,63026,94475),(15956,62994,94496),(15977,0,0),(15980,4242,4242),(15981,4263,4267),(15989,1100000,1100000),(15990,63032,94473),(16011,1435714,1435714),(16015,206,591),(16017,4257,4263),(16018,4250,4299),(16020,4270,4270),(16021,4338,4359),(16022,4191,4191),(16025,4395,4422),(16028,62994,94477),(16060,810000,815390),(16061,72998,109514),(16062,62993,94493),(16063,62981,94476),(16065,62987,94507),(16101,4202,4202),(16146,4244,4298),(16151,500000,770000),(16154,4241,4256),(16156,4249,4289),(16158,4255,4255),(16163,4288,4288),(16164,4261,4269),(16165,4243,4287),(16167,4249,4249),(16168,4267,4267),(16187,36,90),(16192,3831,4559),(16193,4277,4284),(16194,4257,4257),(16196,24,60),(16199,26,65),(16200,38,95),(16205,32,80),(16210,24,60),(16215,4251,4255),(16216,4245,4263),(16217,26,65),(16224,22,55),(16243,4279,4279),(16244,4262,4285),(16245,145,145),(16247,40,40),(16248,40,40),(16249,38,38),(16250,38,38),(16304,22,60),(16307,13,13),(16311,18,18),(16326,14,14),(16333,29,29),(16347,0,0),(16348,0,0),(16353,0,0),(16358,40,40),(16368,4360,4360),(16389,4184,4184),(16397,24,60),(16407,4125,4125),(16409,215,693),(16410,4129,4129),(16411,3933,3933),(16412,4941,4941),(16424,4049,4049),(16425,4227,4227),(16443,18,45),(16446,4259,4259),(16447,4259,4299),(16449,4267,4267),(16451,4327,4327),(16452,4317,4317),(16457,63030,94478),(16460,4083,4083),(16461,3964,3964),(16468,205,677),(16471,4155,4155),(16472,4187,4187),(16473,4203,4203),(16481,4122,4122),(16482,4211,4211),(16507,4380,4380),(16519,221,635),(16523,4347,4347),(16524,62997,94513),(16539,4091,4091),(16540,4166,4166),(16541,70,287),(16580,177,581),(16583,200,586),(16593,4343,4343),(16594,4488,4488),(16595,4177,4177),(16599,161,619),(16619,84,307),(16620,76,307),(16628,106,307),(16649,138,530),(16663,87,301),(16664,93,311),(16669,104,295),(16670,164,578),(16680,139,505),(16681,192,572),(16699,4550,4550),(16700,4499,4499),(16704,4456,4456),(16733,185,659),(16767,86,305),(16769,162,641),(16772,202,655),(16790,214,610),(16791,187,637),(16792,172,599),(16794,198,604),(16803,4194,4194),(16805,200,683),(16807,4377,4377),(16808,4217,4217),(16810,194,643),(16823,198,590),(16825,4191,4191),(16830,4319,4319),(16831,166,603),(16832,163,596),(16835,174,568),(16846,200,591),(16847,190,591),(16858,163,529),(16864,157,576),(16867,207,635),(16870,206,636),(16871,187,595),(16873,182,607),(16876,194,590),(16878,188,594),(16879,164,616),(16880,195,619),(16896,152,581),(16903,199,617),(16904,157,606),(16905,181,598),(16906,170,629),(16907,168,591),(16911,174,635),(16912,159,621),(16925,149,580),(16927,153,606),(16928,197,633),(16929,157,607),(16932,0,0),(16943,171,675),(16944,183,725),(16946,161,625),(16947,201,618),(16948,212,662),(16949,188,701),(16951,155,642),(16952,227,672),(16954,157,633),(16960,191,623),(16966,166,657),(16967,159,639),(16968,176,608),(16974,198,605),(16975,202,585),(16978,210,640),(16993,188,647),(17014,196,597),(17015,186,620),(17053,0,0),(17058,164,634),(17076,62978,94525),(17083,184,679),(17084,219,606),(17088,173,625),(17103,155,587),(17115,148,174),(17128,0,0),(17132,0,0),(17134,162,683),(17135,196,626),(17136,209,669),(17137,219,678),(17138,172,690),(17139,169,645),(17141,213,673),(17142,189,624),(17143,174,607),(17146,209,657),(17147,176,643),(17148,166,644),(17149,202,662),(17150,221,696),(17151,193,701),(17152,1089,1089),(17159,215,670),(17179,13,40),(17184,7,7),(17200,0,0),(17204,237,677),(17225,110755,144638),(17229,4872,4932),(17235,149,268),(17257,63009,94485),(17263,174,576),(17264,3331,3331),(17270,3275,3275),(17282,231,692),(17300,128,136),(17306,3244,3244),(17309,3261,3261),(17323,27,27),(17326,15,15),(17329,29,29),(17330,29,29),(17333,15,15),(17338,18,18),(17340,27,27),(17343,22,60),(17344,28,75),(17345,0,0),(17346,34,90),(17348,0,0),(17352,22,65),(17353,32,90),(17370,3149,3149),(17371,3328,3328),(17372,0,0),(17395,3321,3321),(17397,3245,3245),(17398,3239,3239),(17400,3081,3081),(17414,3310,3310),(17420,4483,4483),(17427,4336,4336),(17429,3259,3259),(17448,12,12),(17461,3456,3456),(17464,4014,4014),(17465,4052,4052),(17478,3224,3224),(17491,3270,3270),(17494,32,32),(17496,17,17),(17521,79998,120015),(17524,17,17),(17528,19,19),(17533,72990,109488),(17534,1001,1501),(17536,3884,3884),(17608,33,33),(17626,3226,3226),(17630,78,290),(17655,30,75),(17657,175,648),(17664,112,112),(17670,4629,4629),(17671,4154,4154),(17678,114,114),(17694,4139,4139),(17695,4337,4337),(17702,17,17),(17711,71004,109536),(17713,27,27),(17721,4182,4182),(17722,4417,4417),(17726,3945,3945),(17727,4054,4054),(17728,3940,3940),(17729,4031,4031),(17730,3928,3928),(17735,3848,3848),(17767,1000000,1284345),(17769,54,198),(17770,4525,4766),(17771,3911,3911),(17796,4133,4133),(17797,4198,4198),(17798,3921,3921),(17799,4203,4203),(17800,4464,4464),(17801,4418,4418),(17802,4407,4407),(17803,4199,4199),(17804,140,519),(17805,4461,4461),(17808,1000000,1286798),(17815,2812,2812),(17816,4323,4442),(17817,4318,4424),(17819,3271,3271),(17826,4533,4533),(17833,3286,3286),(17835,232,702),(17839,4099,4099),(17842,73006,109506),(17845,161,500),(17848,3506,3506),(17860,3287,3287),(17862,3528,3528),(17878,195,589),(17879,4340,4340),(17880,4277,4277),(17881,4544,4544),(17882,0,0),(17887,10,49),(17888,1000000,1316101),(17895,4214,4214),(17898,4227,4227),(17905,4202,4202),(17906,4228,4228),(17907,4040,4040),(17938,4151,4151),(17940,4372,4372),(17941,4506,4960),(17942,4480,4966),(17952,0,0),(17957,4414,4572),(17958,4341,4341),(17959,4133,4133),(17960,4363,4484),(17961,4342,4438),(17962,3394,3394),(17963,205,724),(17964,198,676),(17968,1200000,1966215),(17977,3862,3862),(17981,185,689),(17991,4473,4849),(17993,4749,4749),(17994,4610,4610),(18005,178,661),(18006,174,613),(18017,156,598),(18037,172,638),(18043,172,665),(18046,2791,2791),(18062,204,653),(18064,168,669),(18065,168,645),(18077,177,586),(18079,172,589),(18080,205,603),(18086,189,639),(18087,174,619),(18088,177,672),(18089,205,664),(18092,3160,3160),(18093,3240,3240),(18096,3707,3707),(18105,0,0),(18113,204,629),(18114,172,642),(18115,170,607),(18116,169,600),(18117,170,611),(18118,193,644),(18119,178,644),(18120,169,642),(18121,204,640),(18122,170,559),(18124,199,594),(18130,0,0),(18132,188,641),(18136,154,639),(18137,157,591),(18155,0,0),(18160,222,672),(18168,72017,109470),(18170,3192,3192),(18171,2977,2977),(18172,3148,3148),(18182,3070,3070),(18202,226,633),(18203,169,701),(18204,192,671),(18207,0,0),(18211,192,682),(18213,0,0),(18238,218,658),(18241,0,0),(18251,161,661),(18256,219,682),(18260,195,629),(18262,199,683),(18266,215,710),(18282,173,602),(18298,172,638),(18309,3306,3306),(18311,3314,3314),(18312,3296,3296),(18313,3284,3284),(18314,3378,3378),(18315,3316,3316),(18317,3240,3240),(18318,4106,4106),(18319,4329,4329),(18320,4032,4032),(18321,4289,4289),(18322,4225,4225),(18323,4305,4305),(18325,4443,4443),(18326,4030,4030),(18327,4237,4237),(18328,4289,4289),(18331,3284,3284),(18340,196,607),(18341,4250,4250),(18343,3650,3650),(18344,3356,3356),(18352,207,664),(18371,3420,3420),(18373,3222,3222),(18387,207,657),(18390,178,659),(18391,206,692),(18404,4734,4734),(18413,187,680),(18419,4552,4552),(18421,4588,4588),(18422,4696,4696),(18426,33,100),(18440,2983,2983),(18449,156,610),(18450,212,618),(18451,188,659),(18452,212,666),(18453,204,646),(18454,171,641),(18455,195,626),(18456,159,616),(18457,162,635),(18460,183,639),(18464,0,0),(18470,0,0),(18472,4070,4070),(18493,3311,3311),(18495,3302,3302),(18497,3275,3275),(18498,178,687),(18499,201,733),(18500,181,715),(18501,202,700),(18503,220,700),(18521,3367,3367),(18524,3231,3231),(18536,1005,1005),(18539,172,611),(18540,211,649),(18541,184,647),(18548,187,652),(18549,4899,4907),(18554,215,653),(18556,226,734),(18557,228,724),(18558,171,741),(18559,201,718),(18567,1072,1072),(18583,197,625),(18585,3472,3472),(18586,3461,3461),(18595,174,625),(18631,4850,4891),(18632,4372,4372),(18633,4252,4252),(18634,4241,4241),(18635,4264,4264),(18636,4144,4144),(18637,4141,4141),(18638,4251,4251),(18639,4209,4209),(18640,4187,4187),(18641,176,689),(18647,0,0),(18658,235,714),(18660,212,690),(18661,212,674),(18663,193,679),(18667,4366,4366),(18677,582,626),(18679,26,26),(18681,648,929),(18684,657,981),(18686,642,914),(18689,640,954),(18690,3056,3056),(18693,699,1028),(18695,60,60),(18697,697,1019),(18700,188,691),(18702,3413,3413),(18708,4517,4517),(18713,228,709),(18718,201,678),(18720,217,671),(18728,99016,150041),(18732,4158,4158),(18733,3950,3950),(18764,220,659),(18771,163,627),(18772,160,577),(18774,179,583),(18777,190,600),(18779,175,585),(18788,4521,4521),(18791,4546,4556),(18796,3932,3932),(18805,72972,109527),(18809,4520,4536),(18827,157,631),(18829,5031,5044),(18830,4301,4301),(18831,73025,109514),(18832,70981,106520),(18835,71007,106493),(18847,5105,5136),(18850,227,661),(18852,230,686),(18853,230,664),(18855,225,681),(18857,226,681),(18858,214,661),(18859,222,713),(18860,234,731),(18872,228,695),(18873,193,678),(18875,231,668),(18880,0,0),(18882,199,664),(18885,3427,3427),(18894,2935,2935),(18905,192,591),(18909,4564,4574),(18922,4531,4531),(18942,4529,4529),(18952,169,620),(18974,196,640),(18975,199,584),(18976,170,608),(18981,198,573),(18982,0,0),(18992,218,631),(18994,246,733),(18998,194,626),(19000,200,683),(19016,202,731),(19044,1000000,1530000),(19147,183,563),(19166,4801,4801),(19167,4888,4888),(19168,4844,4912),(19169,4,11),(19171,4,11),(19174,185,639),(19181,156,605),(19190,187,606),(19192,202,619),(19208,3978,3978),(19209,3626,3626),(19218,3850,3850),(19220,4166,4166),(19221,4080,4080),(19231,3875,3875),(19261,148,607),(19263,189,641),(19282,160,639),(19295,159,583),(19298,164,615),(19299,43,43),(19307,2118,2118),(19308,4943,4959),(19353,4878,4878),(19354,2312,2312),(19363,185,575),(19402,157,628),(19408,160,611),(19410,198,617),(19411,180,645),(19413,209,640),(19414,177,640),(19415,164,631),(19422,195,633),(19424,176,590),(19434,162,568),(19442,198,589),(19443,2368,2368),(19453,224,661),(19457,193,613),(19486,4648,4648),(19505,4653,4653),(19507,4734,4734),(19508,4465,4465),(19509,4686,4686),(19510,4867,4867),(19512,4885,4885),(19514,1000000,1570000),(19516,1000000,1295434),(19527,184,628),(19543,233,666),(19544,222,651),(19545,238,679),(19546,218,659),(19561,161,617),(19593,225,676),(19622,1000000,1445063),(19633,4723,4723),(19635,238,661),(19641,240,695),(19642,179,700),(19643,219,663),(19657,184,711),(19694,162,599),(19701,171,570),(19705,205,662),(19707,202,654),(19712,4867,4936),(19713,4668,4668),(19716,237,711),(19731,0,0),(19732,186,633),(19735,4770,4770),(19738,215,661),(19740,175,698),(19744,232,697),(19747,3210,3210),(19754,176,713),(19755,225,663),(19756,190,686),(19759,216,704),(19767,220,656),(19768,177,630),(19779,218,675),(19784,0,0),(19788,241,620),(19792,237,684),(19795,179,688),(19796,179,660),(19799,185,723),(19800,184,693),(19801,197,215),(19802,207,672),(19806,184,691),(19825,173,646),(19826,200,698),(19827,180,671),(19830,226,695),(19831,206,682),(19833,0,0),(19843,4801,4801),(19847,880,880),(19853,223,650),(19881,210,666),(19926,192,651),(19943,209,628),(19944,190,644),(19945,225,642),(19946,204,607),(19947,214,624),(19948,181,648),(19952,165,641),(19953,226,685),(19957,206,667),(19960,221,648),(19961,219,699),(19963,1152,1152),(19969,235,720),(19973,237,714),(19978,196,666),(19979,210,673),(19982,220,639),(19983,218,673),(19984,200,688),(19985,187,668),(19986,227,677),(19987,207,678),(19988,191,662),(19989,226,669),(19990,184,711),(19991,187,676),(19992,184,683),(19993,217,638),(19994,226,671),(19995,179,659),(19998,213,674),(20031,4966,4966),(20032,4945,4971),(20033,4952,4952),(20034,4936,4982),(20035,5033,5045),(20036,4995,4995),(20037,4971,4971),(20040,5020,5020),(20041,5005,5058),(20042,4939,4939),(20043,4870,4870),(20044,4873,4873),(20045,5032,5032),(20046,5045,5045),(20047,4973,4983),(20048,4983,4983),(20049,4949,4960),(20050,5053,5057),(20058,0,0),(20059,3937,3937),(20088,196,622),(20089,156,621),(20095,171,700),(20113,212,645),(20115,167,588),(20116,175,683),(20132,3937,3937),(20134,185,690),(20135,191,712),(20136,219,706),(20138,3340,3340),(20139,174,710),(20140,217,686),(20159,204,617),(20161,180,679),(20197,172,618),(20202,3526,3526),(20207,214,715),(20210,214,679),(20211,188,687),(20215,207,722),(20218,180,660),(20221,206,665),(20248,176,689),(20270,205,606),(20284,230,697),(20285,213,703),(20326,200,725),(20329,223,715),(20334,167,684),(20387,0,0),(20397,229,655),(20404,212,661),(20409,223,674),(20410,236,701),(20416,189,700),(20424,24,60),(20427,223,712),(20435,217,710),(20442,165,634),(20443,201,630),(20444,178,624),(20452,229,673),(20453,229,663),(20454,4159,4159),(20456,221,718),(20458,203,733),(20459,203,702),(20474,229,733),(20478,242,744),(20480,187,656),(20483,3467,3467),(20496,187,712),(20501,238,716),(20502,0,0),(20512,230,659),(20516,206,709),(20554,246,728),(20600,3834,3834),(20601,190,662),(20606,227,675),(20609,189,687),(20614,212,676),(20672,170,578),(20680,203,605),(20683,193,668),(20684,222,582),(20685,232,691),(20723,209,676),(20726,186,679),(20727,191,692),(20730,175,690),(20731,210,663),(20732,230,690),(20753,188,678),(20757,3072,3072),(20765,169,672),(20766,211,685),(20768,170,646),(20770,219,736),(20778,233,695),(20784,213,737),(20785,235,678),(20786,215,717),(20789,187,724),(20790,222,733),(20795,196,559),(20798,173,597),(20801,3333,3333),(20803,215,727),(20854,210,699),(20857,4545,4545),(20865,233,700),(20866,4894,4911),(20869,4705,4705),(20870,4027,4027),(20872,238,660),(20873,4303,4303),(20875,3825,3825),(20878,237,666),(20882,4485,4485),(20883,4137,4137),(20885,4092,4092),(20886,4450,4450),(20896,4704,4704),(20897,4675,4675),(20900,4287,4287),(20902,4625,4625),(20904,5021,5021),(20905,4885,4885),(20908,3741,3741),(20910,4038,4038),(20912,4495,4495),(20923,3907,3907),(20928,182,660),(20929,222,713),(20930,241,679),(20934,210,681),(20988,4834,4915),(20990,4797,4926),(21021,200,672),(21032,229,705),(21046,213,683),(21047,228,683),(21048,198,652),(21057,206,705),(21058,231,660),(21059,178,682),(21060,223,687),(21061,191,683),(21065,220,693),(21080,187,717),(21089,180,679),(21101,4,11),(21102,0,0),(21104,4150,4150),(21116,225,719),(21126,4338,4488),(21127,4421,4802),(21168,3926,3926),(21179,217,712),(21180,187,699),(21189,188,659),(21196,223,685),(21198,175,631),(21200,198,618),(21205,0,0),(21207,186,683),(21212,1144495,1624056),(21213,973974,973974),(21214,72996,109475),(21215,1000000,1530000),(21216,1000000,1640000),(21217,1200000,1796442),(21220,4942,4942),(21221,4994,4994),(21229,4987,4998),(21230,4958,5006),(21231,4960,4960),(21238,220,651),(21242,198,640),(21251,5014,5047),(21254,184,676),(21284,172,691),(21285,169,654),(21287,227,705),(21296,196,653),(21298,4937,4962),(21299,4970,4987),(21300,191,671),(21302,228,657),(21303,4743,4820),(21305,229,669),(21309,200,730),(21314,228,678),(21337,238,714),(21338,198,712),(21339,4990,4990),(21357,195,688),(21368,202,622),(21370,211,665),(21373,0,0),(21382,206,662),(21383,206,650),(21384,176,685),(21385,216,693),(21386,190,684),(21387,202,677),(21389,206,654),(21395,176,670),(21398,178,660),(21405,204,652),(21409,220,695),(21416,237,728),(21453,216,683),(21454,218,691),(21455,200,660),(21462,0,0),(21477,191,718),(21478,185,686),(21492,221,701),(21499,213,674),(21500,3230,3230),(21503,207,723),(21505,243,723),(21516,199,664),(21519,197,678),(21520,213,708),(21627,0,0),(21636,178,626),(21637,206,714),(21640,177,633),(21644,186,730),(21649,195,746),(21650,187,708),(21651,240,691),(21656,180,680),(21660,173,630),(21661,164,639),(21662,203,618),(21663,196,725),(21695,4911,4911),(21696,181,734),(21702,4508,4508),(21707,187,715),(21709,214,683),(21710,181,707),(21711,230,682),(21717,236,719),(21718,209,674),(21719,224,724),(21720,235,723),(21742,171,683),(21743,229,705),(21763,215,739),(21767,217,709),(21784,181,715),(21787,207,730),(21795,220,664),(21801,3170,3170),(21803,179,662),(21808,187,665),(21809,188,672),(21810,171,649),(21815,222,712),(21827,221,676),(21852,212,662),(21859,238,698),(21878,233,658),(21879,0,0),(21902,182,633),(21907,168,624),(21911,228,740),(21923,172,684),(21928,202,697),(21963,50,50),(21979,1303,1303),(22016,236,673),(22017,183,675),(22018,176,699),(22045,212,634),(22060,33,33),(22072,3571,3571),(22081,218,672),(22082,199,661),(22084,205,690),(22093,1271,1271),(22099,194,662),(22100,0,0),(22128,4917,5002),(22143,186,732),(22144,231,690),(22148,185,720),(22149,182,680),(22150,180,685),(22160,219,641),(22175,201,723),(22180,225,701),(22195,215,722),(22204,242,752),(22227,195,592),(22241,226,687),(22242,183,746),(22243,200,719),(22253,1355,1355),(22254,223,715),(22291,209,712),(22304,221,687),(22305,228,638),(22308,187,693),(22341,221,701),(22342,225,727),(22343,218,714),(22363,193,714),(22378,219,635),(22384,224,661),(22387,165,647),(22388,184,658),(22393,4070,4070),(22407,216,622),(22488,215,643),(22821,188,675),(22822,200,692),(22825,0,0),(22826,4562,4562),(22827,0,0),(22828,0,0),(22841,667107,1276371),(22844,5015,5036),(22845,4975,4975),(22846,4952,4952),(22847,5019,5019),(22848,4892,4932),(22849,4878,4878),(22853,4988,4999),(22855,5040,5060),(22869,4947,4947),(22871,678753,1398753),(22873,4938,4944),(22874,4946,4967),(22875,4953,4985),(22876,4959,4959),(22877,4995,5006),(22879,5,10),(22880,5027,5039),(22882,5053,5069),(22884,0,0),(22887,1001,1501),(22898,1139971,2088564),(22900,184,713),(22917,798439,1527647),(22930,0,0),(22939,4899,4899),(22945,5025,5040),(22947,662307,1267187),(22948,662307,1267187),(22949,230107,440263),(22950,210895,403505),(22951,570229,570229),(22952,611833,611833),(22953,4939,4956),(22954,5028,5075),(22955,4925,4926),(22960,4944,4944),(22963,4882,4906),(23028,4987,4987),(23030,4953,4953),(23035,0,0),(23051,0,0),(23061,0,0),(23066,0,0),(23067,0,0),(23068,0,0),(23147,5029,5029),(23153,0,0),(23154,0,0),(23161,0,0),(23169,0,0),(23172,5034,5073),(23174,0,0),(23188,215,703),(23230,0,0),(23261,0,0),(23264,0,0),(23267,0,0),(23269,0,0),(23281,0,0),(23282,0,0),(23285,1255,1255),(23305,0,0),(23324,1312,1312),(23330,4938,4938),(23332,0,0),(23337,5054,5054),(23339,4944,4944),(23353,0,0),(23354,0,0),(23355,0,0),(23385,0,0),(23386,0,0),(23390,0,0),(23418,780000,780000),(23420,780000,780000),(23461,198,733),(23466,234,734),(23501,0,0),(23542,0,0),(23555,0,0),(23574,0,0),(23576,250000,380000),(23577,0,0),(23578,250000,380000),(23581,0,0),(23582,0,0),(23586,0,0),(23589,0,0),(23590,0,0),(23591,0,0),(23594,193,193),(23595,0,0),(23596,0,0),(23620,0,0),(23637,150,174),(23714,0,0),(23774,0,0),(23786,201,201),(23841,0,0),(23863,0,0),(23928,0,0),(24059,0,0),(24065,0,0),(24179,0,0),(24239,250000,461548),(24529,0,0),(24549,9575,9575),(24560,0,0),(24664,0,0),(24683,0,0),(24684,0,0),(24685,0,0),(24686,0,0),(24687,0,0),(24688,0,0),(24689,0,0),(24690,0,0),(24696,0,0),(24697,0,0),(24698,0,0),(24723,0,0),(24744,0,0),(24762,0,0),(24782,440,441),(24818,346,346),(24819,345,345),(24830,0,0),(24919,1318,1318),(24920,1445,1445),(24955,0,1318),(24960,0,0),(24966,0,0),(24976,0,0),(24978,0,0),(24979,0,0),(24999,0,0),(25002,0,1394),(25073,0,1288),(25087,0,0),(25363,0,0),(25367,0,0),(25368,0,0),(25369,0,0),(25370,0,0),(25371,0,0),(25372,0,0),(25483,0,0),(25484,0,0),(25486,0,0),(25507,0,0),(25509,0,0),(25591,0,0),(25592,0,0),(25593,0,0),(25597,0,0),(25837,0,0);
update creature_template set mingold=(select mingold from _gold where _gold.entry=creature_template.entry) where entry in (select entry from _gold);
update creature_template set maxgold=(select maxgold from _gold where _gold.entry=creature_template.entry) where entry in (select entry from _gold);
drop table _gold;


# Vik_stg
DELETE FROM `areatrigger_teleport` WHERE `id` = 3986;

# Kanabiz
DELETE FROM `creature_loot_template` WHERE (`entry`=25369) AND (`item`=35202);
INSERT INTO `creature_loot_template` (`entry`, `item`, `ChanceOrQuestChance`, `groupid`, `mincountOrRef`, `maxcount`, `lootcondition`, `condition_value1`, `condition_value2`) VALUES (25369, 35202, 0.2, 0, 1, 1, 0, 0, 0);
DELETE FROM `creature_loot_template` WHERE (`entry`=25368) AND (`item`=35202);
INSERT INTO `creature_loot_template` (`entry`, `item`, `ChanceOrQuestChance`, `groupid`, `mincountOrRef`, `maxcount`, `lootcondition`, `condition_value1`, `condition_value2`) VALUES (25368, 35202, 0.1, 0, 1, 1, 0, 0, 0);
DELETE FROM `creature_loot_template` WHERE (`entry`=25363) AND (`item`=35202);
INSERT INTO `creature_loot_template` (`entry`, `item`, `ChanceOrQuestChance`, `groupid`, `mincountOrRef`, `maxcount`, `lootcondition`, `condition_value1`, `condition_value2`) VALUES (25363, 35202, 0.1, 0, 1, 1, 0, 0, 0);
DELETE FROM `creature_loot_template` WHERE (`entry`=25370) AND (`item`=35202);
INSERT INTO `creature_loot_template` (`entry`, `item`, `ChanceOrQuestChance`, `groupid`, `mincountOrRef`, `maxcount`, `lootcondition`, `condition_value1`, `condition_value2`) VALUES (25370, 35202, 0.0661, 0, 1, 1, 0, 0, 0);
DELETE FROM `creature_loot_template` WHERE (`entry`=25371) AND (`item`=35202);
INSERT INTO `creature_loot_template` (`entry`, `item`, `ChanceOrQuestChance`, `groupid`, `mincountOrRef`, `maxcount`, `lootcondition`, `condition_value1`, `condition_value2`) VALUES (25371, 35202, 0.0661, 0, 1, 1, 0, 0, 0);

# Susanin
DELETE FROM creature WHERE guid IN ('284599','284621');
UPDATE creature SET MovementType = '2' WHERE guid IN ('279357','279356','279355','279359','279358','279360');
INSERT INTO creature_movement (id,point,position_x,position_y,position_z,orientation) VALUES
('279357','1','-7759.017090', '1166.271729', '-0.007509', '2.144927'),
('279357','2','-7759.800293', '1182.635376', '-0.041505', '1.703532'),
('279357','3','-7779.905273', '1232.206787', '-4.087139', '1.978423'),
('279357','4','-7807.329590', '1272.912354', '-10.612311', '2.192837'),
(279357,5,-7889.73,1310.5,-8.71201,3.01513),
(279357,6,-7911.17,1330.94,-7.11141,2.34754),
(279357,7,-7943.41,1376.63,2.54913,2.21402),
(279357,8,-7949.99,1386.12,2.93419,2.13548),
(279357,9,-7948.32,1421.05,-1.47827,1.40113),
(279357,10,-7923.26,1463.09,-5.97828,1.46004),
(279357,11,-7923.05,1501.12,-4.95691,1.73493),
(279357,12,-7923.26,1463.09,-5.97828,1.46004),
(279357,13,-7948.32,1421.05,-1.47827,1.40113),
(279357,14,-7949.99,1386.12,2.93419,2.13548),
(279357,15,-7943.41,1376.63,2.54913,2.21402),
(279357,16,-7911.17,1330.94,-7.11141,2.34754),
(279357,17,-7889.73,1310.5,-8.71201,3.01513),
('279357','18','-7807.329590', '1272.912354', '-10.612311', '2.192837'),
('279357','19','-7779.905273', '1232.206787', '-4.087139', '1.978423'),
('279357','20','-7759.800293', '1182.635376', '-0.041505', '1.703532'),
('279356','1','-7763.464844', '1162.910156', '0.371560', '1.829959'),
('279356','2','-7787.805176', '1220.103394', '-3.526975', '1.934417'),
(279356,3,-7815.62,1272.81,-11.6581,2.10013),
(279356,4,-7862.99,1295.19,-10.462,2.9248),
(279356,5,-7895.09,1309.11,-8.5156,2.73238),
(279356,6,-7918.54,1326.17,-6.43674,2.43785),
(279356,7,-7950.44,1367.38,2.67615,2.1826),
(279356,8,-7957.81,1393.28,3.03768,1.84881),
(279356,9,-7955.95,1420.11,-1.19903,1.33044),
(279356,10,-7932.62,1467.45,-6.53944,1.13017),
(279356,11,-7934.16,1494.31,-6.63016,1.67994),
(279356,12,-7932.62,1467.45,-6.53944,1.13017),
(279356,13,-7955.95,1420.11,-1.19903,1.33044),
(279356,14,-7957.81,1393.28,3.03768,1.84881),
(279356,15,-7950.44,1367.38,2.67615,2.1826),
(279356,16,-7918.54,1326.17,-6.43674,2.43785),
(279356,17,-7895.09,1309.11,-8.5156,2.73238),
(279356,18,-7862.99,1295.19,-10.462,2.9248),
(279356,19,-7815.62,1272.81,-11.6581,2.10013),
('279356','20','-7787.805176', '1220.103394', '-3.526975', '1.934417'),
('279355','1','-7755.780273', '1157.353394', '0.487826', '2.170033'),
('279355','2','-7777.750977', '1210.995117', '-2.377748', '1.859016'),
(279355,3,-7808.82,1270.86,-10.788,2.19281),
(279355,4,-7829.94,1285.26,-11.9423,2.56195),
(279355,5,-7883.05,1305.27,-9.47131,2.77793),
(279355,6,-7898.67,1313.82,-8.31904,2.64048),
(279355,7,-7917.9,1335.07,-5.87319,2.31061),
(279355,8,-7952.58,1379.85,2.95612,2.1928),
(279355,9,-7952.86,1421.12,-1.5989,1.58019),
(279355,10,-7926.78,1470.22,-6.55622,1.18356),
(279355,11,-7925.64,1490.76,-6.51199,2.03965),
(279355,12,-7926.78,1470.22,-6.55622,1.18356),
(279355,13,-7952.86,1421.12,-1.5989,1.58019),
(279355,14,-7952.58,1379.85,2.95612,2.1928),
(279355,15,-7917.9,1335.07,-5.87319,2.31061),
(279355,16,-7898.67,1313.82,-8.31904,2.64048),
(279355,17,-7883.05,1305.27,-9.47131,2.77793),
(279355,18,-7829.94,1285.26,-11.9423,2.56195),
(279355,19,-7808.82,1270.86,-10.788,2.19281),
('279355','20','-7777.750977', '1210.995117', '-2.377748', '1.859016'),
('279359','1','-7745.821777', '1152.892944', '0.889453', '1.848793'),
('279359','2','-7757.916504', '1184.192261', '-0.000697', '1.949324'),
('279359','3','-7772.040039', '1209.235596', '-1.547379', '2.048284'),
(279359,4,-7798.84,1264.18,-9.02989,2.16512),
(279359,5,-7816.25,1279.37,-11.4616,2.42823),
(279359,6,-7876.92,1307.26,-9.76256,2.72275),
(279359,7,-7910.05,1328.77,-7.33926,2.50284),
(279359,8,-7942.9,1374.86,2.38926,2.18868),
(279359,9,-7950.92,1388.3,2.98296,2.10229),
(279359,10,-7947.18,1422.32,-1.56379,1.41506),
(279359,11,-7926.23,1457.9,-5.83977,1.03807),
(279359,12,-7922.06,1480.17,-6.09917,1.45826),
(279359,13,-7926.23,1457.9,-5.83977,1.03807),
(279359,14,-7947.18,1422.32,-1.56379,1.41506),
(279359,15,-7950.92,1388.3,2.98296,2.10229),
(279359,16,-7942.9,1374.86,2.38926,2.18868),
(279359,17,-7910.05,1328.77,-7.33926,2.50284),
(279359,18,-7876.92,1307.26,-9.76256,2.72275),
(279359,19,-7816.25,1279.37,-11.4616,2.42823),
(279359,20,-7798.84,1264.18,-9.02989,2.16512),
('279359','21','-7772.040039', '1209.235596', '-1.547379', '2.048284'),
('279359','22','-7757.916504', '1184.192261', '-0.000697', '1.949324'),
('279358','1','-7754.581543', '1146.443848', '0.920504', '1.965626'),
('279358','2','-7780.714355', '1202.209351', '-1.350453', '2.004896'),
(279358, '3','-7801.783691', '1248.155151', '-7.437845', '2.067727'),
(279358,4,-7824.97,1275.74,-11.7875,2.32691),
(279358,5,-7867.68,1295.93,-10.0867,2.69997),
(279358,6,-7901.13,1314.25,-8.12963,2.64892),
(279358,7,-7918.1,1327.15,-6.45179,2.52719),
(279358,8,-7950.8,1367.68,2.7084,2.24444),
(279358,9,-7957.99,1397.57,2.67079,1.8164),
(279358,10,-7955.12,1422.6,-1.58466,1.45512),
(279358,11,-7933.02,1464.34,-6.38343,1.08991),
(279358,12,-7931.78,1479.44,-6.59575,1.51795),
(279358,13,-7933.02,1464.34,-6.38343,1.08991),
(279358,14,-7955.12,1422.6,-1.58466,1.45512),
(279358,15,-7957.99,1397.57,2.67079,1.8164),
(279358,16,-7950.8,1367.68,2.7084,2.24444),
(279358,17,-7918.1,1327.15,-6.45179,2.52719),
(279358,18,-7901.13,1314.25,-8.12963,2.64892),
(279358,19,-7867.68,1295.93,-10.0867,2.69997),
(279358,20,-7824.97,1275.74,-11.7875,2.32691),
(279358, '21','-7801.783691', '1248.155151', '-7.437845', '2.067727'),
('279358','22','-7780.714355', '1202.209351', '-1.350453', '2.004896'),
('279360','1','-7741.904785', '1141.697021', '1.030525', '5.498759'),
(279360,'2','-7770.282715', '1193.683472', '-0.935745', '2.070498'),
(279360,3,-7797.7,1251.96,-7.85572,2.00452),
(279360,4,-7822.84,1277.27,-11.9739,2.33438),
(279360,5,-7877.43,1304.13,-9.98586,2.67996),
(279360,6,-7912.99,1326.42,-7.07511,2.58178),
(279360,7,-7945.94,1370.25,2.27204,2.01237),
(279360,8,-7953.8,1388.97,3.03076,1.96917),
(279360,9,-7951.14,1421.74,-1.758,1.47044),
(279360,10,-7929.89,1461.55,-6.22878,1.0856),
(279360,11,-7926.36,1474.83,-6.62863,0.983496),
(279360,12,-7929.89,1461.55,-6.22878,1.0856),
(279360,13,-7951.14,1421.74,-1.758,1.47044),
(279360,14,-7953.8,1388.97,3.03076,1.96917),
(279360,15,-7945.94,1370.25,2.27204,2.01237),
(279360,16,-7912.99,1326.42,-7.07511,2.58178),
(279360,17,-7877.43,1304.13,-9.98586,2.67996),
(279360,18,-7822.84,1277.27,-11.9739,2.33438),
(279360,19,-7797.7,1251.96,-7.85572,2.00452),
(279360,'20','-7770.282715', '1193.683472', '-0.935745', '2.070498');

# Lit@
UPDATE `creature_template` SET `mingold` = '0',`maxgold` = '0' WHERE `creature_template`.`entry` =113;
UPDATE `creature_template` SET `mingold` = '0',`maxgold` = '0' WHERE `creature_template`.`entry` =834;
UPDATE `creature_template` SET `mingold` = '0',`maxgold` = '0' WHERE `creature_template`.`entry` =157;
UPDATE `creature_template` SET `mingold` = '0',`maxgold` = '0' WHERE `creature_template`.`entry` =454;
UPDATE `creature_template` SET `mingold` = '0',`maxgold` = '0' WHERE `creature_template`.`entry` =832;
UPDATE `creature_template` SET `mingold` = '0',`maxgold` = '0' WHERE `creature_template`.`entry` =1109;
UPDATE `creature_template` SET `mingold` = '0',`maxgold` = '0' WHERE `creature_template`.`entry` =539;
UPDATE `creature_template` SET `mingold` = '0',`maxgold` = '0' WHERE `creature_template`.`entry` =565;
UPDATE `creature_template` SET `mingold` = '0',`maxgold` = '0' WHERE `creature_template`.`entry` =569;
UPDATE `creature_template` SET `mingold` = '0',`maxgold` = '0' WHERE `creature_template`.`entry` =217;
UPDATE `creature_template` SET `mingold` = '0',`maxgold` = '0' WHERE `creature_template`.`entry` =923;
UPDATE `creature_template` SET `mingold` = '0',`maxgold` = '0' WHERE `creature_template`.`entry` =930;
UPDATE `creature_template` SET `mingold` = '0',`maxgold` = '0' WHERE `creature_template`.`entry` =683;
UPDATE `creature_template` SET `mingold` = '0',`maxgold` = '0' WHERE `creature_template`.`entry` =681;
UPDATE `creature_template` SET `mingold` = '0',`maxgold` = '0' WHERE `creature_template`.`entry` =1150;
UPDATE `creature_template` SET `mingold` = '0',`maxgold` = '0' WHERE `creature_template`.`entry` =1108;
UPDATE `creature_template` SET `mingold` = '0',`maxgold` = '0' WHERE `creature_template`.`entry` =1085;
UPDATE `creature_template` SET `mingold` = '50',`maxgold` = '50' WHERE `creature_template`.`entry` =7067;
UPDATE `creature_template` SET `mingold` = '48',`maxgold` = '48' WHERE `creature_template`.`entry` =7050;

# KiriX
UPDATE `quest_template` SET `RequiredRaces`='0' WHERE (`entry`='8698');
UPDATE `quest_template` SET `RequiredRaces`='0' WHERE (`entry`='8690');
UPDATE `quest_template` SET `RequiredRaces`='0' WHERE (`entry`='8706');
UPDATE `creature_template` SET `faction_A`='66',`faction_H`='66' WHERE (`entry`='7430');
DELETE FROM creature WHERE guid = '55953';
DELETE FROM creature_addon WHERE guid = '55953';
DELETE FROM creature_movement WHERE id = '55953';
DELETE FROM game_event_creature WHERE guid = '55953';
DELETE FROM game_event_model_equip WHERE guid = '55953';
DELETE FROM creature WHERE guid = '55952';
DELETE FROM creature_addon WHERE guid = '55952';
DELETE FROM creature_movement WHERE id = '55952';
DELETE FROM game_event_creature WHERE guid = '55952';
DELETE FROM game_event_model_equip WHERE guid = '55952';
DELETE FROM creature WHERE guid = '55951';
DELETE FROM creature_addon WHERE guid = '55951';
DELETE FROM creature_movement WHERE id = '55951';
DELETE FROM game_event_creature WHERE guid = '55951';
DELETE FROM game_event_model_equip WHERE guid = '55951';
DELETE FROM creature WHERE guid = '55944';
DELETE FROM creature_addon WHERE guid = '55944';
DELETE FROM creature_movement WHERE id = '55944';
DELETE FROM game_event_creature WHERE guid = '55944';
DELETE FROM game_event_model_equip WHERE guid = '55944';
DELETE FROM creature WHERE guid = '55945';
DELETE FROM creature_addon WHERE guid = '55945';
DELETE FROM creature_movement WHERE id = '55945';
DELETE FROM game_event_creature WHERE guid = '55945';
DELETE FROM game_event_model_equip WHERE guid = '55945';
DELETE FROM creature WHERE guid = '55948';
DELETE FROM creature_addon WHERE guid = '55948';
DELETE FROM creature_movement WHERE id = '55948';
DELETE FROM game_event_creature WHERE guid = '55948';
DELETE FROM game_event_model_equip WHERE guid = '55948';
DELETE FROM creature WHERE guid = '55947';
DELETE FROM creature_addon WHERE guid = '55947';
DELETE FROM creature_movement WHERE id = '55947';
DELETE FROM game_event_creature WHERE guid = '55947';
DELETE FROM game_event_model_equip WHERE guid = '55947';
DELETE FROM creature WHERE guid = '55955';
DELETE FROM creature_addon WHERE guid = '55955';
DELETE FROM creature_movement WHERE id = '55955';
DELETE FROM game_event_creature WHERE guid = '55955';
DELETE FROM game_event_model_equip WHERE guid = '55955';
DELETE FROM creature WHERE guid = '55956';
DELETE FROM creature_addon WHERE guid = '55956';
DELETE FROM creature_movement WHERE id = '55956';
DELETE FROM game_event_creature WHERE guid = '55956';
DELETE FROM game_event_model_equip WHERE guid = '55956';
DELETE FROM creature WHERE guid = '55957';
DELETE FROM creature_addon WHERE guid = '55957';
DELETE FROM creature_movement WHERE id = '55957';
DELETE FROM game_event_creature WHERE guid = '55957';
DELETE FROM game_event_model_equip WHERE guid = '55957';
DELETE FROM creature WHERE guid = '55960';
DELETE FROM creature_addon WHERE guid = '55960';
DELETE FROM creature_movement WHERE id = '55960';
DELETE FROM game_event_creature WHERE guid = '55960';
DELETE FROM game_event_model_equip WHERE guid = '55960';
UPDATE `creature_template` SET `faction_A`='1700',`faction_H`='1700' WHERE (`entry`='16840');
UPDATE `creature_template` SET `faction_A`='11',`faction_H`='11' WHERE (`entry`='16841');
UPDATE `creature_template` SET `faction_A`='1619',`faction_H`='1619' WHERE (`entry`='19254');
UPDATE `creature_template` SET `spell3`='0',`spell4`='0' WHERE (`entry`='9041');
UPDATE `gameobject_template` SET `faction`='0' WHERE (`entry`='186728');
UPDATE `creature_template` SET `flags`='32768' WHERE (`entry`='18213');
DELETE FROM `creature_loot_template` WHERE `item`='29434';
INSERT INTO `creature_loot_template` (`entry`,`item`,`mincountOrRef`,`maxcount`) VALUES ('25165','29434','1','3'); -- 'Lady Sacrolash'
INSERT INTO `creature_loot_template` (`entry`,`item`,`mincountOrRef`,`maxcount`) VALUES ('25840','29434','1','3'); -- 'Entropius'
INSERT INTO `creature_loot_template` (`entry`,`item`,`mincountOrRef`,`maxcount`) VALUES ('15688','29434','1','3'); -- 'Terestian Illhoof'
INSERT INTO `creature_loot_template` (`entry`,`item`,`mincountOrRef`,`maxcount`) VALUES ('23577','29434','1','3'); -- 'Halazzi'
INSERT INTO `creature_loot_template` (`entry`,`item`,`mincountOrRef`,`maxcount`) VALUES ('15690','29434','1','3'); -- 'Prince Malchezaar'
INSERT INTO `creature_loot_template` (`entry`,`item`,`mincountOrRef`,`maxcount`) VALUES ('23863','29434','1','3'); -- 'Zul\'jin'
INSERT INTO `creature_loot_template` (`entry`,`item`,`mincountOrRef`,`maxcount`) VALUES ('23574','29434','1','3'); -- 'Akil\'zon'
INSERT INTO `creature_loot_template` (`entry`,`item`,`mincountOrRef`,`maxcount`) VALUES ('23576','29434','1','3'); -- 'Nalorakk'
INSERT INTO `creature_loot_template` (`entry`,`item`,`mincountOrRef`,`maxcount`) VALUES ('23578','29434','1','3'); -- 'Jan\'alai'
INSERT INTO `creature_loot_template` (`entry`,`item`,`mincountOrRef`,`maxcount`) VALUES ('24239','29434','1','3'); -- 'Hex Lord Malacrass'
INSERT INTO `creature_loot_template` (`entry`,`item`,`mincountOrRef`,`maxcount`) VALUES ('24882','29434','1','3'); -- 'Brutallus'
INSERT INTO `creature_loot_template` (`entry`,`item`,`mincountOrRef`,`maxcount`) VALUES ('25038','29434','1','3'); -- 'Felmyst'
INSERT INTO `creature_loot_template` (`entry`,`item`,`mincountOrRef`,`maxcount`) VALUES ('20923','29434','1','3'); -- 'Blood Guard Porung'
INSERT INTO `creature_loot_template` (`entry`,`item`,`mincountOrRef`,`maxcount`) VALUES ('17257','29434','1','3'); -- 'Magtheridon'
INSERT INTO `creature_loot_template` (`entry`,`item`,`mincountOrRef`,`maxcount`) VALUES ('22930','29434','1','3'); -- 'Yor'
INSERT INTO `creature_loot_template` (`entry`,`item`,`mincountOrRef`,`maxcount`) VALUES ('25166','29434','1','3'); -- 'Grand Warlock Alythess'
INSERT INTO `creature_loot_template` (`entry`,`item`,`mincountOrRef`,`maxcount`) VALUES ('23035','29434','1','3'); -- 'Anzu'
INSERT INTO `creature_loot_template` (`entry`,`item`,`mincountOrRef`,`maxcount`) VALUES ('19219','29434','1','3'); -- 'Mechano-Lord Capacitus'
INSERT INTO `creature_loot_template` (`entry`,`item`,`mincountOrRef`,`maxcount`) VALUES ('19221','29434','1','3'); -- 'Nethermancer Sepethrea'
INSERT INTO `creature_loot_template` (`entry`,`item`,`mincountOrRef`,`maxcount`) VALUES ('19220','29434','1','3'); -- 'Pathaleon the Calculator'
INSERT INTO `creature_loot_template` (`entry`,`item`,`mincountOrRef`,`maxcount`) VALUES ('17978','29434','1','3'); -- 'Thorngrin the Tender'
INSERT INTO `creature_loot_template` (`entry`,`item`,`mincountOrRef`,`maxcount`) VALUES ('22950','29434','1','3'); -- 'High Nethermancer Zerevor'
INSERT INTO `creature_loot_template` (`entry`,`item`,`mincountOrRef`,`maxcount`) VALUES ('23420','29434','1','3'); -- 'Essence of Anger'
INSERT INTO `creature_loot_template` (`entry`,`item`,`mincountOrRef`,`maxcount`) VALUES ('22871','29434','1','3'); -- 'Teron Gorefiend'
INSERT INTO `creature_loot_template` (`entry`,`item`,`mincountOrRef`,`maxcount`) VALUES ('22917','29434','1','3'); -- 'Illidan Stormrage'
INSERT INTO `creature_loot_template` (`entry`,`item`,`mincountOrRef`,`maxcount`) VALUES ('17808','29434','1','3'); -- 'Anetheron'
INSERT INTO `creature_loot_template` (`entry`,`item`,`mincountOrRef`,`maxcount`) VALUES ('22898','29434','1','3'); -- 'Supremus'
INSERT INTO `creature_loot_template` (`entry`,`item`,`mincountOrRef`,`maxcount`) VALUES ('17842','29434','1','3'); -- 'Azgalor'
INSERT INTO `creature_loot_template` (`entry`,`item`,`mincountOrRef`,`maxcount`) VALUES ('22887','29434','1','3'); -- 'High Warlord Naj\'entus'
INSERT INTO `creature_loot_template` (`entry`,`item`,`mincountOrRef`,`maxcount`) VALUES ('17991','29434','1','3'); -- 'Rokmar the Crackler'
INSERT INTO `creature_loot_template` (`entry`,`item`,`mincountOrRef`,`maxcount`) VALUES ('22841','29434','1','3'); -- 'Shade of Akama'
INSERT INTO `creature_loot_template` (`entry`,`item`,`mincountOrRef`,`maxcount`) VALUES ('17888','29434','1','3'); -- 'Kaz\'rogal'
INSERT INTO `creature_loot_template` (`entry`,`item`,`mincountOrRef`,`maxcount`) VALUES ('17941','29434','1','3'); -- 'Mennu the Betrayer'
INSERT INTO `creature_loot_template` (`entry`,`item`,`mincountOrRef`,`maxcount`) VALUES ('22948','29434','1','3'); -- 'Gurtogg Bloodboil'
INSERT INTO `creature_loot_template` (`entry`,`item`,`mincountOrRef`,`maxcount`) VALUES ('22947','29434','1','3'); -- 'Mother Shahraz'
INSERT INTO `creature_loot_template` (`entry`,`item`,`mincountOrRef`,`maxcount`) VALUES ('17767','29434','1','3'); -- 'Rage Winterchill'
INSERT INTO `creature_loot_template` (`entry`,`item`,`mincountOrRef`,`maxcount`) VALUES ('20886','29434','1','3'); -- 'Wrath-Scryer Soccothrates'
INSERT INTO `creature_loot_template` (`entry`,`item`,`mincountOrRef`,`maxcount`) VALUES ('17942','29434','1','3'); -- 'Quagmirran'
INSERT INTO `creature_loot_template` (`entry`,`item`,`mincountOrRef`,`maxcount`) VALUES ('20885','29434','1','3'); -- 'Dalliah the Doomsayer'
INSERT INTO `creature_loot_template` (`entry`,`item`,`mincountOrRef`,`maxcount`) VALUES ('24560','29434','1','3'); -- 'Priestess Delrissa'
INSERT INTO `creature_loot_template` (`entry`,`item`,`mincountOrRef`,`maxcount`) VALUES ('24744','29434','1','3'); -- 'Vexallus'
INSERT INTO `creature_loot_template` (`entry`,`item`,`mincountOrRef`,`maxcount`) VALUES ('17301','29434','1','3'); -- 'Shattered Hand Executioner'
INSERT INTO `creature_loot_template` (`entry`,`item`,`mincountOrRef`,`maxcount`) VALUES ('20870','29434','1','3'); -- 'Zereketh the Unbound'
INSERT INTO `creature_loot_template` (`entry`,`item`,`mincountOrRef`,`maxcount`) VALUES ('17968','29434','1','3'); -- 'Archimonde'
INSERT INTO `creature_loot_template` (`entry`,`item`,`mincountOrRef`,`maxcount`) VALUES ('15689','29434','1','3'); -- 'Netherspite'
INSERT INTO `creature_loot_template` (`entry`,`item`,`mincountOrRef`,`maxcount`) VALUES ('24723','29434','1','3'); -- 'Selin Fireheart'
INSERT INTO `creature_loot_template` (`entry`,`item`,`mincountOrRef`,`maxcount`) VALUES ('24664','29434','1','3'); -- 'Kael\'thas Sunstrider'
INSERT INTO `creature_loot_template` (`entry`,`item`,`mincountOrRef`,`maxcount`) VALUES ('17826','29434','1','3'); -- 'Swamplord Musel\'ek'
INSERT INTO `creature_loot_template` (`entry`,`item`,`mincountOrRef`,`maxcount`) VALUES ('17770','29434','1','3'); -- 'Hungarfen'
INSERT INTO `creature_loot_template` (`entry`,`item`,`mincountOrRef`,`maxcount`) VALUES ('17533','29434','1','3'); -- 'Romulo'
INSERT INTO `creature_loot_template` (`entry`,`item`,`mincountOrRef`,`maxcount`) VALUES ('17534','29434','1','3'); -- 'Julianne'
INSERT INTO `creature_loot_template` (`entry`,`item`,`mincountOrRef`,`maxcount`) VALUES ('17225','29434','1','3'); -- 'Nightbane'
INSERT INTO `creature_loot_template` (`entry`,`item`,`mincountOrRef`,`maxcount`) VALUES ('18105','29434','1','3'); -- 'Ghaz\'an'
INSERT INTO `creature_loot_template` (`entry`,`item`,`mincountOrRef`,`maxcount`) VALUES ('16457','29434','1','3'); -- 'Maiden of Virtue'
INSERT INTO `creature_loot_template` (`entry`,`item`,`mincountOrRef`,`maxcount`) VALUES ('18168','29434','1','3'); -- 'The Crone'
INSERT INTO `creature_loot_template` (`entry`,`item`,`mincountOrRef`,`maxcount`) VALUES ('15691','29434','1','3'); -- 'The Curator'
INSERT INTO `creature_loot_template` (`entry`,`item`,`mincountOrRef`,`maxcount`) VALUES ('17521','29434','1','3'); -- 'The Big Bad Wolf'
INSERT INTO `creature_loot_template` (`entry`,`item`,`mincountOrRef`,`maxcount`) VALUES ('17308','29434','1','3'); -- 'Omor the Unscarred'
INSERT INTO `creature_loot_template` (`entry`,`item`,`mincountOrRef`,`maxcount`) VALUES ('15687','29434','1','3'); -- 'Moroes'
INSERT INTO `creature_loot_template` (`entry`,`item`,`mincountOrRef`,`maxcount`) VALUES ('16524','29434','1','3'); -- 'Shade of Aran'
INSERT INTO `creature_loot_template` (`entry`,`item`,`mincountOrRef`,`maxcount`) VALUES ('15550','29434','1','3'); -- 'Attumen the Huntsman'
INSERT INTO `creature_loot_template` (`entry`,`item`,`mincountOrRef`,`maxcount`) VALUES ('21217','29434','1','3'); -- 'The Lurker Below'
INSERT INTO `creature_loot_template` (`entry`,`item`,`mincountOrRef`,`maxcount`) VALUES ('17882','29434','1','3'); -- 'The Black Stalker'
INSERT INTO `creature_loot_template` (`entry`,`item`,`mincountOrRef`,`maxcount`) VALUES ('19514','29434','1','3'); -- 'Al\'ar'
INSERT INTO `creature_loot_template` (`entry`,`item`,`mincountOrRef`,`maxcount`) VALUES ('21215','29434','1','3'); -- 'Leotheras the Blind'
INSERT INTO `creature_loot_template` (`entry`,`item`,`mincountOrRef`,`maxcount`) VALUES ('18805','29434','1','3'); -- 'High Astromancer Solarian'
INSERT INTO `creature_loot_template` (`entry`,`item`,`mincountOrRef`,`maxcount`) VALUES ('18831','29434','1','3'); -- 'High King Maulgar'
INSERT INTO `creature_loot_template` (`entry`,`item`,`mincountOrRef`,`maxcount`) VALUES ('17980','29434','1','3'); -- 'Laj'
INSERT INTO `creature_loot_template` (`entry`,`item`,`mincountOrRef`,`maxcount`) VALUES ('18341','29434','1','3'); -- 'Pandemonius'
INSERT INTO `creature_loot_template` (`entry`,`item`,`mincountOrRef`,`maxcount`) VALUES ('21216','29434','1','3'); -- 'Hydross the Unstable'
INSERT INTO `creature_loot_template` (`entry`,`item`,`mincountOrRef`,`maxcount`) VALUES ('17306','29434','1','3'); -- 'Watchkeeper Gargolmar'
INSERT INTO `creature_loot_template` (`entry`,`item`,`mincountOrRef`,`maxcount`) VALUES ('17380','29434','1','3'); -- 'Broggok'
INSERT INTO `creature_loot_template` (`entry`,`item`,`mincountOrRef`,`maxcount`) VALUES ('17377','29434','1','3'); -- 'Keli\'dan the Breaker'
INSERT INTO `creature_loot_template` (`entry`,`item`,`mincountOrRef`,`maxcount`) VALUES ('17381','29434','1','3'); -- 'The Maker'
INSERT INTO `creature_loot_template` (`entry`,`item`,`mincountOrRef`,`maxcount`) VALUES ('18731','29434','1','3'); -- 'Ambassador Hellmaw'
INSERT INTO `creature_loot_template` (`entry`,`item`,`mincountOrRef`,`maxcount`) VALUES ('18472','29434','1','3'); -- 'Darkweaver Syth'
INSERT INTO `creature_loot_template` (`entry`,`item`,`mincountOrRef`,`maxcount`) VALUES ('17975','29434','1','3'); -- 'High Botanist Freywinn'
INSERT INTO `creature_loot_template` (`entry`,`item`,`mincountOrRef`,`maxcount`) VALUES ('21214','29434','1','3'); -- 'Fathom-Lord Karathress'
INSERT INTO `creature_loot_template` (`entry`,`item`,`mincountOrRef`,`maxcount`) VALUES ('21213','29434','1','3'); -- 'Morogrim Tidewalker'
INSERT INTO `creature_loot_template` (`entry`,`item`,`mincountOrRef`,`maxcount`) VALUES ('19044','29434','1','3'); -- 'Gruul the Dragonkiller'
INSERT INTO `creature_loot_template` (`entry`,`item`,`mincountOrRef`,`maxcount`) VALUES ('19516','29434','1','3'); -- 'Void Reaver'
INSERT INTO `creature_loot_template` (`entry`,`item`,`mincountOrRef`,`maxcount`) VALUES ('17796','29434','1','3'); -- 'Mekgineer Steamrigger
INSERT INTO `creature_loot_template` (`entry`,`item`,`mincountOrRef`,`maxcount`) VALUES ('16807','29434','1','3'); -- 'Grand Warlock Nethekurse'
INSERT INTO `creature_loot_template` (`entry`,`item`,`mincountOrRef`,`maxcount`) VALUES ('18343','29434','1','3'); -- 'Tavarok'
INSERT INTO `creature_loot_template` (`entry`,`item`,`mincountOrRef`,`maxcount`) VALUES ('17976','29434','1','3'); -- 'Commander Sarannis'
INSERT INTO `creature_loot_template` (`entry`,`item`,`mincountOrRef`,`maxcount`) VALUES ('18371','29434','1','3'); -- 'Shirrak the Dead Watcher'
INSERT INTO `creature_loot_template` (`entry`,`item`,`mincountOrRef`,`maxcount`) VALUES ('17797','29434','1','3'); -- 'Hydromancer Thespia'
INSERT INTO `creature_loot_template` (`entry`,`item`,`mincountOrRef`,`maxcount`) VALUES ('17977','29434','1','3'); -- 'Warp Splinter'
INSERT INTO `creature_loot_template` (`entry`,`item`,`mincountOrRef`,`maxcount`) VALUES ('18373','29434','1','3'); -- 'Exarch Maladaar'
INSERT INTO `creature_loot_template` (`entry`,`item`,`mincountOrRef`,`maxcount`) VALUES ('18344','29434','1','3'); -- 'Nexus-Prince Shaffar'
INSERT INTO `creature_loot_template` (`entry`,`item`,`mincountOrRef`,`maxcount`) VALUES ('18473','29434','1','3'); -- 'Talon King Ikiss'
INSERT INTO `creature_loot_template` (`entry`,`item`,`mincountOrRef`,`maxcount`) VALUES ('17711','29434','1','3'); -- 'Doomwalker'
INSERT INTO `creature_loot_template` (`entry`,`item`,`mincountOrRef`,`maxcount`) VALUES ('20912','29434','1','3'); -- 'Harbinger Skyriss'
INSERT INTO `creature_loot_template` (`entry`,`item`,`mincountOrRef`,`maxcount`) VALUES ('16809','29434','1','3'); -- 'Warbringer O\'mrogg'
INSERT INTO `creature_loot_template` (`entry`,`item`,`mincountOrRef`,`maxcount`) VALUES ('17798','29434','1','3'); -- 'Warlord Kalithresh'
INSERT INTO `creature_loot_template` (`entry`,`item`,`mincountOrRef`,`maxcount`) VALUES ('16808','29434','1','3'); -- 'Warchief Kargath Bladefist'
INSERT INTO `creature_loot_template` (`entry`,`item`,`mincountOrRef`,`maxcount`) VALUES ('17880','29434','1','3'); -- 'Temporus'
INSERT INTO `creature_loot_template` (`entry`,`item`,`mincountOrRef`,`maxcount`) VALUES ('18728','29434','1','3'); -- 'Doom Lord Kazzak'
INSERT INTO `creature_loot_template` (`entry`,`item`,`mincountOrRef`,`maxcount`) VALUES ('17879','29434','1','3'); -- 'Chrono Lord Deja'
INSERT INTO `creature_loot_template` (`entry`,`item`,`mincountOrRef`,`maxcount`) VALUES ('19622','29434','1','3'); -- 'Kael\'thas Sunstrider'
INSERT INTO `creature_loot_template` (`entry`,`item`,`mincountOrRef`,`maxcount`) VALUES ('21212','29434','1','3'); -- 'Lady Vashj'
INSERT INTO `creature_loot_template` (`entry`,`item`,`mincountOrRef`,`maxcount`) VALUES ('17848','29434','1','3'); -- 'Lieutenant Drake'
INSERT INTO `creature_loot_template` (`entry`,`item`,`mincountOrRef`,`maxcount`) VALUES ('18732','29434','1','3'); -- 'Grandmaster Vorpil'
INSERT INTO `creature_loot_template` (`entry`,`item`,`mincountOrRef`,`maxcount`) VALUES ('17881','29434','1','3'); -- 'Aeonus'
INSERT INTO `creature_loot_template` (`entry`,`item`,`mincountOrRef`,`maxcount`) VALUES ('18667','29434','1','3'); -- 'Blackheart the Inciter'
INSERT INTO `creature_loot_template` (`entry`,`item`,`mincountOrRef`,`maxcount`) VALUES ('18708','29434','1','3'); -- 'Murmur'
INSERT INTO `creature_loot_template` (`entry`,`item`,`mincountOrRef`,`maxcount`) VALUES ('17862','29434','1','3'); -- 'Captain Skarloc'
INSERT INTO `creature_loot_template` (`entry`,`item`,`mincountOrRef`,`maxcount`) VALUES ('18096','29434','1','3'); -- 'Epoch Hunter'
INSERT INTO `creature_loot_template` (`entry`,`item`,`mincountOrRef`,`maxcount`) VALUES ('25315','29434','1','3'); -- 'Kil\'jaeden'
INSERT INTO `creature_loot_template` (`entry`,`item`,`mincountOrRef`,`maxcount`) VALUES ('24892','29434','1','3'); -- 'Sathrovarr the Corruptor'
UPDATE `spell_script_target` SET `targetEntry`='18733' WHERE (`entry`='38202') AND (`type`='2') AND (`targetEntry`='18773');
DELETE FROM `spell_script_target` WHERE (`entry`='38202') AND (`type`='2') AND (`targetEntry`='19400');
DELETE FROM `creature_addon` WHERE (`guid`='56001');
UPDATE `creature_model_info` SET `bounding_radius`='3' WHERE (`modelid`='20746');
DELETE FROM `creature_addon` WHERE (`guid`='73559');
DELETE FROM `creature_addon` WHERE (`guid`='76108');

# KreK
UPDATE `creature_template` SET `armor` = 8381, `faction_A` = 14, `faction_H` = 14, `speed` = 1.5, `mindmg` = 1500, `maxdmg` = 1800, `attackpower` = 3500, `minrangedmg` = 151, `maxrangedmg` = 194, `mechanic_immune_mask` = 268419067 WHERE `entry` = 20923;
DELETE FROM `creature_template_addon` WHERE (`entry`=20923);
INSERT INTO `creature_template_addon` (`entry`, `mount`, `bytes0`, `bytes1`, `bytes2`, `emote`, `moveflags`, `auras`) VALUES (20923, 0, 0, 0, 0, 0, 0, '18950 0 18950 1');
DELETE FROM `creature_loot_template` WHERE (`entry`=20923);
INSERT INTO `creature_loot_template` VALUES 
(20923, 30546, 6.1965, 2, 1, 1, 0, 0, 0),
(20923, 30547, 4.1058, 2, 1, 1, 0, 0, 0),
(20923, 30548, 5.7935, 2, 1, 1, 0, 0, 0),
(20923, 30705, 0, 1, 1, 1, 0, 0, 0),
(20923, 30707, 0, 1, 1, 1, 0, 0, 0),
(20923, 30708, 0, 1, 1, 1, 0, 0, 0),
(20923, 30709, 0, 1, 1, 1, 0, 0, 0),
(20923, 30710, 0, 1, 1, 1, 0, 0, 0),
(20923, 29434, 100, 0, 1, 1, 0, 0, 0);
UPDATE `creature_template` SET `minhealth` = 116598, `maxhealth` = 116598, `mindmg` = 1115, `maxdmg` = 1520, `minrangedmg` = 333, `maxrangedmg` = 464, `resistance5` = 100, `mechanic_immune_mask` = 268419071 WHERE `entry` = 16807;
DELETE FROM `creature_loot_template` WHERE (`entry`=16807);
INSERT INTO `creature_loot_template` VALUES 
(16807, 23735, -100, 0, 1, 1, 0, 0, 0),
(16807, 24312, 0.6, 0, 1, 1, 0, 0, 0),
(16807, 27517, 0, 1, 1, 1, 0, 0, 0),
(16807, 27518, 0, 1, 1, 1, 0, 0, 0),
(16807, 27519, 0, 1, 1, 1, 0, 0, 0),
(16807, 27520, 0, 1, 1, 1, 0, 0, 0),
(16807, 27521, 0, 1, 1, 1, 0, 0, 0);
UPDATE `creature_template` SET `minhealth` = 210000, `maxhealth` = 210000, `armor` = 9381, `mindmg` = 1300, `maxdmg` = 1700, `minrangedmg` = 338, `maxrangedmg` = 471, `spell4` = 0, `mechanic_immune_mask` = 268419067 WHERE `entry` = 16809;
DELETE FROM `creature_loot_template` WHERE (`entry`=16809);
INSERT INTO `creature_loot_template` VALUES 
(16809, 27524, 0, 1, 1, 1, 0, 0, 0),
(16809, 27525, 0, 1, 1, 1, 0, 0, 0),
(16809, 27526, 0, 1, 1, 1, 0, 0, 0),
(16809, 27802, 0, 1, 1, 1, 0, 0, 0),
(16809, 27868, 0, 1, 1, 1, 0, 0, 0),
(16809, 30829, -100, 0, 1, 1, 0, 0, 0);
UPDATE `creature_template` SET `armor` = 9381, `mindmg` = 1100, `maxdmg` = 1300, `mechanic_immune_mask` = 266714811 WHERE `entry` = 16808;
DELETE FROM `creature_loot_template` WHERE (`entry`=16808);
INSERT INTO `creature_loot_template` VALUES 
(16808, 23572, 7, 0, 1, 1, 0, 0, 0),
(16808, 23723, -100, 0, 1, 1, 0, 0, 0),
(16808, 27474, 0, 1, 1, 1, 0, 0, 0),
(16808, 27527, 0, 3, 1, 1, 0, 0, 0),
(16808, 27528, 0, 1, 1, 1, 0, 0, 0),
(16808, 27529, 0, 3, 1, 1, 0, 0, 0),
(16808, 27531, 0, 1, 1, 1, 0, 0, 0),
(16808, 27533, 0, 3, 1, 1, 0, 0, 0),
(16808, 27534, 0, 3, 1, 1, 0, 0, 0),
(16808, 27535, 0, 1, 1, 1, 0, 0, 0),
(16808, 27536, 0, 1, 1, 1, 0, 0, 0),
(16808, 27537, 0, 1, 1, 1, 0, 0, 0),
(16808, 27538, 0, 3, 1, 1, 0, 0, 0),
(16808, 27540, 0, 3, 1, 1, 0, 0, 0),
(16808, 31892, 1, 2, 1, 1, 0, 0, 0),
(16808, 31901, 1, 2, 1, 1, 0, 0, 0),
(16808, 31910, 1, 2, 1, 1, 0, 0, 0),
(16808, 31882, 1, 2, 1, 1, 0, 0, 0);
UPDATE `creature_template` SET `minhealth` = 19325, `maxhealth` = 19325, `faction_A` = 14, `faction_H` = 14, `maxrangedmg` = 451, `mechanic_immune_mask` = 77824 WHERE `entry` = 17356;
UPDATE `creature_template` SET `minhealth` = 3396, `maxhealth` = 3396, `faction_A` = 14, `faction_H` = 14, `mindmg` = 25, `maxdmg` = 98, `attackpower` = 750, `maxrangedmg` = 451, `mingold` = 0, `maxgold` = 0, `mechanic_immune_mask` = 4096 WHERE `entry` = 17357;
UPDATE `creature_template` SET `minhealth` = 9935, `maxhealth` = 9935, `armor` = 6204, `faction_A` = 14, `faction_H` = 14, `maxrangedmg` = 451 WHERE `entry` = 17083;
UPDATE `creature_template` SET `maxhealth` = 8400, `faction_A` = 14, `faction_H` = 14, `speed` = 1.5, `mindmg` = 215, `maxdmg` = 215, `attackpower` = 1452, `minrangedmg` = 0, `maxrangedmg` = 0 WHERE `entry` = 17621;
UPDATE `creature_template` SET `minhealth` = 9215, `maxhealth` = 9215, `faction_A` = 14, `faction_H` = 14, `minrangedmg` = 314, `maxrangedmg` = 438, `type` = 1, `mingold` = 0, `maxgold` = 0 WHERE `entry` = 17669;
UPDATE `creature_template` SET `minhealth` = 18768, `maxhealth` = 18768, `faction_A` = 14, `faction_H` = 14, `maxrangedmg` = 451, `spell4` = 35944, `mechanic_immune_mask` = 0 WHERE `entry` = 16594;
UPDATE `creature_template` SET `minhealth` = 19326, `maxhealth` = 19326, `maxrangedmg` = 451, `spell4` = 0, `mechanic_immune_mask` = 0 WHERE `entry` = 17694;
UPDATE `creature_template` SET `minhealth` = 9325, `maxhealth` = 9325, `armor` = 3204, `minrangedmg` = 172, `maxrangedmg` = 206, `spell2` = 37551, `spell4` = 0, `mingold` = 0, `maxgold` = 0 WHERE `entry` = 17622;
UPDATE `creature_template` SET `minhealth` = 9435, `maxhealth` = 9435, `armor` = 3295, `faction_A` = 14, `faction_H` = 14, `maxrangedmg` = 451, `spell2` = 0 WHERE `entry` = 17427;
UPDATE `creature_template` SET `minhealth` = 21425, `maxhealth` = 21425, `armor` = 3323, `maxrangedmg` = 451, `spell3` = 0, `spell4` = 0 WHERE `entry` = 17695;
UPDATE `creature_template` SET `minhealth` = 28192, `maxhealth` = 28192, `armor` = 6352, `faction_A` = 14, `faction_H` = 14, `maxrangedmg` = 451, `mechanic_immune_mask` = 0 WHERE `entry` = 17461;
UPDATE `creature_template` SET `minhealth` = 27135, `maxhealth` = 27135, `armor` = 4323, `maxrangedmg` = 451, `spell4` = 0, `mechanic_immune_mask` = 0 WHERE `entry` = 16593;
UPDATE `creature_template` SET `maxhealth` = 28000, `armor` = 7352, `maxrangedmg` = 451, `spell2` = 0, `spell4` = 0, `mechanic_immune_mask` = 0 WHERE `entry` = 17465;
UPDATE `creature_template` SET `maxhealth` = 28000, `maxrangedmg` = 451, `spell4` = 0, `mechanic_immune_mask` = 0 WHERE `entry` = 17671;
UPDATE `creature_template` SET `minhealth` = 26987, `maxhealth` = 26987, `armor` = 7323, `mindmg` = 765, `maxdmg` = 1065, `attackpower` = 2308, `minrangedmg` = 146, `maxrangedmg` = 189, `spell3` = 11876, `mechanic_immune_mask` = 0 WHERE `entry` = 17301;
UPDATE `creature_template` SET `minhealth` = 26345, `maxhealth` = 26345, `armor` = 3323, `faction_A` = 14, `faction_H` = 14, `maxrangedmg` = 451 WHERE `entry` = 17464;
UPDATE `creature_template` SET `minhealth` = 19984, `maxhealth` = 19984, `armor` = 2295, `faction_A` = 14, `faction_H` = 14, `maxrangedmg` = 451, `spell3` = 0, `mechanic_immune_mask` = 0 WHERE `entry` = 17420;
UPDATE `creature_template` SET `minhealth` = 25479, `maxhealth` = 25479, `armor` = 5323, `faction_A` = 14, `faction_H` = 14, `maxrangedmg` = 451, `spell2` = 0, `mechanic_immune_mask` = 0 WHERE `entry` = 17670;
UPDATE `creature_template` SET `armor` = 5323, `maxrangedmg` = 451, `spell4` = 0, `mingold` = 4499, `maxgold` = 4499, `mechanic_immune_mask` = 65536 WHERE `entry` = 16700;
UPDATE `creature_template` SET `minhealth` = 19486, `maxhealth` = 19486, `armor` = 5295, `maxrangedmg` = 451, `spell4` = 0, `mechanic_immune_mask` = 0 WHERE `entry` = 16699;
UPDATE `creature_template` SET `minhealth` = 19069, `maxhealth` = 19069, `armor` = 3295, `faction_A` = 14, `faction_H` = 14, `maxrangedmg` = 451, `spell4` = 0, `mechanic_immune_mask` = 0 WHERE `entry` = 16523;
UPDATE `creature_template` SET `maxhealth` = 8600, `faction_A` = 14, `faction_H` = 14, `minrangedmg` = 47, `maxrangedmg` = 61 WHERE `entry` = 17693;
UPDATE `creature_template` SET `minhealth` = 20790, `maxhealth` = 20790, `armor` = 6295, `faction_A` = 14, `faction_H` = 14, `maxrangedmg` = 451, `spell3` = 0 WHERE `entry` = 16507;
UPDATE `creature_template` SET `minhealth` = 12965, `maxhealth` = 12965, `armor` = 3295, `maxrangedmg` = 451, `spell2` = 37551, `spell4` = 0, `mechanic_immune_mask` = 0 WHERE `entry` = 16704;
UPDATE `creature_template` SET `minhealth` = 6734, `maxhealth` = 6724, `faction_A` = 14, `faction_H` = 14, `maxrangedmg` = 451 WHERE `entry` = 17462;
UPDATE `creature_template` SET `faction_A` = 14, `faction_H` = 14, `speed` = 0, `flag1` = 2, `MovementType` = 0 WHERE `entry` = 17578;
UPDATE `creature_template` SET `flags` = 6 WHERE `entry` = 17578;
UPDATE `creature_template` SET `maxhealth` = 6734 WHERE `entry` = 17462;
UPDATE `creature_template` SET `equipment_id` = 0, `mechanic_immune_mask` = 65540 WHERE `entry` = 16700;
DELETE FROM `creature_equip_template` WHERE (`entry`=968);
INSERT INTO `creature_equip_template` (`entry`, `equipmodel1`, `equipmodel2`, `equipmodel3`, `equipinfo1`, `equipinfo2`, `equipinfo3`, `equipslot1`, `equipslot2`, `equipslot3`) VALUES (968, 0, 12236, 0, 0, 218235906, 0, 0, 7, 0);
INSERT INTO gameobject VALUES ( 68730, 188178, 530, 1, -310.647, 3087.15, -3.91775, 4.60799, 0, 0, 0.743038, -0.669249, 25, 0, 1);
INSERT INTO gameobject VALUES ( 68731, 188178, 540, 1, -41.9998, -26.9357, -13.5108, 1.40587, 0, 0, 0.646458, 0.76295, 25, 0, 1);
INSERT INTO gameobject VALUES ( 68732, 184524, 540, 1, -41.9998, -26.9357, -13.5108, 1.40587, 0, 0, 0.646458, 0.76295, 25, 0, 1);
UPDATE `creature` SET `curhealth` = 210000 WHERE `guid` = 54937;
UPDATE `creature` SET `curhealth` = 116598 WHERE `guid` = 55860;
DELETE FROM `creature` WHERE `id`=17356;
INSERT INTO `creature` (`guid`,`id`,`map`,`spawnMask`,`modelid`,`equipment_id`,`position_x`,`position_y`,`position_z`,`orientation`,`spawntimesecs`,`spawndist`,`currentwaypoint`,`curhealth`,`curmana`,`DeathState`,`MovementType`) VALUES
(55019, 17356, 540, 1, 0, 0, 123.383, 240.069, -45.6787, 4.69948, 7200, 5, 0, 19325, 0, 0, 1),
(55020, 17356, 540, 1, 0, 0, 128.986, 198.313, -48.4405, 2.02743, 7200, 5, 0, 19325, 0, 0, 1),
(55021, 17356, 540, 1, 0, 0, 192.355, 160.229, -42.3595, 2.96205, 7200, 5, 0, 19325, 0, 0, 1),
(55022, 17356, 540, 1, 0, 0, 147.748, 180.457, -44.6035, 5.6756, 7200, 5, 0, 19325, 0, 0, 1),
(55023, 17356, 540, 1, 0, 0, 164.527, 167.377, -42.3287, 5.64026, 7200, 5, 0, 19325, 0, 0, 1);
DELETE FROM `creature` WHERE `id`=17357;
INSERT INTO `creature` (`guid`,`id`,`map`,`spawnMask`,`modelid`,`equipment_id`,`position_x`,`position_y`,`position_z`,`orientation`,`spawntimesecs`,`spawndist`,`currentwaypoint`,`curhealth`,`curmana`,`DeathState`,`MovementType`) VALUES
(55024, 17357, 540, 1, 0, 0, 145.813, 183.696, -45.3024, 1.13286, 7200, 3, 0, 3396, 0, 0, 1),
(55025, 17357, 540, 1, 0, 0, 147.923, 176.672, -44.2566, 2.80576, 7200, 3, 0, 3396, 0, 0, 1),
(55026, 17357, 540, 1, 0, 0, 149.566, 182.556, -44.5859, 2.8089, 7200, 3, 0, 3396, 0, 0, 1),
(55027, 17357, 540, 1, 0, 0, 161.157, 169.442, -42.5693, 2.23163, 7200, 3, 0, 3396, 0, 0, 1),
(55028, 17357, 540, 1, 0, 0, 166.764, 166.645, -42.3317, 2.94242, 7200, 3, 0, 3396, 0, 0, 1),
(55029, 17357, 540, 1, 0, 0, 169.641, 168.944, -42.0859, 2.87959, 7200, 3, 0, 3396, 0, 0, 1),
(55827, 17357, 540, 1, 0, 0, 164.487, 172.445, -42.0653, 1.52478, 7200, 3, 0, 3396, 0, 0, 1),
(55828, 17357, 540, 1, 0, 0, 161.756, 165.91, -42.3366, 2.67538, 7200, 3, 0, 3396, 0, 0, 1),
(55829, 17357, 540, 1, 0, 0, 168.019, 163.597, -42.3366, 3.03667, 7200, 3, 0, 3396, 0, 0, 1),
(55830, 17357, 540, 1, 0, 0, 187.192, 164.573, -42.3438, 2.64789, 7200, 3, 0, 3396, 0, 0, 1),
(55831, 17357, 540, 1, 0, 0, 189.497, 159.973, -42.3528, 2.69502, 7200, 3, 0, 3396, 0, 0, 1),
(55832, 17357, 540, 1, 0, 0, 198.036, 157.678, -42.2974, 2.75392, 7200, 0, 0, 3396, 0, 0, 2),
(55771, 17357, 540, 1, 0, 0, 193.653, 164.139, -42.3619, 4.25796, 7200, 3, 0, 3396, 0, 0, 1),
(55798, 17357, 540, 1, 0, 0, 193.572, 155.134, -42.3721, 1.92533, 7200, 3, 0, 3396, 0, 0, 1),
(55802, 17357, 540, 1, 0, 0, 149.637, 186.838, -45.089, 4.10167, 7200, 0, 0, 3396, 0, 0, 2),
(55833, 17357, 540, 1, 0, 0, 143.106, 179.351, -45.1497, 3.92495, 7200, 3, 0, 3396, 0, 0, 1),
(55834, 17357, 540, 1, 0, 0, 133.347, 194.904, -48.2549, 2.18529, 7200, 0, 0, 3396, 0, 0, 2),
(82486, 17357, 540, 1, 0, 0, 130.655, 199.467, -48.5642, 1.49022, 7200, 3, 0, 3396, 0, 0, 1),
(82487, 17357, 540, 1, 0, 0, 135.268, 197.541, -48.3497, 4.08988, 7200, 3, 0, 3396, 0, 0, 1),
(82488, 17357, 540, 1, 0, 0, 128.724, 193.428, -48.2922, 3.68148, 7200, 3, 0, 3396, 0, 0, 1),
(82489, 17357, 540, 1, 0, 0, 124.871, 234.628, -46.3901, 1.22711, 7200, 3, 0, 3396, 0, 0, 1),
(82490, 17357, 540, 1, 0, 0, 126.529, 239.262, -45.7962, 2.53401, 7200, 3, 0, 3396, 0, 0, 1),
(82491, 17357, 540, 1, 0, 0, 119.878, 237.925, -45.9583, 6.02903, 7200, 3, 0, 3396, 0, 0, 1),
(82492, 17357, 540, 1, 0, 0, 121.297, 245.288, -45.1604, 4.4818, 7200, 0, 0, 3396, 0, 0, 2),
(82493, 17357, 540, 1, 0, 0, 122.714, 238.025, -45.7783, 4.98838, 7200, 3, 0, 3396, 0, 0, 1);
DELETE FROM `creature` WHERE `id`=17083;
INSERT INTO `creature` (`guid`,`id`,`map`,`spawnMask`,`modelid`,`equipment_id`,`position_x`,`position_y`,`position_z`,`orientation`,`spawntimesecs`,`spawndist`,`currentwaypoint`,`curhealth`,`curmana`,`DeathState`,`MovementType`) VALUES
(102911, 17083, 540, 1, 0, 0, 172.556, 258.227, -13.191, 1.41189, 7200, 0, 0, 9935, 0, 0, 0),
(102912, 17083, 540, 1, 0, 0, 165.181, 261.511, -13.1926, 0.942743, 7200, 0, 0, 9935, 0, 0, 0),
(102913, 17083, 540, 1, 0, 0, 182.482, 258.635, -13.1788, 1.70929, 7200, 0, 0, 9935, 0, 0, 0),
(102914, 17083, 540, 1, 0, 0, 189.616, 259.866, -13.1966, 1.95748, 7200, 0, 0, 9935, 0, 0, 0);
DELETE FROM `creature` WHERE `id`=17621;
INSERT INTO `creature` (`guid`,`id`,`map`,`spawnMask`,`modelid`,`equipment_id`,`position_x`,`position_y`,`position_z`,`orientation`,`spawntimesecs`,`spawndist`,`currentwaypoint`,`curhealth`,`curmana`,`DeathState`,`MovementType`) VALUES
(102907, 17621, 540, 1, 0, 0, 56.1092, 74.6663, -13.2224, 5.61084, 7200, 0, 0, 8400, 0, 0, 0),
(102908, 17621, 540, 1, 0, 0, 69.2221, 80.6061, -13.2224, 4.55449, 7200, 0, 0, 8400, 0, 0, 0),
(102909, 17621, 540, 1, 0, 0, 84.6959, 73.5956, -13.2224, 3.78479, 7200, 0, 0, 8400, 0, 0, 0);
DELETE FROM `creature` WHERE `id`=17669;
INSERT INTO `creature` (`guid`,`id`,`map`,`spawnMask`,`modelid`,`equipment_id`,`position_x`,`position_y`,`position_z`,`orientation`,`spawntimesecs`,`spawndist`,`currentwaypoint`,`curhealth`,`curmana`,`DeathState`,`MovementType`) VALUES
(102910, 17669, 540, 1, 0, 0, 521, 150, 1.92635, 1.6033, 7200, 0, 0, 9215, 0, 0, 2),
(102965, 17669, 540, 1, 0, 0, 101.729, 262.265, -13.2171, 3.13714, 7200, 0, 0, 9215, 0, 0, 0),
(102966, 17669, 540, 1, 0, 0, 101.762, 269.832, -13.2199, 3.13714, 7200, 0, 0, 9215, 0, 0, 0),
(82494, 17669, 540, 1, 0, 0, 515, 150, 1.92651, 1.65828, 7200, 0, 0, 9215, 0, 0, 2);
DELETE FROM `creature` WHERE `id`=17623;
DELETE FROM `creature` WHERE `id`=16594;
INSERT INTO `creature` (`guid`,`id`,`map`,`spawnMask`,`modelid`,`equipment_id`,`position_x`,`position_y`,`position_z`,`orientation`,`spawntimesecs`,`spawndist`,`currentwaypoint`,`curhealth`,`curmana`,`DeathState`,`MovementType`) VALUES
(102899, 16594, 540, 1, 0, 0, 60.0446, 78.4683, -13.2224, 5.50873, 7200, 0, 0, 18768, 35980, 0, 0),
(102900, 16594, 540, 1, 0, 0, 77.7438, 78.4186, -13.223, 4.19398, 7200, 0, 0, 18768, 35980, 0, 0),
(102898, 16594, 540, 1, 0, 0, 85.3832, 284.667, -13.2071, 2.29717, 7200, 0, 0, 18768, 35980, 0, 0);
DELETE FROM `creature` WHERE `id`=17694;
INSERT INTO `creature` (`guid`,`id`,`map`,`spawnMask`,`modelid`,`equipment_id`,`position_x`,`position_y`,`position_z`,`orientation`,`spawntimesecs`,`spawndist`,`currentwaypoint`,`curhealth`,`curmana`,`DeathState`,`MovementType`) VALUES
(55844, 17694, 540, 1, 0, 0, 488.675, 316.374, 1.945, 3.09646, 7200, 0, 0, 19326, 35980, 0, 0),
(54939, 17694, 540, 1, 0, 0, 526.745, 218.144, 1.93513, 2.40048, 7200, 0, 0, 19326, 35980, 0, 0),
(55870, 17694, 540, 1, 0, 0, 66.6496, 181.844, -13.2293, 4.73189, 7200, 0, 0, 19326, 35980, 0, 0),
(55873, 17694, 540, 1, 0, 0, 62.5507, 79.7388, -13.2218, 5.26605, 7200, 0, 0, 19326, 35980, 0, 0),
(55874, 17694, 540, 1, 0, 0, 80.0886, 77.1973, -13.2224, 4.04397, 7200, 0, 0, 19326, 35980, 0, 0),
(55859, 17694, 540, 1, 0, 0, 54.4146, 72.2192, -13.2218, 5.88964, 7200, 0, 0, 19326, 35980, 0, 0),
(55871, 17694, 540, 1, 0, 0, 81.8627, 284.724, -13.2072, 0.545731, 7200, 0, 0, 19326, 35980, 0, 0),
(55881, 17694, 540, 1, 0, 0, 528.134, 127.599, 1.9301, 2.61255, 7200, 0, 0, 19326, 35980, 0, 0);
DELETE FROM `creature` WHERE `id`=17622;
INSERT INTO `creature` (`guid`,`id`,`map`,`spawnMask`,`modelid`,`equipment_id`,`position_x`,`position_y`,`position_z`,`orientation`,`spawntimesecs`,`spawndist`,`currentwaypoint`,`curhealth`,`curmana`,`DeathState`,`MovementType`) VALUES
(54951, 17622, 540, 1, 0, 135, 78.2245, 268.072, -13.2124, 3.94258, 7200, 0, 0, 9325, 0, 0, 0),
(54952, 17622, 540, 1, 0, 135, 75.7128, 270.883, -13.2106, 3.80906, 7200, 0, 0, 9325, 0, 0, 0),
(55862, 17622, 540, 1, 0, 135, 79.0323, 263.476, -13.2058, 4.00148, 7200, 0, 0, 9325, 0, 0, 0),
(55863, 17622, 540, 1, 0, 135, 76.1333, 265.915, -13.2049, 3.94258, 7200, 0, 0, 9325, 0, 0, 0);
DELETE FROM `creature` WHERE `id`=17427;
INSERT INTO `creature` (`guid`,`id`,`map`,`spawnMask`,`modelid`,`equipment_id`,`position_x`,`position_y`,`position_z`,`orientation`,`spawntimesecs`,`spawndist`,`currentwaypoint`,`curhealth`,`curmana`,`DeathState`,`MovementType`) VALUES
(102928, 17427, 540, 1, 0, 1946, 74.8724, 184.126, -13.2361, 4.66906, 7200, 0, 0, 9435, 0, 0, 0),
(102927, 17427, 540, 1, 0, 1946, 485.73, 313.664, 1.945, 3.20249, 7200, 0, 0, 9435, 0, 0, 0),
(102929, 17427, 540, 1, 0, 1946, 486.323, 319.031, 1.94499, 2.85692, 7200, 0, 0, 9435, 0, 0, 0),
(102901, 17427, 540, 1, 0, 1946, 75.2957, 127.987, -13.2008, 4.62193, 7200, 0, 0, 9435, 0, 0, 0),
(55951, 17427, 540, 1, 0, 1946, 43.3984, 253.778, -11.0041, 1.75132, 7200, 0, 0, 9435, 0, 0, 0),
(55952, 17427, 540, 1, 0, 1946, 54.5412, 245.95, -10.9447, 3.22002, 7200, 0, 0, 9435, 0, 0, 0),
(55953, 17427, 540, 1, 0, 1946, 527.64, 130.272, 1.93775, 2.52223, 7200, 0, 0, 9435, 0, 0, 0);
DELETE FROM `creature` WHERE `id`=17695;
INSERT INTO `creature` (`guid`,`id`,`map`,`spawnMask`,`modelid`,`equipment_id`,`position_x`,`position_y`,`position_z`,`orientation`,`spawntimesecs`,`spawndist`,`currentwaypoint`,`curhealth`,`curmana`,`DeathState`,`MovementType`) VALUES
(54944, 17695, 540, 1, 0, 1943, 526.97, 112.858, 1.92752, 2.58776, 7200, 0, 0, 21425, 0, 0, 0),
(55850, 17695, 540, 1, 0, 1943, 338.576, -76.2364, 1.9118, 5.83224, 7200, 0, 0, 21425, 0, 0, 0),
(55889, 17695, 540, 1, 0, 1943, 215.891, -71.817, 4.93869, 5.94481, 7200, 0, 0, 21425, 0, 0, 0),
(55890, 17695, 540, 1, 0, 1943, 218.977, -98.3712, 4.93869, 0.364551, 7200, 0, 0, 21425, 0, 0, 0),
(55891, 17695, 540, 1, 0, 1943, 211.21, -85.3287, 4.93869, 0.0464637, 7200, 0, 0, 21425, 0, 0, 0),
(55851, 17695, 540, 1, 0, 1943, 527.41, 83.8783, 1.9257, 2.50922, 7200, 0, 0, 21425, 0, 0, 0),
(55879, 17695, 540, 1, 0, 1943, 509.564, 89.1033, 1.91536, 1.22117, 7200, 0, 0, 21425, 0, 0, 0),
(55880, 17695, 540, 1, 0, 1943, 507.232, 70.4805, 1.9081, 0.749934, 7200, 0, 0, 21425, 0, 0, 0),
(55944, 17695, 540, 1, 0, 1943, 494.917, 66.1176, 1.92997, 5.88644, 7200, 0, 0, 21425, 0, 0, 0),
(55945, 17695, 540, 1, 0, 1943, 476.082, 48.9321, 1.92361, 0.478973, 7200, 0, 0, 21425, 0, 0, 0),
(55948, 17695, 540, 1, 0, 1943, 321.419, -93.2943, 1.92814, 0.118464, 7200, 0, 0, 21425, 0, 0, 0);
DELETE FROM `creature` WHERE `id`=17461;
INSERT INTO `creature` (`guid`,`id`,`map`,`spawnMask`,`modelid`,`equipment_id`,`position_x`,`position_y`,`position_z`,`orientation`,`spawntimesecs`,`spawndist`,`currentwaypoint`,`curhealth`,`curmana`,`DeathState`,`MovementType`) VALUES
(55947, 17461, 540, 1, 0, 1819, 376, -75, 1.92219, 1.55182, 7200, 0, 0, 28192, 0, 0, 2),
(55955, 17461, 540, 1, 0, 1819, 372, -75, 1.92197, 1.6068, 7200, 0, 0, 28192, 0, 0, 2),
(55956, 17461, 540, 1, 0, 1819, 507.656, 319.895, 1.9384, 3.16493, 7200, 0, 0, 28192, 0, 0, 0),
(102930, 17461, 540, 1, 0, 1819, 507.504, 311.336, 1.9388, 3.11387, 7200, 0, 0, 28192, 0, 0, 0);
DELETE FROM `creature` WHERE `id`=16593;
INSERT INTO `creature` (`guid`,`id`,`map`,`spawnMask`,`modelid`,`equipment_id`,`position_x`,`position_y`,`position_z`,`orientation`,`spawntimesecs`,`spawndist`,`currentwaypoint`,`curhealth`,`curmana`,`DeathState`,`MovementType`) VALUES
(54933, 16593, 540, 1, 0, 135, 529.966, 133.336, 1.93832, 2.42798, 7200, 0, 0, 27135, 0, 0, 0),
(55869, 16593, 540, 1, 0, 0, 64.5808, 184.173, -13.2366, 4.70441, 7200, 0, 0, 27135, 0, 0, 0);
DELETE FROM `creature` WHERE `id`=17465;
INSERT INTO `creature` (`guid`,`id`,`map`,`spawnMask`,`modelid`,`equipment_id`,`position_x`,`position_y`,`position_z`,`orientation`,`spawntimesecs`,`spawndist`,`currentwaypoint`,`curhealth`,`curmana`,`DeathState`,`MovementType`) VALUES
(55875, 17465, 540, 1, 0, 1508, 555.483, 233.515, 0.256239, 3.13558, 7200, 0, 0, 28000, 0, 0, 0),
(55876, 17465, 540, 1, 0, 1508, 481.216, 233.137, 0.257241, 0.0411088, 7200, 0, 0, 28000, 0, 0, 0),
(55957, 17465, 540, 1, 0, 1508, 481.449, 143.885, 0.254805, 0.0371768, 7200, 0, 0, 28000, 0, 0, 0),
(55960, 17465, 540, 1, 0, 1508, 555.151, 144.556, 0.253217, 3.00206, 7200, 0, 0, 28000, 0, 0, 0);
DELETE FROM `creature` WHERE `id`=17671;
INSERT INTO `creature` (`guid`,`id`,`map`,`spawnMask`,`modelid`,`equipment_id`,`position_x`,`position_y`,`position_z`,`orientation`,`spawntimesecs`,`spawndist`,`currentwaypoint`,`curhealth`,`curmana`,`DeathState`,`MovementType`) VALUES
(54934, 17671, 540, 1, 0, 1222, 379.216, -9.41861, 1.91334, 1.56674, 7200, 0, 0, 28000, 0, 0, 0),
(55882, 17671, 540, 1, 0, 1222, 368.995, -9.25245, 1.92666, 1.445, 7200, 0, 0, 28000, 0, 0, 0),
(55883, 17671, 540, 1, 0, 1222, 510.816, 315.499, 1.93699, 3.14529, 7200, 0, 0, 28000, 0, 0, 0),
(55884, 17671, 540, 1, 0, 1222, 307.18, -81.5748, 1.92948, 6.28175, 7200, 0, 0, 28000, 0, 0, 0),
(55885, 17671, 540, 1, 0, 1222, 306.764, -87.9878, 1.92589, 0.008507, 7200, 0, 0, 28000, 0, 0, 0);
DELETE FROM `creature` WHERE `id`=17301;
DELETE FROM `creature` WHERE `id`=17464;
INSERT INTO `creature` (`guid`,`id`,`map`,`spawnMask`,`modelid`,`equipment_id`,`position_x`,`position_y`,`position_z`,`orientation`,`spawntimesecs`,`spawndist`,`currentwaypoint`,`curhealth`,`curmana`,`DeathState`,`MovementType`) VALUES
(102943, 17464, 540, 1, 0, 1515, 480.119, 236.546, 0.255493, 0.0840338, 7200, 0, 0, 26345, 0, 0, 0),
(102944, 17464, 540, 1, 0, 1515, 480.393, 229.941, 0.264189, 0.080377, 7200, 0, 0, 26345, 0, 0, 0),
(102945, 17464, 540, 1, 0, 1515, 483.783, 230.226, 0.258221, 3.35549, 7200, 0, 0, 26345, 0, 0, 0),
(102946, 17464, 540, 1, 0, 1515, 483.936, 236.63, 0.250741, 3.14499, 7200, 0, 0, 26345, 0, 0, 0),
(102947, 17464, 540, 1, 0, 1515, 553.74, 230.135, 0.258714, 0.20997, 7200, 0, 0, 26345, 0, 0, 0),
(102948, 17464, 540, 1, 0, 1515, 557.014, 229.68, 0.263647, 3.02563, 7200, 0, 0, 26345, 0, 0, 0),
(102949, 17464, 540, 1, 0, 1515, 557.494, 237.133, 0.256537, 3.20627, 7200, 0, 0, 26345, 0, 0, 0),
(102950, 17464, 540, 1, 0, 1515, 553.923, 237.311, 0.2479, 6.26932, 7200, 0, 0, 26345, 0, 0, 0),
(102951, 17464, 540, 1, 0, 1515, 552.475, 147.731, 0.251109, 6.1083, 7200, 0, 0, 26345, 0, 0, 0),
(102952, 17464, 540, 1, 0, 1515, 551.664, 141.982, 0.254028, 6.15935, 7200, 0, 0, 26345, 0, 0, 0),
(102953, 17464, 540, 1, 0, 1515, 555.213, 141.58, 0.257022, 2.96304, 7200, 0, 0, 26345, 0, 0, 0),
(102954, 17464, 540, 1, 0, 1515, 556.141, 147.322, 0.251348, 2.98136, 7200, 0, 0, 26345, 0, 0, 0),
(102955, 17464, 540, 1, 0, 1515, 484.555, 140.757, 0.254749, 3.20233, 7200, 0, 0, 26345, 0, 0, 0),
(102956, 17464, 540, 1, 0, 1515, 483.828, 147.528, 0.248055, 3.23768, 7200, 0, 0, 26345, 0, 0, 0),
(102957, 17464, 540, 1, 0, 1515, 480.348, 146.818, 0.252722, 0.021469, 7200, 0, 0, 26345, 0, 0, 0),
(102958, 17464, 540, 1, 0, 1515, 480.675, 140.461, 0.260293, 0.139279, 7200, 0, 0, 26345, 0, 0, 0);
DELETE FROM `creature` WHERE `id`=17420;
INSERT INTO `creature` (`guid`,`id`,`map`,`spawnMask`,`modelid`,`equipment_id`,`position_x`,`position_y`,`position_z`,`orientation`,`spawntimesecs`,`spawndist`,`currentwaypoint`,`curhealth`,`curmana`,`DeathState`,`MovementType`) VALUES
(102923, 17420, 540, 1, 0, 1430, 14.6685, -2.58354, -13.1954, 2.92953, 7200, 0, 0, 19984, 0, 0, 0),
(55696, 17420, 540, 1, 0, 1430, 514.483, 178.075, 1.9331, 3.20943, 7200, 0, 0, 19984, 0, 0, 0),
(55703, 17420, 540, 1, 0, 1430, 48.6023, 6.7701, -13.2048, 3.28565, 7200, 0, 0, 19984, 0, 0, 0),
(55847, 17420, 540, 1, 0, 1430, 523.173, 191.545, 1.92944, 6.19787, 7200, 0, 0, 19984, 0, 0, 0),
(55848, 17420, 540, 1, 0, 1430, 62.1442, -0.464452, -13.2078, 3.17962, 7200, 0, 0, 19984, 0, 0, 0),
(102924, 17420, 540, 1, 0, 1430, 67.5269, 126.516, -13.1998, 4.72796, 7200, 0, 0, 19984, 0, 0, 0),
(102925, 17420, 540, 1, 0, 1430, 514.365, 208.768, 1.91122, 3.28012, 7200, 0, 0, 19984, 0, 0, 0),
(102926, 17420, 540, 1, 0, 1430, 38.9477, -2.3531, -13.1964, 3.12192, 7200, 0, 0, 19984, 0, 0, 0);
DELETE FROM `creature` WHERE `id`=17670;
INSERT INTO `creature` (`guid`,`id`,`map`,`spawnMask`,`modelid`,`equipment_id`,`position_x`,`position_y`,`position_z`,`orientation`,`spawntimesecs`,`spawndist`,`currentwaypoint`,`curhealth`,`curmana`,`DeathState`,`MovementType`) VALUES
(55878, 17670, 540, 1, 0, 1946, 518, 150, 1.93063, 1.55225, 7200, 0, 0, 25479, 0, 0, 2),
(102967, 17670, 540, 1, 0, 1946, 101.788, 266.058, -13.222, 3.0582, 7200, 0, 0, 25479, 0, 0, 0);
DELETE FROM `creature` WHERE `id`=16700;
INSERT INTO `creature` (`guid`,`id`,`map`,`spawnMask`,`modelid`,`equipment_id`,`position_x`,`position_y`,`position_z`,`orientation`,`spawntimesecs`,`spawndist`,`currentwaypoint`,`curhealth`,`curmana`,`DeathState`,`MovementType`) VALUES
(54954, 16700, 540, 1, 0, 968, 524.062, 128.193, 1.93137, 1.00248, 7200, 0, 0, 52000, 0, 0, 2),
(54955, 16700, 540, 1, 0, 968, 522.907, 218.742, 1.92811, 0.920008, 7200, 0, 0, 52000, 0, 0, 2),
(54956, 16700, 540, 1, 0, 968, 70.1123, 124.314, -13.2111, 4.68084, 7200, 0, 0, 52000, 0, 0, 0),
(54958, 16700, 540, 1, 0, 968, 10.9978, 2.31216, -13.2153, 3.14549, 7200, 0, 0, 52000, 0, 0, 2),
(54959, 16700, 540, 1, 0, 968, 58.4699, 69.7722, -13.2218, 2.50055, 7200, 0, 0, 52000, 0, 0, 2),
(55683, 16700, 540, 1, 0, 968, 69.1628, 180.173, -13.2246, 4.76331, 7200, 0, 0, 52000, 0, 0, 0),
(55886, 16700, 540, 1, 0, 968, 79.8667, 259.751, -13.2018, 2.47388, 7200, 0, 0, 52000, 0, 0, 2);
DELETE FROM `creature` WHERE `id`=16699;
INSERT INTO `creature` (`guid`,`id`,`map`,`spawnMask`,`modelid`,`equipment_id`,`position_x`,`position_y`,`position_z`,`orientation`,`spawntimesecs`,`spawndist`,`currentwaypoint`,`curhealth`,`curmana`,`DeathState`,`MovementType`) VALUES
(54948, 16699, 540, 1, 0, 135, 533.001, 225.187, 1.93167, 2.29446, 7200, 0, 0, 19486, 0, 0, 0),
(54949, 16699, 540, 1, 0, 135, 530.491, 130.854, 1.93935, 2.43976, 7200, 0, 0, 19486, 0, 0, 0),
(55852, 16699, 540, 1, 0, 135, 73.3306, 268.876, -13.2053, 4.08395, 7200, 0, 0, 19486, 0, 0, 0),
(55853, 16699, 540, 1, 0, 135, 64.968, 128.214, -13.1964, 4.82221, 7200, 0, 0, 19486, 0, 0, 0),
(55861, 16699, 540, 1, 0, 135, 86.0582, 70.9637, -13.2218, 3.48149, 7200, 0, 0, 19486, 0, 0, 0),
(55887, 16699, 540, 1, 0, 135, 71.9013, 80.4008, -13.2218, 4.67691, 7200, 0, 0, 19486, 0, 0, 0),
(55877, 16699, 540, 1, 0, 135, 80.9326, 265.711, -13.2087, 3.95828, 7200, 0, 0, 19486, 0, 0, 0);
DELETE FROM `creature` WHERE `id`=16523;
INSERT INTO `creature` (`guid`,`id`,`map`,`spawnMask`,`modelid`,`equipment_id`,`position_x`,`position_y`,`position_z`,`orientation`,`spawntimesecs`,`spawndist`,`currentwaypoint`,`curhealth`,`curmana`,`DeathState`,`MovementType`) VALUES
(55872, 16523, 540, 1, 0, 1026, 27.279, 6.66693, -13.1972, 3.22012, 7200, 0, 0, 19069, 0, 0, 0),
(55866, 16523, 540, 1, 0, 1026, 72.8055, 126.601, -13.1992, 4.74367, 7200, 0, 0, 19069, 0, 0, 0);
DELETE FROM `creature` WHERE `id`=17693;
DELETE FROM `creature` WHERE `id`=16507;
INSERT INTO `creature` (`guid`,`id`,`map`,`spawnMask`,`modelid`,`equipment_id`,`position_x`,`position_y`,`position_z`,`orientation`,`spawntimesecs`,`spawndist`,`currentwaypoint`,`curhealth`,`curmana`,`DeathState`,`MovementType`) VALUES
(102880, 16507, 540, 1, 0, 27, 533.234, 134.3, 1.92836, 2.45031, 7200, 0, 0, 20790, 0, 0, 0),
(102881, 16507, 540, 1, 0, 27, 528.545, 220.564, 1.93747, 2.2736, 7200, 0, 0, 20790, 0, 0, 0);
DELETE FROM `creature` WHERE `id`=16704;
INSERT INTO `creature` (`guid`,`id`,`map`,`spawnMask`,`modelid`,`equipment_id`,`position_x`,`position_y`,`position_z`,`orientation`,`spawntimesecs`,`spawndist`,`currentwaypoint`,`curhealth`,`curmana`,`DeathState`,`MovementType`) VALUES
(55867, 16704, 540, 1, 0, 1110, 530.469, 222.904, 1.93714, 2.33372, 7200, 0, 0, 12965, 0, 0, 0),
(55868, 16704, 540, 1, 0, 1110, 71.5141, 181.882, -13.2301, 4.67299, 7200, 0, 0, 12965, 0, 0, 0);
DELETE FROM `creature` WHERE `id`=17462;
INSERT INTO `creature` (`guid`,`id`,`map`,`spawnMask`,`modelid`,`equipment_id`,`position_x`,`position_y`,`position_z`,`orientation`,`spawntimesecs`,`spawndist`,`currentwaypoint`,`curhealth`,`curmana`,`DeathState`,`MovementType`) VALUES
(102933, 17462, 540, 1, 0, 1104, 531.093, 220.425, 1.94117, 2.30231, 7200, 0, 0, 6734, 0, 0, 0),
(102931, 17462, 540, 1, 0, 1104, 386.444, 322.058, 1.94546, 3.48114, 7200, 0, 0, 6734, 0, 0, 0),
(102932, 17462, 540, 1, 0, 1104, 387.208, 318.313, 1.944, 3.11122, 7200, 0, 0, 6734, 0, 0, 0),
(102935, 17462, 540, 1, 0, 1104, 363.853, 312.043, 1.91895, 2.98372, 7200, 0, 0, 6734, 0, 0, 0),
(102936, 17462, 540, 1, 0, 1104, 363.445, 319.619, 1.91895, 3.40784, 7200, 0, 0, 6734, 0, 0, 0),
(102937, 17462, 540, 1, 0, 1104, 413.473, 310.339, 1.93334, 3.00179, 7200, 0, 0, 6734, 0, 0, 0),
(102938, 17462, 540, 1, 0, 1104, 413.808, 313.934, 1.93415, 3.29631, 7200, 0, 0, 6734, 0, 0, 0),
(102941, 17462, 540, 1, 0, 1104, 442.645, 316.426, 1.90299, 3.17107, 7200, 0, 0, 6734, 0, 0, 0),
(102942, 17462, 540, 1, 0, 1104, 442.561, 321.142, 1.90346, 3.29281, 7200, 0, 0, 6734, 0, 0, 0);
DELETE FROM `creature` WHERE `id`=17578;
INSERT INTO `creature` (`guid`,`id`,`map`,`spawnMask`,`modelid`,`equipment_id`,`position_x`,`position_y`,`position_z`,`orientation`,`spawntimesecs`,`spawndist`,`currentwaypoint`,`curhealth`,`curmana`,`DeathState`,`MovementType`) VALUES
(102934, 17578, 540, 1, 0, 0, 512.377, 177.883, 1.93164, 6.27642, 25, 0, 0, 15000, 0, 0, 0),
(80486, 17578, 530, 1, 0, 0, -2579.75, 7345.42, 9.84499, 6.07269, 25, 0, 0, 15000, 0, 0, 0),
(102939, 17578, 540, 1, 0, 0, 526.086, 191.347, 1.92718, 2.95418, 25, 0, 0, 15000, 0, 0, 0),
(102940, 17578, 540, 1, 0, 0, 511.749, 208.4, 1.91489, 0.185653, 25, 0, 0, 15000, 0, 0, 0);
DELETE FROM `creature` WHERE `id`=17290;
DELETE FROM `creature` WHERE `id`=17296;
DELETE FROM `creature` WHERE `id`=17294;
DELETE FROM `creature` WHERE `id`=17295;
DELETE FROM `creature` WHERE `id`=17292;
DELETE FROM `creature` WHERE `id`=17288;
DELETE FROM `creature` WHERE `id`=17297;
DELETE FROM `creature` WHERE `id`=20923;
INSERT INTO creature_movement (id,point,position_x,position_y,position_z,orientation) VALUES ('54958','1','11.085126', '2.227907', '-13.214025', '3.184788');
UPDATE creature SET MovementType = '2' WHERE guid = '54958';
INSERT INTO creature_movement (id,point,position_x,position_y,position_z,orientation) VALUES ('54958','2','54.392742', '2.394464', '-13.199592', '0.369133');
UPDATE creature SET MovementType = '2' WHERE guid = '54958';
INSERT INTO creature_movement (id,point,position_x,position_y,position_z,orientation) VALUES ('54959','1','58.469898', '69.772202', '-13.221800', '2.500550');
UPDATE creature SET MovementType = '2' WHERE guid = '54959';
INSERT INTO creature_movement (id,point,position_x,position_y,position_z,orientation) VALUES ('54959','2','61.914780', '76.418304', '-13.221800', '0.466369');
UPDATE creature SET MovementType = '2' WHERE guid = '54959';
INSERT INTO creature_movement (id,point,position_x,position_y,position_z,orientation) VALUES ('54959','3','70.297890', '77.970688', '-13.221800', '0.187552');
UPDATE creature SET MovementType = '2' WHERE guid = '54959';
INSERT INTO creature_movement (id,point,position_x,position_y,position_z,orientation) VALUES ('54959','4','77.696983', '75.466286', '-13.221800', '5.936667');
UPDATE creature SET MovementType = '2' WHERE guid = '54959';
INSERT INTO creature_movement (id,point,position_x,position_y,position_z,orientation) VALUES ('54959','5','82.493256', '70.949120', '-13.221800', '5.386891');
UPDATE creature SET MovementType = '2' WHERE guid = '54959';
INSERT INTO creature_movement (id,point,position_x,position_y,position_z,orientation) VALUES ('54959','6','77.582703', '75.508705', '-13.221800', '2.535896');
UPDATE creature SET MovementType = '2' WHERE guid = '54959';
INSERT INTO creature_movement (id,point,position_x,position_y,position_z,orientation) VALUES ('54959','7','70.334831', '78.057281', '-13.221800', '2.771515');
UPDATE creature SET MovementType = '2' WHERE guid = '54959';
INSERT INTO creature_movement (id,point,position_x,position_y,position_z,orientation) VALUES ('54959','8','62.512215', '76.836029', '-13.221800', '3.470520');
UPDATE creature SET MovementType = '2' WHERE guid = '54959';
DELETE FROM `creature_addon` WHERE (`guid`=55951);
INSERT INTO `creature_addon` (`guid`, `mount`, `bytes0`, `bytes1`, `bytes2`, `emote`, `moveflags`, `auras`) VALUES (55951, 0, 512, 3, 4097, 0, 0, '');
DELETE FROM `creature_addon` WHERE (`guid`=55952);
INSERT INTO `creature_addon` (`guid`, `mount`, `bytes0`, `bytes1`, `bytes2`, `emote`, `moveflags`, `auras`) VALUES (55952, 0, 512, 3, 4097, 0, 0, '');
INSERT INTO creature_movement (id,point,position_x,position_y,position_z,orientation) VALUES ('82492','1','121.370567', '245.812424', '-45.165543', '4.603540');
UPDATE creature SET MovementType = '2' WHERE guid = '82492';
INSERT INTO creature_movement (id,point,position_x,position_y,position_z,orientation) VALUES ('82492','2','119.422714', '231.378723', '-46.803654', '4.666370');
UPDATE creature SET MovementType = '2' WHERE guid = '82492';
INSERT INTO creature_movement (id,point,position_x,position_y,position_z,orientation) VALUES ('82492','3','122.246803', '215.963470', '-48.369152', '4.905913');
UPDATE creature SET MovementType = '2' WHERE guid = '82492';
INSERT INTO creature_movement (id,point,position_x,position_y,position_z,orientation) VALUES ('82492','4','125.059570', '201.834747', '-48.621902', '4.909840');
UPDATE creature SET MovementType = '2' WHERE guid = '82492';
INSERT INTO creature_movement (id,point,position_x,position_y,position_z,orientation) VALUES ('82492','5','131.310211', '193.325592', '-48.200592', '5.447834');
UPDATE creature SET MovementType = '2' WHERE guid = '82492';
INSERT INTO creature_movement (id,point,position_x,position_y,position_z,orientation) VALUES ('82492','6','139.719589', '185.850494', '-46.286304', '5.581352');
UPDATE creature SET MovementType = '2' WHERE guid = '82492';
INSERT INTO creature_movement (id,point,position_x,position_y,position_z,orientation) VALUES ('82492','7','148.625458', '177.985901', '-44.273853', '5.585277');
UPDATE creature SET MovementType = '2' WHERE guid = '82492';
INSERT INTO creature_movement (id,point,position_x,position_y,position_z,orientation) VALUES ('82492','8','141.919006', '185.946472', '-46.024189', '2.270896');
UPDATE creature SET MovementType = '2' WHERE guid = '82492';
INSERT INTO creature_movement (id,point,position_x,position_y,position_z,orientation) VALUES ('82492','9','137.236603', '194.586823', '-47.844364', '2.082400');
UPDATE creature SET MovementType = '2' WHERE guid = '82492';
INSERT INTO creature_movement (id,point,position_x,position_y,position_z,orientation) VALUES ('82492','10','132.304077', '204.593216', '-48.884430', '1.968517');
UPDATE creature SET MovementType = '2' WHERE guid = '82492';
INSERT INTO creature_movement (id,point,position_x,position_y,position_z,orientation) VALUES ('82492','11','128.145050', '214.493088', '-48.767372', '1.461935');
UPDATE creature SET MovementType = '2' WHERE guid = '82492';
INSERT INTO creature_movement (id,point,position_x,position_y,position_z,orientation) VALUES ('82492','12','127.524429', '226.089218', '-47.413414', '1.607234');
UPDATE creature SET MovementType = '2' WHERE guid = '82492';
INSERT INTO creature_movement (id,point,position_x,position_y,position_z,orientation) VALUES ('82492','13','127.664566', '235.921844', '-46.235058', '1.599380');
UPDATE creature SET MovementType = '2' WHERE guid = '82492';
INSERT INTO creature_movement (id,point,position_x,position_y,position_z,orientation) VALUES ('55802','1','149.883804', '187.101532', '-45.078266', '3.119119');
UPDATE creature SET MovementType = '2' WHERE guid = '55802';
INSERT INTO creature_movement (id,point,position_x,position_y,position_z,orientation) VALUES ('55802','2','142.166077', '187.290085', '-46.216911', '3.103411');
UPDATE creature SET MovementType = '2' WHERE guid = '55802';
INSERT INTO creature_movement (id,point,position_x,position_y,position_z,orientation) VALUES ('55802','3','125.877922', '194.369125', '-48.373135', '2.628245');
UPDATE creature SET MovementType = '2' WHERE guid = '55802';
INSERT INTO creature_movement (id,point,position_x,position_y,position_z,orientation) VALUES ('55802','4','125.729362', '203.997482', '-48.677521', '1.528687');
UPDATE creature SET MovementType = '2' WHERE guid = '55802';
INSERT INTO creature_movement (id,point,position_x,position_y,position_z,orientation) VALUES ('55802','5','126.691261', '217.359009', '-48.243519', '1.485490');
UPDATE creature SET MovementType = '2' WHERE guid = '55802';
INSERT INTO creature_movement (id,point,position_x,position_y,position_z,orientation) VALUES ('55802','6','120.191986', '226.472351', '-47.399448', '2.255181');
UPDATE creature SET MovementType = '2' WHERE guid = '55802';
INSERT INTO creature_movement (id,point,position_x,position_y,position_z,orientation) VALUES ('55802','7','119.192322', '218.701721', '-48.206249', '4.568179');
UPDATE creature SET MovementType = '2' WHERE guid = '55802';
INSERT INTO creature_movement (id,point,position_x,position_y,position_z,orientation) VALUES ('55802','8','122.087967', '208.999161', '-48.936684', '5.149372');
UPDATE creature SET MovementType = '2' WHERE guid = '55802';
INSERT INTO creature_movement (id,point,position_x,position_y,position_z,orientation) VALUES ('55802','9','127.577400', '197.247009', '-48.432590', '5.149372');
UPDATE creature SET MovementType = '2' WHERE guid = '55802';
INSERT INTO creature_movement (id,point,position_x,position_y,position_z,orientation) VALUES ('55802','10','132.913452', '187.359497', '-47.261082', '5.227911');
UPDATE creature SET MovementType = '2' WHERE guid = '55802';
INSERT INTO creature_movement (id,point,position_x,position_y,position_z,orientation) VALUES ('55802','11','144.330307', '175.906067', '-44.629025', '5.553850');
UPDATE creature SET MovementType = '2' WHERE guid = '55802';
INSERT INTO creature_movement (id,point,position_x,position_y,position_z,orientation) VALUES ('55802','12','153.573563', '168.430511', '-43.290226', '5.636316');
UPDATE creature SET MovementType = '2' WHERE guid = '55802';
INSERT INTO creature_movement (id,point,position_x,position_y,position_z,orientation) VALUES ('55802','13','166.265610', '168.204361', '-42.223404', '0.036426');
UPDATE creature SET MovementType = '2' WHERE guid = '55802';
INSERT INTO creature_movement (id,point,position_x,position_y,position_z,orientation) VALUES ('55802','14','160.589264', '176.802261', '-42.885910', '2.176636');
UPDATE creature SET MovementType = '2' WHERE guid = '55802';
INSERT INTO creature_movement (id,point,position_x,position_y,position_z,orientation) VALUES ('55832','1','198.614578', '157.613556', '-42.383438', '2.655726');
UPDATE creature SET MovementType = '2' WHERE guid = '55832';
INSERT INTO creature_movement (id,point,position_x,position_y,position_z,orientation) VALUES ('55832','2','185.117523', '155.312805', '-42.342617', '3.225142');
UPDATE creature SET MovementType = '2' WHERE guid = '55832';
INSERT INTO creature_movement (id,point,position_x,position_y,position_z,orientation) VALUES ('55832','3','176.563873', '163.042145', '-42.337994', '2.400474');
UPDATE creature SET MovementType = '2' WHERE guid = '55832';
INSERT INTO creature_movement (id,point,position_x,position_y,position_z,orientation) VALUES ('55832','4','167.383041', '171.689713', '-41.929440', '2.400474');
UPDATE creature SET MovementType = '2' WHERE guid = '55832';
INSERT INTO creature_movement (id,point,position_x,position_y,position_z,orientation) VALUES ('55832','5','155.106033', '170.073700', '-43.227837', '3.178018');
UPDATE creature SET MovementType = '2' WHERE guid = '55832';
INSERT INTO creature_movement (id,point,position_x,position_y,position_z,orientation) VALUES ('55832','6','146.471298', '174.701050', '-44.261524', '2.632166');
UPDATE creature SET MovementType = '2' WHERE guid = '55832';
INSERT INTO creature_movement (id,point,position_x,position_y,position_z,orientation) VALUES ('55832','7','140.918961', '183.821716', '-45.911118', '2.078460');
UPDATE creature SET MovementType = '2' WHERE guid = '55832';
INSERT INTO creature_movement (id,point,position_x,position_y,position_z,orientation) VALUES ('55832','8','151.715546', '180.896011', '-44.171005', '6.017231');
UPDATE creature SET MovementType = '2' WHERE guid = '55832';
INSERT INTO creature_movement (id,point,position_x,position_y,position_z,orientation) VALUES ('55832','9','158.100876', '174.361069', '-43.165524', '5.459601');
UPDATE creature SET MovementType = '2' WHERE guid = '55832';
INSERT INTO creature_movement (id,point,position_x,position_y,position_z,orientation) VALUES ('55832','10','167.357986', '164.407776', '-42.336586', '5.494943');
UPDATE creature SET MovementType = '2' WHERE guid = '55832';
INSERT INTO creature_movement (id,point,position_x,position_y,position_z,orientation) VALUES ('55832','11','178.187256', '157.524689', '-42.336586', '5.777686');
UPDATE creature SET MovementType = '2' WHERE guid = '55832';
INSERT INTO creature_movement (id,point,position_x,position_y,position_z,orientation) VALUES ('55834','1','133.601547', '194.664368', '-48.193562', '2.357273');
UPDATE creature SET MovementType = '2' WHERE guid = '55834';
INSERT INTO creature_movement (id,point,position_x,position_y,position_z,orientation) VALUES ('55834','2','129.002136', '203.274216', '-48.737293', '1.960647');
UPDATE creature SET MovementType = '2' WHERE guid = '55834';
INSERT INTO creature_movement (id,point,position_x,position_y,position_z,orientation) VALUES ('55834','3','128.127914', '215.627380', '-48.611050', '1.406941');
UPDATE creature SET MovementType = '2' WHERE guid = '55834';
INSERT INTO creature_movement (id,point,position_x,position_y,position_z,orientation) VALUES ('55834','4','130.512390', '228.544113', '-47.171684', '1.414795');
UPDATE creature SET MovementType = '2' WHERE guid = '55834';
INSERT INTO creature_movement (id,point,position_x,position_y,position_z,orientation) VALUES ('55834','5','129.479309', '238.716415', '-45.880672', '1.736808');
UPDATE creature SET MovementType = '2' WHERE guid = '55834';
INSERT INTO creature_movement (id,point,position_x,position_y,position_z,orientation) VALUES ('55834','6','124.789154', '247.457199', '-45.176941', '2.192339');
UPDATE creature SET MovementType = '2' WHERE guid = '55834';
INSERT INTO creature_movement (id,point,position_x,position_y,position_z,orientation) VALUES ('55834','7','119.183571', '243.505127', '-45.265972', '3.892728');
UPDATE creature SET MovementType = '2' WHERE guid = '55834';
INSERT INTO creature_movement (id,point,position_x,position_y,position_z,orientation) VALUES ('55834','8','126.940994', '233.355194', '-46.561153', '5.357494');
UPDATE creature SET MovementType = '2' WHERE guid = '55834';
INSERT INTO creature_movement (id,point,position_x,position_y,position_z,orientation) VALUES ('55834','9','119.879356', '221.707230', '-47.898922', '4.159761');
UPDATE creature SET MovementType = '2' WHERE guid = '55834';
INSERT INTO creature_movement (id,point,position_x,position_y,position_z,orientation) VALUES ('55834','10','117.815941', '207.412079', '-49.157406', '4.784150');
UPDATE creature SET MovementType = '2' WHERE guid = '55834';
INSERT INTO creature_movement (id,point,position_x,position_y,position_z,orientation) VALUES ('55834','11','127.834206', '203.771744', '-48.723698', '5.974024');
UPDATE creature SET MovementType = '2' WHERE guid = '55834';
INSERT INTO creature_movement (id,point,position_x,position_y,position_z,orientation) VALUES ('55834','12','138.801788', '196.532288', '-48.011524', '5.581330');
UPDATE creature SET MovementType = '2' WHERE guid = '55834';
INSERT INTO creature_movement (id,point,position_x,position_y,position_z,orientation) VALUES ('54954','1','524.062012', '128.192993', '1.931370', '1.002480');
UPDATE creature SET MovementType = '2' WHERE guid = '54954';
INSERT INTO creature_movement (id,point,position_x,position_y,position_z,orientation) VALUES ('54954','2','530.548096', '138.721817', '1.928578', '4.140146');
UPDATE creature SET MovementType = '2' WHERE guid = '54954';
INSERT INTO creature_movement (id,point,position_x,position_y,position_z,orientation) VALUES ('54955','1','522.906616', '218.741852', '1.928112', '0.920008');
UPDATE creature SET MovementType = '2' WHERE guid = '54955';
INSERT INTO creature_movement (id,point,position_x,position_y,position_z,orientation) VALUES ('54955','2','531.795227', '229.261551', '1.933638', '0.959278');
UPDATE creature SET MovementType = '2' WHERE guid = '54955';
UPDATE creature SET MovementType = '2' WHERE guid = '82494';
DELETE FROM `creature_movement` WHERE `id`=82494;
INSERT INTO `creature_movement` (`id`,`point`,`position_x`,`position_y`,`position_z`,`waittime`,`text1`,`text2`,`text3`,`text4`,`text5`,`emote`,`spell`,`wpguid`,`orientation`,`model1`,`model2`) VALUES
(82494, 1, 515, 150.98, 1.93063, 0, '', '', '', '', '', 0, 0, 0, 1.55225, 0, 0),
(82494, 2, 516, 212.19, 1.91746, 0, '', '', '', '', '', 0, 0, 0, 1.55225, 0, 0),
(82494, 3, 517, 252.559, 1.9395, 0, '', '', '', '', '', 0, 0, 0, 1.55225, 0, 0);
UPDATE creature SET MovementType = '2' WHERE guid = '102910';
DELETE FROM `creature_movement` WHERE `id`=102910;
INSERT INTO `creature_movement` (`id`,`point`,`position_x`,`position_y`,`position_z`,`waittime`,`text1`,`text2`,`text3`,`text4`,`text5`,`emote`,`spell`,`wpguid`,`orientation`,`model1`,`model2`) VALUES
(102910, 1, 521, 150.98, 1.93063, 0, '', '', '', '', '', 0, 0, 0, 1.55225, 0, 0),
(102910, 2, 522, 212.19, 1.91746, 0, '', '', '', '', '', 0, 0, 0, 1.55225, 0, 0),
(102910, 3, 523, 252.559, 1.9395, 0, '', '', '', '', '', 0, 0, 0, 1.55225, 0, 0);
UPDATE creature SET MovementType = '2' WHERE guid = '55878';
DELETE FROM `creature_movement` WHERE `id`=55878;
INSERT INTO `creature_movement` (`id`,`point`,`position_x`,`position_y`,`position_z`,`waittime`,`text1`,`text2`,`text3`,`text4`,`text5`,`emote`,`spell`,`wpguid`,`orientation`,`model1`,`model2`) VALUES
(55878, 1, 518, 150.98, 1.93063, 0, '', '', '', '', '', 0, 0, 0, 1.55225, 0, 0),
(55878, 2, 519, 212.19, 1.91746, 0, '', '', '', '', '', 0, 0, 0, 1.55225, 0, 0),
(55878, 3, 520, 252.559, 1.9395, 0, '', '', '', '', '', 0, 0, 0, 1.55225, 0, 0);
DELETE FROM `creature_addon` WHERE (`guid`=55696);
INSERT INTO `creature_addon` (`guid`, `mount`, `bytes0`, `bytes1`, `bytes2`, `emote`, `moveflags`, `auras`) VALUES (55696, 0, 0, 0, 0, 36, 0, '');
DELETE FROM `creature_addon` WHERE (`guid`=55847);
INSERT INTO `creature_addon` (`guid`, `mount`, `bytes0`, `bytes1`, `bytes2`, `emote`, `moveflags`, `auras`) VALUES (55847, 0, 0, 0, 0, 36, 0, '');
DELETE FROM `creature_addon` WHERE (`guid`=102925);
INSERT INTO `creature_addon` (`guid`, `mount`, `bytes0`, `bytes1`, `bytes2`, `emote`, `moveflags`, `auras`) VALUES (102925, 0, 0, 0, 0, 36, 0, '');
UPDATE creature SET MovementType = '2' WHERE guid = '55696';
UPDATE creature SET MovementType = '2' WHERE guid = '55847';
UPDATE creature SET MovementType = '2' WHERE guid = '102925';
DELETE FROM `creature_template_addon` WHERE (`entry`=17695);
INSERT INTO `creature_template_addon` (`entry`, `mount`, `bytes0`, `bytes1`, `bytes2`, `emote`, `moveflags`, `auras`) VALUES (17695, 0, 0, 0, 0, 45, 0, '16380 0 ');
UPDATE creature SET MovementType = '2' WHERE guid = '55947';
DELETE FROM `creature_movement` WHERE `id`=55947;
INSERT INTO `creature_movement` (`id`,`point`,`position_x`,`position_y`,`position_z`,`waittime`,`text1`,`text2`,`text3`,`text4`,`text5`,`emote`,`spell`,`wpguid`,`orientation`,`model1`,`model2`) VALUES
(55947, 1, 376, -75.1099, 1.92197, 0, '', '', '', '', '', 0, 0, 0, 1.6068, 0, 0),
(55947, 2, 376, -21.585, 1.92107, 0, '', '', '', '', '', 0, 0, 0, 1.57538, 0, 0);
UPDATE creature SET MovementType = '2' WHERE guid = '55955';
DELETE FROM `creature_movement` WHERE `id`=55955;
INSERT INTO `creature_movement` (`id`,`point`,`position_x`,`position_y`,`position_z`,`waittime`,`text1`,`text2`,`text3`,`text4`,`text5`,`emote`,`spell`,`wpguid`,`orientation`,`model1`,`model2`) VALUES
(55955, 1, 372, -75.1099, 1.92197, 0, '', '', '', '', '', 0, 0, 0, 1.6068, 0, 0),
(55955, 2, 372, -21.585, 1.92107, 0, '', '', '', '', '', 0, 0, 0, 1.57538, 0, 0);
INSERT INTO creature_movement (id,point,position_x,position_y,position_z,orientation) VALUES ('55886','1','79.866699', '259.751007', '-13.201838', '2.473880');
UPDATE creature SET MovementType = '2' WHERE guid = '55886';
INSERT INTO creature_movement (id,point,position_x,position_y,position_z,orientation) VALUES ('55886','2','70.384377', '267.660400', '-13.201838', '2.446389');
UPDATE creature SET MovementType = '2' WHERE guid = '55886';
UPDATE creature SET MovementType = '2' WHERE guid = '54956';
UPDATE creature SET MovementType = '2' WHERE guid = '55866';
UPDATE creature SET MovementType = '2' WHERE guid = '102924';
UPDATE creature SET MovementType = '2' WHERE guid = '55853';
UPDATE creature SET MovementType = '2' WHERE guid = '55683';
UPDATE creature SET MovementType = '2' WHERE guid = '55870';
UPDATE creature SET MovementType = '2' WHERE guid = '55869';
UPDATE creature SET MovementType = '2' WHERE guid = '102927';
UPDATE creature SET MovementType = '2' WHERE guid = '55844';
UPDATE creature SET MovementType = '2' WHERE guid = '102930';
DELETE FROM `creature_addon` WHERE (`guid`=54956);
INSERT INTO `creature_addon` (`guid`, `mount`, `bytes0`, `bytes1`, `bytes2`, `emote`, `moveflags`, `auras`) VALUES (54956, 0, 0, 0, 0, 45, 0, '');
DELETE FROM `creature_addon` WHERE (`guid`=55866);
INSERT INTO `creature_addon` (`guid`, `mount`, `bytes0`, `bytes1`, `bytes2`, `emote`, `moveflags`, `auras`) VALUES (55866, 0, 0, 0, 0, 45, 0, '');
DELETE FROM `creature_addon` WHERE (`guid`=102924);
INSERT INTO `creature_addon` (`guid`, `mount`, `bytes0`, `bytes1`, `bytes2`, `emote`, `moveflags`, `auras`) VALUES (102924, 0, 0, 0, 0, 45, 0, '');
DELETE FROM `creature_addon` WHERE (`guid`=55853);
INSERT INTO `creature_addon` (`guid`, `mount`, `bytes0`, `bytes1`, `bytes2`, `emote`, `moveflags`, `auras`) VALUES (55853, 0, 0, 0, 0, 45, 0, '');
DELETE FROM `creature_addon` WHERE (`guid`=55683);
INSERT INTO `creature_addon` (`guid`, `mount`, `bytes0`, `bytes1`, `bytes2`, `emote`, `moveflags`, `auras`) VALUES (55683, 0, 0, 0, 0, 45, 0, '');
DELETE FROM `creature_addon` WHERE (`guid`=55870);
INSERT INTO `creature_addon` (`guid`, `mount`, `bytes0`, `bytes1`, `bytes2`, `emote`, `moveflags`, `auras`) VALUES (55870, 0, 0, 0, 0, 45, 0, '');
DELETE FROM `creature_addon` WHERE (`guid`=55869);
INSERT INTO `creature_addon` (`guid`, `mount`, `bytes0`, `bytes1`, `bytes2`, `emote`, `moveflags`, `auras`) VALUES (55869, 0, 0, 0, 0, 45, 0, '');
DELETE FROM `creature_addon` WHERE (`guid`=102927);
INSERT INTO `creature_addon` (`guid`, `mount`, `bytes0`, `bytes1`, `bytes2`, `emote`, `moveflags`, `auras`) VALUES (102927, 0, 0, 0, 0, 45, 0, '');
DELETE FROM `creature_addon` WHERE (`guid`=55844);
INSERT INTO `creature_addon` (`guid`, `mount`, `bytes0`, `bytes1`, `bytes2`, `emote`, `moveflags`, `auras`) VALUES (55844, 0, 0, 0, 0, 45, 0, '');
DELETE FROM `creature_addon` WHERE (`guid`=102930);
INSERT INTO `creature_addon` (`guid`, `mount`, `bytes0`, `bytes1`, `bytes2`, `emote`, `moveflags`, `auras`) VALUES (102930, 0, 0, 0, 0, 45, 0, '');
UPDATE creature SET MovementType = '2' WHERE guid = '55956';
UPDATE creature SET MovementType = '2' WHERE guid = '55883';
UPDATE creature SET MovementType = '2' WHERE guid = '102923';
UPDATE creature SET MovementType = '2' WHERE guid = '102926';
DELETE FROM `creature_addon` WHERE (`guid`=55956);
INSERT INTO `creature_addon` (`guid`, `mount`, `bytes0`, `bytes1`, `bytes2`, `emote`, `moveflags`, `auras`) VALUES (55956, 0, 0, 0, 0, 45, 0, '');
DELETE FROM `creature_addon` WHERE (`guid`=55883);
INSERT INTO `creature_addon` (`guid`, `mount`, `bytes0`, `bytes1`, `bytes2`, `emote`, `moveflags`, `auras`) VALUES (55883, 0, 0, 0, 0, 45, 0, '');
DELETE FROM `creature_addon` WHERE (`guid`=102923);
INSERT INTO `creature_addon` (`guid`, `mount`, `bytes0`, `bytes1`, `bytes2`, `emote`, `moveflags`, `auras`) VALUES (102923, 0, 0, 0, 0, 45, 0, '');
DELETE FROM `creature_addon` WHERE (`guid`=102926);
INSERT INTO `creature_addon` (`guid`, `mount`, `bytes0`, `bytes1`, `bytes2`, `emote`, `moveflags`, `auras`) VALUES (102926, 0, 0, 0, 0, 45, 0, '');
UPDATE creature SET MovementType = '2' WHERE guid = '55703';
UPDATE creature SET MovementType = '2' WHERE guid = '55848';
UPDATE creature SET MovementType = '2' WHERE guid = '55872';
DELETE FROM `creature_addon` WHERE (`guid`=55703);
INSERT INTO `creature_addon` (`guid`, `mount`, `bytes0`, `bytes1`, `bytes2`, `emote`, `moveflags`, `auras`) VALUES (55703, 0, 0, 0, 0, 45, 0, '');
DELETE FROM `creature_addon` WHERE (`guid`=55848);
INSERT INTO `creature_addon` (`guid`, `mount`, `bytes0`, `bytes1`, `bytes2`, `emote`, `moveflags`, `auras`) VALUES (55848, 0, 0, 0, 0, 45, 0, '');
DELETE FROM `creature_addon` WHERE (`guid`=55872);
INSERT INTO `creature_addon` (`guid`, `mount`, `bytes0`, `bytes1`, `bytes2`, `emote`, `moveflags`, `auras`) VALUES (55872, 0, 0, 0, 0, 45, 0, '');
DELETE FROM `creature_template_addon` WHERE (`entry`=17427);
INSERT INTO `creature_template_addon` (`entry`, `mount`, `bytes0`, `bytes1`, `bytes2`, `emote`, `moveflags`, `auras`) VALUES (17427, 0, 0, 0, 0, 45, 0, '');
DELETE FROM `creature_template_addon` WHERE (`entry`=17465);
INSERT INTO `creature_template_addon` (`entry`, `mount`, `bytes0`, `bytes1`, `bytes2`, `emote`, `moveflags`, `auras`) VALUES (17465, 0, 0, 0, 0, 1, 0, '');
DELETE FROM `creature_template_addon` WHERE (`entry`=17464);
INSERT INTO `creature_template_addon` (`entry`, `mount`, `bytes0`, `bytes1`, `bytes2`, `emote`, `moveflags`, `auras`) VALUES (17464, 0, 0, 0, 0, 37, 0, '');
DELETE FROM `creature_template_addon` WHERE (`entry`=16704);
INSERT INTO `creature_template_addon` (`entry`, `mount`, `bytes0`, `bytes1`, `bytes2`, `emote`, `moveflags`, `auras`) VALUES (16704, 0, 0, 0, 0, 213, 0, '');
DELETE FROM `creature_template_addon` WHERE (`entry`=17462);
INSERT INTO `creature_template_addon` (`entry`, `mount`, `bytes0`, `bytes1`, `bytes2`, `emote`, `moveflags`, `auras`) VALUES (17462, 0, 0, 0, 0, 45, 0, '');
DELETE FROM `creature_template_addon` WHERE (`entry`=17671);
INSERT INTO `creature_template_addon` (`entry`, `mount`, `bytes0`, `bytes1`, `bytes2`, `emote`, `moveflags`, `auras`) VALUES (17671, 0, 0, 0, 0, 45, 0, '');
DELETE FROM creature_addon WHERE guid = '85461';
DELETE FROM creature_addon WHERE guid = '445627';
DELETE FROM `creature_addon` WHERE (`guid`=4455627);
INSERT INTO `creature_addon` (`guid`, `mount`, `bytes0`, `bytes1`, `bytes2`, `emote`, `moveflags`, `auras`) VALUES (4455627, 0, 0, 0, 0, 45, 0, '');
UPDATE creature SET MovementType = '2' WHERE guid = '4455627';


# QUEST
UPDATE `quest_template` SET `RequiredRaces` = 690, `NextQuestId` = 2757, `NextQuestInChain` = 2757 WHERE `entry` = 2756;
UPDATE `quest_template` SET `RequiredRaces` = 1101, `Details` = 'Darn it all! I guess it''s time to go back to the orphanage at Shattrath City.$B$BI''ve had such a great time. You''re the best person in all of the worlds, $N! You''re my big <brother/sister> now!$B$B<Dornaa''s eyes begin to well up with tears.>$B$BI''m going to miss you so much! When I grow up, I''m going to be just like you!!!', `OfferRewardText` = 'It is good for the soul to know that there are heroes such as yourself that are willing to give of their time so selflessly.$B$BI can tell already that your time together with Dornaa has made a huge impression.  It''s good for the children to have a chance to get out and see the world.$B$BHere, she told me that she wanted you to take care of one of her favorite pets, just like you took care of her.  Something to remember her by.$B$BDon''t be a stranger.' WHERE `entry` = 10966;
UPDATE `quest_template` SET `RequiredRaces` = 0 WHERE `entry` = 915;
UPDATE `quest_template` SET `RequiredRaces` = 690 WHERE `entry` = 2757;
UPDATE `quest_template` SET `RequiredRaces` = 1101, `RequiredSkillValue` = 210 WHERE `entry` = 2759;
UPDATE `quest_template` SET `RequiredRaces` = 690 WHERE `entry` = 100;
UPDATE `quest_template` SET `RequiredRaces` = 690 WHERE `entry` = 220;
UPDATE `quest_template` SET `RequiredRaces` = 1101, `OfferRewardText` = 'Ah, Demisette sent you. Good. Then word does reach far enough to find future students. This pleases me.$B$BIt is typical of our kind, $N, to band together, regardless of race. It is especially important since those we deal with most do not discriminate in their malice if we fail to appease them or control them properly.$B$BI feel you''ve learned a great many things, and if you are willing, I would help you create tools to compliment your skills.' WHERE `entry` = 4738;
UPDATE `quest_template` SET `RequiredRaces` = 690 WHERE `entry` = 4739;
UPDATE `quest_template` SET `RequiredRaces` = 0, `Details` = 'You are a long way from home, $N. Perhaps it is time you returned to learn from your master, Gan''rul Bloodeye. His knowledge is known to all of our craft, even those of us here.$B$BGan''rul dwells in the Cleft of Shadow in Orgrimmar.' WHERE `entry` = 10790;
delete from spell_proc_event where entry = 21084;
UPDATE `quest_template` SET `StartScript` = 4450 WHERE `entry` = 4450;
UPDATE `gameobject` SET `spawntimesecs` = -300 WHERE `guid` = 8052;
DELETE FROM `quest_start_scripts` WHERE `id`=4450;
INSERT INTO `quest_start_scripts` (`id`, `delay`, `command`, `datalong`, `datalong2`, `datatext`, `x`, `y`, `z`, `o`) VALUES (4450, 8, 9, 8052, 30000, '', 0, 0, 0, 0);


# GO
INSERT INTO `event_scripts` VALUES ('11424', '1', '9', '33359', '180', '', '0', '0', '0', '0');
INSERT INTO `gameobject` (`guid`,`id`,`map`,`spawnMask`,`position_x`,`position_y`,`position_z`,`orientation`,`rotation0`,`rotation1`,`rotation2`,`rotation3`,`spawntimesecs`,`animprogress`,`state`) VALUES
(33359, 182164, 530, 1, 1177.66, 8128.57, 19.78, 1.48833, 0, 0, 0.677358, 0.735654, -180, 0, 1);
REPLACE INTO `gameobject_template` (`entry`, `type`, `displayId`, `name`, `castBarCaption`, `faction`, `flags`, `size`, `data0`, `data1`, `data2`, `data3`, `data4`, `data5`, `data6`, `data7`, `data8`, `data9`, `data10`, `data11`, `data12`, `data13`, `data14`, `data15`, `data16`, `data17`, `data18`, `data19`, `data20`, `data21`, `data22`, `data23`, `ScriptName`) VALUES (310145, 8, 0, 'Shattered Sun Portal', '', 0, 0, 1, 1501, 10, 0, 0, 0, 0, 0, 0, 0, 0, 0, 0, 0, 0, 0, 0, 0, 0, 0, 0, 0, 0, 0, 0, '');
REPLACE INTO `gameobject_template` (`entry`, `type`, `displayId`, `name`, `castBarCaption`, `faction`, `flags`, `size`, `data0`, `data1`, `data2`, `data3`, `data4`, `data5`, `data6`, `data7`, `data8`, `data9`, `data10`, `data11`, `data12`, `data13`, `data14`, `data15`, `data16`, `data17`, `data18`, `data19`, `data20`, `data21`, `data22`, `data23`, `ScriptName`) VALUES (310146, 8, 0, 'Ley Lines of Quel\'Danas', '', 0, 0, 1, 1481, 10, 0, 0, 0, 0, 0, 0, 0, 0, 0, 0, 0, 0, 0, 0, 0, 0, 0, 0, 0, 0, 0, 0, '');
INSERT INTO `gameobject` (`guid`,`id`,`map`,`spawnMask`,`position_x`,`position_y`,`position_z`,`orientation`,`rotation0`,`rotation1`,`rotation2`,`rotation3`,`spawntimesecs`,`animprogress`,`state`) VALUES
(68733, 310146, 530, 1, 12181.2, -7337.85, 4.19741, 3.34836, 0, 0, 0.99466, -0.103201, 25, 0, 1),
(68734, 310146, 530, 1, 12579, -6915.97, 4.60172, 3.15358, 0, 0, 0.999982, -0.00599564, 25, 0, 1),
(68735, 310146, 530, 1, 12776.8, -6701.73, 1.25949, 3.58398, 0, 0, 0.975636, -0.219396, 25, 0, 1);
INSERT INTO `gameobject` (`guid`,`id`,`map`,`spawnMask`,`position_x`,`position_y`,`position_z`,`orientation`,`rotation0`,`rotation1`,`rotation2`,`rotation3`,`spawntimesecs`,`animprogress`,`state`) VALUES
(33360, 148419, 109, 1, -499.066, 248.605, -90.8275, 0.659252, 0, 0, 0.323689, 0.946163, 180, 100, 1);
INSERT INTO `gameobject` (`guid`,`id`,`map`,`spawnMask`,`position_x`,`position_y`,`position_z`,`orientation`,`rotation0`,`rotation1`,`rotation2`,`rotation3`,`spawntimesecs`,`animprogress`,`state`) VALUES
(33361, 148420, 109, 1, -499.108, 303.472, -90.8275, 5.535, 0, 0, 0.365427, -0.93084, 180, 100, 1);
INSERT INTO `gameobject` (`guid`,`id`,`map`,`spawnMask`,`position_x`,`position_y`,`position_z`,`orientation`,`rotation0`,`rotation1`,`rotation2`,`rotation3`,`spawntimesecs`,`animprogress`,`state`) VALUES
(33362, 148421, 109, 1, -434.857, 303.821, -90.8264, 3.84954, 0, 0, 0.938003, -0.346627, 180, 100, 1);


# NPC
UPDATE `creature_template` SET `flag1` = 0 WHERE `entry` = 7798;
INSERT IGNORE INTO `game_event_creature` SELECT `guid`,'22' FROM `creature` WHERE `id`=15813;
INSERT IGNORE INTO `game_event_creature` SELECT `guid`,'22' FROM `creature` WHERE `id`=15812;
INSERT IGNORE INTO `game_event_creature` SELECT `guid`,'22' FROM `creature` WHERE `id`=15750;
INSERT IGNORE INTO `game_event_creature` SELECT `guid`,'22' FROM `creature` WHERE `id`=15816;
INSERT IGNORE INTO `game_event_creature` SELECT `guid`,'22' FROM `creature` WHERE `id`=15743;
INSERT IGNORE INTO `game_event_creature` SELECT `guid`,'22' FROM `creature` WHERE `id`=15748;
INSERT IGNORE INTO `game_event_creature` SELECT `guid`,'22' FROM `creature` WHERE `id`=15751;
INSERT IGNORE INTO `game_event_creature` SELECT `guid`,'22' FROM `creature` WHERE `id`=15758;
INSERT IGNORE INTO `game_event_creature` SELECT `guid`,'22' FROM `creature` WHERE `id`=15807;
INSERT IGNORE INTO `game_event_creature` SELECT `guid`,'22' FROM `creature` WHERE `id`=15810;
UPDATE creature_template SET ScriptName='mob_eventai' WHERE entry IN (6,30,38,40,43,46,60,61,79,80,94,97,99,100,103,113,116,119,257,295,299,327,330,390,448,471,473,474,475,476,478,524,583,732,881,2044,6846,6866,6927);
UPDATE `creature_template` SET `flag1` = 0 WHERE `entry` = 12919;
INSERT INTO `pet_levelstats` VALUES ('15352', '1', '1', '0', '1', '1', '1', '1', '1', '1');
INSERT INTO `pet_levelstats` VALUES ('15352', '2', '1', '0', '1', '1', '1', '1', '1', '1');
INSERT INTO `pet_levelstats` VALUES ('15352', '3', '1', '0', '1', '1', '1', '1', '1', '1');
INSERT INTO `pet_levelstats` VALUES ('15352', '4', '1', '0', '1', '1', '1', '1', '1', '1');
INSERT INTO `pet_levelstats` VALUES ('15352', '5', '1', '0', '1', '1', '1', '1', '1', '1');
INSERT INTO `pet_levelstats` VALUES ('15352', '6', '1', '0', '1', '1', '1', '1', '1', '1');
INSERT INTO `pet_levelstats` VALUES ('15352', '7', '1', '0', '1', '1', '1', '1', '1', '1');
INSERT INTO `pet_levelstats` VALUES ('15352', '8', '1', '0', '1', '1', '1', '1', '1', '1');
INSERT INTO `pet_levelstats` VALUES ('15352', '9', '1', '0', '1', '1', '1', '1', '1', '1');
INSERT INTO `pet_levelstats` VALUES ('15352', '10', '1', '0', '1', '1', '1', '1', '1', '1');
INSERT INTO `pet_levelstats` VALUES ('15352', '11', '1', '0', '1', '1', '1', '1', '1', '1');
INSERT INTO `pet_levelstats` VALUES ('15352', '12', '1', '0', '1', '1', '1', '1', '1', '1');
INSERT INTO `pet_levelstats` VALUES ('15352', '13', '1', '0', '1', '1', '1', '1', '1', '1');
INSERT INTO `pet_levelstats` VALUES ('15352', '14', '1', '0', '1', '1', '1', '1', '1', '1');
INSERT INTO `pet_levelstats` VALUES ('15352', '15', '1', '0', '1', '1', '1', '1', '1', '1');
INSERT INTO `pet_levelstats` VALUES ('15352', '16', '1', '0', '1', '1', '1', '1', '1', '1');
INSERT INTO `pet_levelstats` VALUES ('15352', '17', '1', '0', '1', '1', '1', '1', '1', '1');
INSERT INTO `pet_levelstats` VALUES ('15352', '18', '1', '0', '1', '1', '1', '1', '1', '1');
INSERT INTO `pet_levelstats` VALUES ('15352', '19', '1', '0', '1', '1', '1', '1', '1', '1');
INSERT INTO `pet_levelstats` VALUES ('15352', '20', '1', '0', '1', '1', '1', '1', '1', '1');
INSERT INTO `pet_levelstats` VALUES ('15352', '21', '1', '0', '1', '1', '1', '1', '1', '1');
INSERT INTO `pet_levelstats` VALUES ('15352', '22', '1', '0', '1', '1', '1', '1', '1', '1');
INSERT INTO `pet_levelstats` VALUES ('15352', '23', '1', '0', '1', '1', '1', '1', '1', '1');
INSERT INTO `pet_levelstats` VALUES ('15352', '24', '1', '0', '1', '1', '1', '1', '1', '1');
INSERT INTO `pet_levelstats` VALUES ('15352', '25', '1', '0', '1', '1', '1', '1', '1', '1');
INSERT INTO `pet_levelstats` VALUES ('15352', '26', '1', '0', '1', '1', '1', '1', '1', '1');
INSERT INTO `pet_levelstats` VALUES ('15352', '27', '1', '0', '1', '1', '1', '1', '1', '1');
INSERT INTO `pet_levelstats` VALUES ('15352', '28', '1', '0', '1', '1', '1', '1', '1', '1');
INSERT INTO `pet_levelstats` VALUES ('15352', '29', '1', '0', '1', '1', '1', '1', '1', '1');
INSERT INTO `pet_levelstats` VALUES ('15352', '30', '1', '0', '1', '1', '1', '1', '1', '1');
INSERT INTO `pet_levelstats` VALUES ('15352', '31', '1', '0', '1', '1', '1', '1', '1', '1');
INSERT INTO `pet_levelstats` VALUES ('15352', '32', '1', '0', '1', '1', '1', '1', '1', '1');
INSERT INTO `pet_levelstats` VALUES ('15352', '33', '1', '0', '1', '1', '1', '1', '1', '1');
INSERT INTO `pet_levelstats` VALUES ('15352', '34', '1', '0', '1', '1', '1', '1', '1', '1');
INSERT INTO `pet_levelstats` VALUES ('15352', '35', '1', '0', '1', '1', '1', '1', '1', '1');
INSERT INTO `pet_levelstats` VALUES ('15352', '36', '1', '0', '1', '1', '1', '1', '1', '1');
INSERT INTO `pet_levelstats` VALUES ('15352', '37', '1', '0', '1', '1', '1', '1', '1', '1');
INSERT INTO `pet_levelstats` VALUES ('15352', '38', '1', '0', '1', '1', '1', '1', '1', '1');
INSERT INTO `pet_levelstats` VALUES ('15352', '39', '1', '0', '1', '1', '1', '1', '1', '1');
INSERT INTO `pet_levelstats` VALUES ('15352', '40', '1', '0', '1', '1', '1', '1', '1', '1');
INSERT INTO `pet_levelstats` VALUES ('15352', '41', '1', '0', '1', '1', '1', '1', '1', '1');
INSERT INTO `pet_levelstats` VALUES ('15352', '42', '1', '0', '1', '1', '1', '1', '1', '1');
INSERT INTO `pet_levelstats` VALUES ('15352', '43', '1', '0', '1', '1', '1', '1', '1', '1');
INSERT INTO `pet_levelstats` VALUES ('15352', '44', '1', '0', '1', '1', '1', '1', '1', '1');
INSERT INTO `pet_levelstats` VALUES ('15352', '45', '1', '0', '1', '1', '1', '1', '1', '1');
INSERT INTO `pet_levelstats` VALUES ('15352', '46', '1', '0', '1', '1', '1', '1', '1', '1');
INSERT INTO `pet_levelstats` VALUES ('15352', '47', '1', '0', '1', '1', '1', '1', '1', '1');
INSERT INTO `pet_levelstats` VALUES ('15352', '48', '1', '0', '1', '1', '1', '1', '1', '1');
INSERT INTO `pet_levelstats` VALUES ('15352', '49', '1', '0', '1', '1', '1', '1', '1', '1');
INSERT INTO `pet_levelstats` VALUES ('15352', '50', '1', '0', '1', '1', '1', '1', '1', '1');
INSERT INTO `pet_levelstats` VALUES ('15352', '51', '1', '0', '1', '1', '1', '1', '1', '1');
INSERT INTO `pet_levelstats` VALUES ('15352', '52', '1', '0', '1', '1', '1', '1', '1', '1');
INSERT INTO `pet_levelstats` VALUES ('15352', '53', '1', '0', '1', '1', '1', '1', '1', '1');
INSERT INTO `pet_levelstats` VALUES ('15352', '54', '1', '0', '1', '1', '1', '1', '1', '1');
INSERT INTO `pet_levelstats` VALUES ('15352', '55', '1', '0', '1', '1', '1', '1', '1', '1');
INSERT INTO `pet_levelstats` VALUES ('15352', '56', '1', '0', '1', '1', '1', '1', '1', '1');
INSERT INTO `pet_levelstats` VALUES ('15352', '57', '1', '0', '1', '1', '1', '1', '1', '1');
INSERT INTO `pet_levelstats` VALUES ('15352', '58', '1', '0', '1', '1', '1', '1', '1', '1');
INSERT INTO `pet_levelstats` VALUES ('15352', '59', '1', '0', '1', '1', '1', '1', '1', '1');
INSERT INTO `pet_levelstats` VALUES ('15352', '60', '1', '0', '1', '1', '1', '1', '1', '1');
INSERT INTO `pet_levelstats` VALUES ('15352', '61', '1', '0', '1', '1', '1', '1', '1', '1');
INSERT INTO `pet_levelstats` VALUES ('15352', '62', '1', '0', '1', '1', '1', '1', '1', '1');
INSERT INTO `pet_levelstats` VALUES ('15352', '63', '1', '0', '1', '1', '1', '1', '1', '1');
INSERT INTO `pet_levelstats` VALUES ('15352', '64', '1', '0', '1', '1', '1', '1', '1', '1');
INSERT INTO `pet_levelstats` VALUES ('15352', '65', '1', '0', '1', '1', '1', '1', '1', '1');
INSERT INTO `pet_levelstats` VALUES ('15352', '66', '6600', '0', '6200', '132', '62', '96', '132', '320');
INSERT INTO `pet_levelstats` VALUES ('15352', '67', '6700', '0', '6400', '134', '64', '97', '134', '330');
INSERT INTO `pet_levelstats` VALUES ('15352', '68', '6800', '0', '6600', '136', '66', '99', '136', '340');
INSERT INTO `pet_levelstats` VALUES ('15352', '69', '6900', '0', '6800', '138', '68', '100', '138', '350');
INSERT INTO `pet_levelstats` VALUES ('15352', '70', '7000', '0', '7000', '140', '70', '102', '140', '360');
INSERT INTO `pet_levelstats` VALUES ('15438', '1', '1', '1', '1', '1', '1', '1', '1', '1');
INSERT INTO `pet_levelstats` VALUES ('15438', '2', '1', '1', '1', '1', '1', '1', '1', '1');
INSERT INTO `pet_levelstats` VALUES ('15438', '3', '1', '1', '1', '1', '1', '1', '1', '1');
INSERT INTO `pet_levelstats` VALUES ('15438', '4', '1', '1', '1', '1', '1', '1', '1', '1');
INSERT INTO `pet_levelstats` VALUES ('15438', '5', '1', '1', '1', '1', '1', '1', '1', '1');
INSERT INTO `pet_levelstats` VALUES ('15438', '6', '1', '1', '1', '1', '1', '1', '1', '1');
INSERT INTO `pet_levelstats` VALUES ('15438', '7', '1', '1', '1', '1', '1', '1', '1', '1');
INSERT INTO `pet_levelstats` VALUES ('15438', '8', '1', '1', '1', '1', '1', '1', '1', '1');
INSERT INTO `pet_levelstats` VALUES ('15438', '9', '1', '1', '1', '1', '1', '1', '1', '1');
INSERT INTO `pet_levelstats` VALUES ('15438', '10', '1', '1', '1', '1', '1', '1', '1', '1');
INSERT INTO `pet_levelstats` VALUES ('15438', '11', '1', '1', '1', '1', '1', '1', '1', '1');
INSERT INTO `pet_levelstats` VALUES ('15438', '12', '1', '1', '1', '1', '1', '1', '1', '1');
INSERT INTO `pet_levelstats` VALUES ('15438', '13', '1', '1', '1', '1', '1', '1', '1', '1');
INSERT INTO `pet_levelstats` VALUES ('15438', '14', '1', '1', '1', '1', '1', '1', '1', '1');
INSERT INTO `pet_levelstats` VALUES ('15438', '15', '1', '1', '1', '1', '1', '1', '1', '1');
INSERT INTO `pet_levelstats` VALUES ('15438', '16', '1', '1', '1', '1', '1', '1', '1', '1');
INSERT INTO `pet_levelstats` VALUES ('15438', '17', '1', '1', '1', '1', '1', '1', '1', '1');
INSERT INTO `pet_levelstats` VALUES ('15438', '18', '1', '1', '1', '1', '1', '1', '1', '1');
INSERT INTO `pet_levelstats` VALUES ('15438', '19', '1', '1', '1', '1', '1', '1', '1', '1');
INSERT INTO `pet_levelstats` VALUES ('15438', '20', '1', '1', '1', '1', '1', '1', '1', '1');
INSERT INTO `pet_levelstats` VALUES ('15438', '21', '1', '1', '1', '1', '1', '1', '1', '1');
INSERT INTO `pet_levelstats` VALUES ('15438', '22', '1', '1', '1', '1', '1', '1', '1', '1');
INSERT INTO `pet_levelstats` VALUES ('15438', '23', '1', '1', '1', '1', '1', '1', '1', '1');
INSERT INTO `pet_levelstats` VALUES ('15438', '24', '1', '1', '1', '1', '1', '1', '1', '1');
INSERT INTO `pet_levelstats` VALUES ('15438', '25', '1', '1', '1', '1', '1', '1', '1', '1');
INSERT INTO `pet_levelstats` VALUES ('15438', '26', '1', '1', '1', '1', '1', '1', '1', '1');
INSERT INTO `pet_levelstats` VALUES ('15438', '27', '1', '1', '1', '1', '1', '1', '1', '1');
INSERT INTO `pet_levelstats` VALUES ('15438', '28', '1', '1', '1', '1', '1', '1', '1', '1');
INSERT INTO `pet_levelstats` VALUES ('15438', '29', '1', '1', '1', '1', '1', '1', '1', '1');
INSERT INTO `pet_levelstats` VALUES ('15438', '30', '1', '1', '1', '1', '1', '1', '1', '1');
INSERT INTO `pet_levelstats` VALUES ('15438', '31', '1', '1', '1', '1', '1', '1', '1', '1');
INSERT INTO `pet_levelstats` VALUES ('15438', '32', '1', '1', '1', '1', '1', '1', '1', '1');
INSERT INTO `pet_levelstats` VALUES ('15438', '33', '1', '1', '1', '1', '1', '1', '1', '1');
INSERT INTO `pet_levelstats` VALUES ('15438', '34', '1', '1', '1', '1', '1', '1', '1', '1');
INSERT INTO `pet_levelstats` VALUES ('15438', '35', '1', '1', '1', '1', '1', '1', '1', '1');
INSERT INTO `pet_levelstats` VALUES ('15438', '36', '1', '1', '1', '1', '1', '1', '1', '1');
INSERT INTO `pet_levelstats` VALUES ('15438', '37', '1', '1', '1', '1', '1', '1', '1', '1');
INSERT INTO `pet_levelstats` VALUES ('15438', '38', '1', '1', '1', '1', '1', '1', '1', '1');
INSERT INTO `pet_levelstats` VALUES ('15438', '39', '1', '1', '1', '1', '1', '1', '1', '1');
INSERT INTO `pet_levelstats` VALUES ('15438', '40', '1', '1', '1', '1', '1', '1', '1', '1');
INSERT INTO `pet_levelstats` VALUES ('15438', '41', '1', '1', '1', '1', '1', '1', '1', '1');
INSERT INTO `pet_levelstats` VALUES ('15438', '42', '1', '1', '1', '1', '1', '1', '1', '1');
INSERT INTO `pet_levelstats` VALUES ('15438', '43', '1', '1', '1', '1', '1', '1', '1', '1');
INSERT INTO `pet_levelstats` VALUES ('15438', '44', '1', '1', '1', '1', '1', '1', '1', '1');
INSERT INTO `pet_levelstats` VALUES ('15438', '45', '1', '1', '1', '1', '1', '1', '1', '1');
INSERT INTO `pet_levelstats` VALUES ('15438', '46', '1', '1', '1', '1', '1', '1', '1', '1');
INSERT INTO `pet_levelstats` VALUES ('15438', '47', '1', '1', '1', '1', '1', '1', '1', '1');
INSERT INTO `pet_levelstats` VALUES ('15438', '48', '1', '1', '1', '1', '1', '1', '1', '1');
INSERT INTO `pet_levelstats` VALUES ('15438', '49', '1', '1', '1', '1', '1', '1', '1', '1');
INSERT INTO `pet_levelstats` VALUES ('15438', '50', '1', '1', '1', '1', '1', '1', '1', '1');
INSERT INTO `pet_levelstats` VALUES ('15438', '51', '1', '1', '1', '1', '1', '1', '1', '1');
INSERT INTO `pet_levelstats` VALUES ('15438', '52', '1', '1', '1', '1', '1', '1', '1', '1');
INSERT INTO `pet_levelstats` VALUES ('15438', '53', '1', '1', '1', '1', '1', '1', '1', '1');
INSERT INTO `pet_levelstats` VALUES ('15438', '54', '1', '1', '1', '1', '1', '1', '1', '1');
INSERT INTO `pet_levelstats` VALUES ('15438', '55', '1', '1', '1', '1', '1', '1', '1', '1');
INSERT INTO `pet_levelstats` VALUES ('15438', '56', '1', '1', '1', '1', '1', '1', '1', '1');
INSERT INTO `pet_levelstats` VALUES ('15438', '57', '1', '1', '1', '1', '1', '1', '1', '1');
INSERT INTO `pet_levelstats` VALUES ('15438', '58', '1', '1', '1', '1', '1', '1', '1', '1');
INSERT INTO `pet_levelstats` VALUES ('15438', '59', '1', '1', '1', '1', '1', '1', '1', '1');
INSERT INTO `pet_levelstats` VALUES ('15438', '60', '1', '1', '1', '1', '1', '1', '1', '1');
INSERT INTO `pet_levelstats` VALUES ('15438', '61', '1', '1', '1', '1', '1', '1', '1', '1');
INSERT INTO `pet_levelstats` VALUES ('15438', '62', '1', '1', '1', '1', '1', '1', '1', '1');
INSERT INTO `pet_levelstats` VALUES ('15438', '63', '1', '1', '1', '1', '1', '1', '1', '1');
INSERT INTO `pet_levelstats` VALUES ('15438', '64', '1', '1', '1', '1', '1', '1', '1', '1');
INSERT INTO `pet_levelstats` VALUES ('15438', '65', '1', '1', '1', '1', '1', '1', '1', '1');
INSERT INTO `pet_levelstats` VALUES ('15438', '66', '1', '1', '1', '1', '1', '1', '1', '1');
INSERT INTO `pet_levelstats` VALUES ('15438', '67', '1', '1', '1', '1', '1', '1', '1', '1');
INSERT INTO `pet_levelstats` VALUES ('15438', '68', '6800', '2052', '980', '198', '136', '99', '320', '340');
INSERT INTO `pet_levelstats` VALUES ('15438', '69', '6900', '2071', '990', '204', '138', '100', '327', '350');
INSERT INTO `pet_levelstats` VALUES ('15438', '70', '7000', '2090', '1000', '210', '140', '102', '334', '360');
UPDATE `creature_template` SET `minlevel` = 60, `maxlevel` = 70, `minhealth` = 4700, `maxhealth` = 5400, `civilian` = 1 WHERE `entry` = 26123;
UPDATE `creature_template` SET `npcflag` = 128 WHERE `entry` = 26123;
INSERT INTO `npc_vendor` VALUES ('26123', '23435', '5', '7200', '2349');
INSERT INTO `npc_vendor` VALUES ('26123', '34599', '0', '0', '2349');
INSERT INTO `npc_vendor` VALUES ('26123', '34686', '0', '0', '2353');
INSERT INTO `npc_vendor` VALUES ('26123', '34685', '0', '0', '2351');
INSERT INTO `npc_vendor` VALUES ('26123', '34683', '0', '0', '2352');
INSERT INTO `npc_vendor` VALUES ('26123', '23326', '0', '0', '2349');
INSERT INTO `npc_vendor` VALUES ('26123', '23324', '0', '0', '2351');
INSERT INTO `npc_vendor` VALUES ('26123', '23246', '5', '7200', '2349');
INSERT INTO `npc_vendor` VALUES ('26123', '34684', '0', '0', '2348');
INSERT INTO `npc_vendor` VALUES ('26123', '23083', '0', '0', '2353');
INSERT INTO `npc_vendor` VALUES ('26123', '23211', '5', '7200', '2349');
INSERT INTO `npc_vendor` VALUES ('26123', '23215', '0', '0', '2349');
INSERT INTO `npc_vendor` VALUES ('26123', '23327', '5', '7200', '2348');
INSERT INTO `event_scripts` VALUES ('12930', '0', '10', '20518', '300000', '', '4006.81', '1517.19', '-115.9', '-1.6057');
INSERT INTO `creature_onkill_reputation` VALUES ('23374', '1012', '0', '7', '0', '15', '0', '0', '0', '0');
INSERT INTO `creature_onkill_reputation` VALUES ('22965', '1012', '0', '7', '0', '15', '0', '0', '0', '0');
INSERT INTO `creature_onkill_reputation` VALUES ('23436', '1012', '0', '7', '0', '3', '0', '0', '0', '0');
INSERT INTO `creature_onkill_reputation` VALUES ('22879', '1012', '0', '7', '0', '15', '0', '0', '0', '0');
INSERT INTO `creature_onkill_reputation` VALUES ('22946', '1012', '0', '7', '0', '3', '0', '0', '0', '0');
INSERT INTO `creature_onkill_reputation` VALUES ('22956', '1012', '0', '7', '0', '15', '0', '0', '0', '0');
INSERT INTO `creature_onkill_reputation` VALUES ('14881', '1012', '0', '7', '0', '15', '0', '0', '0', '0');
INSERT INTO `creature_onkill_reputation` VALUES ('22939', '1012', '0', '7', '0', '3', '0', '0', '0', '0');
UPDATE `creature_template` SET `armor` = 400, `mindmg` = 31, `maxdmg` = 63, `attackpower` = 450 WHERE `entry` = 2643;
DELETE FROM `creature` WHERE `id`=2643;
INSERT INTO `creature` (`guid`,`id`,`map`,`spawnMask`,`modelid`,`equipment_id`,`position_x`,`position_y`,`position_z`,`orientation`,`spawntimesecs`,`spawndist`,`currentwaypoint`,`curhealth`,`curmana`,`DeathState`,`MovementType`) VALUES
(12767, 2643, 0, 1, 6493, 0, -376.563, -4135.94, 174.418, 0.697313, 350, 3, 0, 3000, 0, 0, 1),
(12802, 2643, 0, 1, 6493, 0, -378.044, -4158.43, 174.168, 0.253726, 350, 3, 0, 3000, 0, 0, 1),
(12908, 2643, 0, 1, 6493, 0, -242.084, -4010.54, 174.834, 1.8813, 350, 5, 0, 3000, 0, 0, 1),
(12932, 2643, 0, 1, 6494, 0, -376.684, -4198.7, 174.69, 4.22281, 350, 0, 0, 3000, 0, 0, 0),
(12934, 2643, 0, 1, 6493, 0, -396.637, -4200.68, 174.077, 0.90094, 350, 0, 0, 3000, 0, 0, 0),
(12951, 2643, 0, 1, 6494, 0, -242.897, -4052.04, 174.375, 3.07242, 350, 5, 0, 3000, 0, 0, 1),
(12954, 2643, 0, 1, 6493, 0, -329.197, -4021.88, 174.167, 0.24497, 350, 5, 0, 3000, 0, 0, 2),
(13033, 2643, 0, 1, 6493, 0, -344.363, -4039.04, 174.134, 4.63955, 350, 5, 0, 3000, 0, 0, 1),
(13790, 2643, 0, 1, 6494, 0, -343.842, -4060.47, 174.259, 4.61306, 350, 3, 0, 3000, 0, 0, 1),
(14217, 2643, 0, 1, 6493, 0, -326.699, -4049.57, 174.341, 3.86961, 350, 5, 0, 3000, 0, 0, 1),
(14106, 2643, 0, 1, 6493, 0, -399.746, -4061.63, 174.319, 2.28038, 350, 0, 0, 3000, 0, 0, 0),
(12963, 2643, 0, 1, 6493, 0, -372.741, -4047.48, 174.194, 2.44525, 350, 0, 0, 3000, 0, 0, 0),
(17989, 2643, 0, 1, 6494, 0, -419.553, -4118.54, 174.266, 5.13498, 350, 0, 0, 3000, 0, 0, 0),
(18908, 2643, 0, 1, 6494, 0, -404.974, -4136.85, 174.149, 3.14615, 350, 10, 0, 3000, 0, 0, 1),
(18971, 2643, 0, 1, 6494, 0, -266.849, -4051.89, 174.349, 4.10152, 350, 0, 0, 3000, 0, 0, 0);
UPDATE `creature_template` SET `armor` = 450, `mindmg` = 31, `maxdmg` = 63, `attackpower` = 450 WHERE `entry` = 2645;
DELETE FROM `creature` WHERE `id`=2645;
INSERT INTO `creature` (`guid`,`id`,`map`,`spawnMask`,`modelid`,`equipment_id`,`position_x`,`position_y`,`position_z`,`orientation`,`spawntimesecs`,`spawndist`,`currentwaypoint`,`curhealth`,`curmana`,`DeathState`,`MovementType`) VALUES
(12771, 2645, 0, 1, 6538, 0, -210.325, -3980.79, 195.183, 6.17128, 350, 5, 0, 2500, 1695, 0, 1),
(12793, 2645, 0, 1, 6538, 0, -478.725, -4192.92, 195.19, 4.6335, 350, 0, 0, 2500, 1695, 0, 0),
(12830, 2645, 0, 1, 6539, 0, -450.365, -4193.01, 195.114, 5.74664, 350, 0, 0, 2500, 1695, 0, 0),
(12835, 2645, 0, 1, 6539, 0, -444.145, -4137.79, 195.165, 2.03868, 350, 5, 0, 2500, 1695, 0, 1),
(12884, 2645, 0, 1, 6538, 0, -518.021, -4138.04, 216.217, 2.75033, 350, 5, 0, 2500, 1695, 0, 2),
(12958, 2645, 0, 1, 6538, 0, -442.692, -4075.83, 195.146, 4.4244, 350, 5, 0, 2500, 1695, 0, 1),
(13054, 2645, 0, 1, 6538, 0, -407.505, -4007.42, 195.147, 1.49095, 350, 0, 0, 2500, 1695, 0, 0),
(13076, 2645, 0, 1, 6539, 0, -472.205, -4115.56, 195.19, 5.35575, 350, 5, 0, 2500, 1695, 0, 1),
(13209, 2645, 0, 1, 6539, 0, -479.949, -4078.13, 195.19, 0.702456, 350, 5, 0, 2500, 1695, 0, 1),
(18980, 2645, 0, 1, 6539, 0, -424.381, -4026.18, 195.272, 2.81211, 350, 0, 0, 2500, 1695, 0, 0),
(18928, 2645, 0, 1, 6538, 0, -385.498, -3980.42, 195.141, 5.68273, 350, 0, 0, 2500, 1695, 0, 0),
(18976, 2645, 0, 1, 6538, 0, -410.078, -3886.97, 216.142, 6.0873, 350, 5, 0, 2500, 1695, 0, 1),
(18951, 2645, 0, 1, 6539, 0, -364, -3850.23, 238.468, 4.98992, 350, 5, 0, 2500, 1695, 0, 1),
(18917, 2645, 0, 1, 6539, 0, -205.298, -3884.48, 215.986, 0.203745, 350, 5, 0, 2500, 1695, 0, 1),
(18927, 2645, 0, 1, 6538, 0, -335.068, -3967.38, 195.314, 1.21508, 350, 5, 0, 2500, 1695, 0, 1),
(17718, 2645, 0, 1, 6538, 0, -369.422, -3976.23, 195.141, 2.81749, 350, 0, 0, 2500, 1695, 0, 0),
(10952, 2645, 0, 1, 6538, 0, -226.441, -3983.62, 195.433, 0.030771, 350, 0, 0, 2500, 1695, 0, 0),
(11042, 2645, 0, 1, 6539, 0, -286.345, -3963.37, 195.716, 1.86794, 350, 0, 0, 2500, 1695, 0, 0),
(11045, 2645, 0, 1, 6539, 0, -296.221, -3988.55, 195.249, 1.52887, 350, 0, 0, 2500, 1695, 0, 0);
UPDATE `creature_template` SET `armor` = 400, `mindmg` = 31, `maxdmg` = 63, `attackpower` = 450 WHERE `entry` = 2646;
DELETE FROM `creature` WHERE `id`=2646;
INSERT INTO `creature` (`guid`,`id`,`map`,`spawnMask`,`modelid`,`equipment_id`,`position_x`,`position_y`,`position_z`,`orientation`,`spawntimesecs`,`spawndist`,`currentwaypoint`,`curhealth`,`curmana`,`DeathState`,`MovementType`) VALUES
(12915, 2646, 0, 1, 6495, 0, -641.043, -4083.91, 247.215, 0.56703, 350, 0, 0, 3200, 0, 0, 0),
(11044, 2646, 0, 1, 6496, 0, -642.005, -4062.1, 247.204, 4.29692, 350, 0, 0, 3200, 0, 0, 0),
(11073, 2646, 0, 1, 6496, 0, -537.012, -4156.35, 215.916, 5.77717, 350, 0, 0, 3200, 0, 0, 0),
(11072, 2646, 0, 1, 6495, 0, -521.354, -4185.94, 215.981, 0.773089, 350, 0, 0, 3200, 0, 0, 0),
(11234, 2646, 0, 1, 6496, 0, -522.396, -4164.06, 215.939, 0.471307, 350, 0, 0, 3200, 0, 0, 0),
(11198, 2646, 0, 1, 6495, 0, -647.264, -4115.35, 238.601, 5.88832, 350, 0, 0, 3200, 0, 0, 0),
(11129, 2646, 0, 1, 6495, 0, -579.352, -4019.88, 238.476, 2.56883, 350, 0, 0, 3200, 0, 0, 0),
(11119, 2646, 0, 1, 6496, 0, -619.758, -4139.62, 238.476, 0.834047, 350, 3, 0, 3200, 0, 0, 1),
(11135, 2646, 0, 1, 6496, 0, -596.838, -4111.66, 238.601, 0.318568, 350, 3, 0, 3200, 0, 0, 1),
(11167, 2646, 0, 1, 6495, 0, -585.595, -4146.74, 238.476, 2.18892, 350, 3, 0, 3200, 0, 0, 1),
(11172, 2646, 0, 1, 6496, 0, -608.736, -4156.35, 238.476, 0.849667, 350, 0, 0, 3200, 0, 0, 0),
(11285, 2646, 0, 1, 6496, 0, -539.534, -3994.96, 215.986, 0.999576, 350, 0, 0, 3200, 0, 0, 0),
(85461, 2646, 0, 1, 6495, 0, -280.348, -3823.68, 238.435, 0.281983, 350, 0, 0, 3200, 0, 0, 0),
(85514, 2646, 0, 1, 6495, 0, -529.744, -3997.86, 215.915, 5.41187, 350, 0, 0, 3200, 0, 0, 0),
(85515, 2646, 0, 1, 6495, 0, -286.458, -3838.54, 238.472, 3.63153, 350, 0, 0, 3200, 0, 0, 0),
(85516, 2646, 0, 1, 6496, 0, -386.817, -3934.25, 215.951, 3.64497, 350, 0, 0, 3200, 0, 0, 0),
(85517, 2646, 0, 1, 6495, 0, -255.699, -3823.88, 238.366, 0.040903, 350, 0, 0, 3200, 0, 0, 0),
(54940, 2646, 0, 1, 6495, 0, -673.006, -4005.67, 238.396, 5.67532, 350, 0, 0, 3200, 0, 0, 0),
(54941, 2646, 0, 1, 6495, 0, -691.053, -4021.59, 238.271, 1.05845, 350, 0, 0, 3200, 0, 0, 0),
(54942, 2646, 0, 1, 6495, 0, -642.064, -4021.31, 238.396, 5.42997, 350, 3, 0, 3200, 0, 0, 1),
(54943, 2646, 0, 1, 6495, 0, -668.263, -4043.78, 238.851, 5.75383, 350, 5, 0, 3200, 0, 0, 1),
(54953, 2646, 0, 1, 6495, 0, -393.26, -3946.9, 215.951, 1.61966, 350, 3, 0, 3200, 0, 0, 1),
(55845, 2646, 0, 1, 6495, 0, -296.055, -3913.94, 215.986, 5.72657, 350, 0, 0, 3200, 0, 0, 0),
(55846, 2646, 0, 1, 6496, 0, -432.063, -3901.35, 216.07, 6.21337, 350, 3, 0, 3200, 0, 0, 1),
(55849, 2646, 0, 1, 6495, 0, -273.754, -3915.61, 215.986, 4.2206, 350, 0, 0, 3200, 0, 0, 0),
(55854, 2646, 0, 1, 6496, 0, -284.375, -3903.13, 215.986, 4.29931, 350, 0, 0, 3200, 0, 0, 0),
(55855, 2646, 0, 1, 6495, 0, -401.671, -3818.51, 238.323, 1.8592, 350, 0, 0, 3200, 0, 0, 0),
(55856, 2646, 0, 1, 6496, 0, -190.68, -3903.34, 216.073, 3.78305, 350, 0, 0, 3200, 0, 0, 0);
UPDATE `creature_template` SET `armor` = 300, `mindmg` = 31, `maxdmg` = 65, `attackpower` = 450 WHERE `entry` = 2647;
DELETE FROM `creature` WHERE `id`=2647;
INSERT INTO `creature` (`guid`,`id`,`map`,`spawnMask`,`modelid`,`equipment_id`,`position_x`,`position_y`,`position_z`,`orientation`,`spawntimesecs`,`spawndist`,`currentwaypoint`,`curhealth`,`curmana`,`DeathState`,`MovementType`) VALUES
(12909, 2647, 0, 1, 6540, 0, -535.365, -4181.22, 215.894, 3.44057, 350, 0, 0, 3150, 0, 0, 0),
(55857, 2647, 0, 1, 6541, 0, -592.693, -4011.17, 238.476, 1.41066, 350, 0, 0, 3150, 0, 0, 0),
(55858, 2647, 0, 1, 6540, 0, -650.545, -4102.68, 238.476, 5.01987, 350, 0, 0, 3150, 0, 0, 0),
(54935, 2647, 0, 1, 6541, 0, -584.876, -4120.46, 238.476, 2.66268, 350, 0, 0, 3150, 0, 0, 0),
(54936, 2647, 0, 1, 6540, 0, -593.175, -4167.88, 238.476, 1.3875, 350, 0, 0, 3150, 0, 0, 0),
(54945, 2647, 0, 1, 6541, 0, -256.803, -3835.88, 238.465, 2.48415, 350, 0, 0, 3150, 0, 0, 0),
(54946, 2647, 0, 1, 6541, 0, -403.217, -3938.97, 215.87, 3.576, 350, 0, 0, 3150, 0, 0, 0),
(54947, 2647, 0, 1, 6540, 0, -654.835, -4012.22, 238.396, 3.37651, 350, 0, 0, 3150, 0, 0, 0),
(55684, 2647, 0, 1, 6541, 0, -368.026, -3884.09, 216.111, 1.49024, 350, 0, 0, 3150, 0, 0, 0),
(55864, 2647, 0, 1, 6540, 0, -436.363, -3882.18, 216.611, 2.96144, 350, 3, 0, 3150, 0, 0, 1),
(55865, 2647, 0, 1, 6540, 0, -268.176, -3906.1, 215.986, 5.99916, 350, 0, 0, 3150, 0, 0, 0),
(102882, 2647, 0, 1, 6540, 0, -373.746, -3807.25, 238.383, 5.28482, 350, 0, 0, 3150, 0, 0, 0),
(102883, 2647, 0, 1, 6541, 0, -402.071, -3807.22, 238.448, 0.991578, 350, 0, 0, 3150, 0, 0, 0),
(82495, 2647, 0, 1, 6540, 0, -189.259, -3913.75, 215.948, 0.389048, 350, 0, 0, 3150, 0, 0, 0),
(82496, 2647, 0, 1, 6540, 0, -217.34, -3915.24, 215.948, 3.88179, 350, 0, 0, 3150, 0, 0, 0);



DELETE FROM `db_version`;
INSERT INTO `db_version` VALUES ('YTDB_095_R43.01_rev6148');

# UPDATE `quest_template` SET `NextQuestId`=NextQuestInChain WHERE (`NextQuestId`='0');
# update `creature_template` set ScriptName='generic_creature' WHERE `spell1` > '0' AND `ScriptName` = '';
# UPDATE `creature_template` SET `ScriptName`='' WHERE `type` = '11' AND `name` LIKE '%totem%' AND `faction_A` = '2';
# UPDATE `creature_template` SET `npcflag`=`npcflag`|2 WHERE `entry` IN (SELECT `id` FROM `creature_questrelation`);
# UPDATE `creature_template` SET `npcflag`=`npcflag`|2 WHERE `entry` IN (SELECT `id` FROM `creature_involvedrelation`);
# UPDATE `creature` SET `MovementType` = 0 WHERE `spawndist` = 0 AND `MovementType`=1;
# UPDATE `creature` SET `spawndist`=0 WHERE `MovementType`=0;
# UPDATE `quest_template` SET `SpecialFlags`=`SpecialFlags`|1 WHERE `QuestFlags`=`QuestFlags`|4096;
# delete from npc_gossip where npc_guid not in (select guid from creature);
DELETE FROM `creature_addon` WHERE `guid` NOT IN (SELECT `guid` FROM `creature`);
DELETE FROM `creature_movement` WHERE `id` NOT IN (SELECT `guid` FROM `creature`);
DELETE FROM `game_event_gameobject` WHERE `guid` NOT IN (SELECT `guid` FROM `gameobject`);
DELETE FROM `game_event_creature` WHERE `guid` NOT IN (SELECT `guid` FROM `creature`);
UPDATE `creature`, `creature_template` SET `creature`.`curhealth`=`creature_template`.`minhealth`,`creature`.`curmana`=`creature_template`.`minmana` WHERE `creature`.`id`=`creature_template`.`entry`;
update gameobject_template, gameobject set gameobject.animprogress = 100 where gameobject_template.entry = gameobject.id and gameobject_template.type = 3;
UPDATE `creature_template` SET `ScriptName`='' WHERE `entry` in ('6172','6177','17542','17768');
