# Y2kCat
ALTER TABLE db_version_ytdb CHANGE COLUMN 594_FIX_11385 595_FIX_11402 bit;
REPLACE INTO `db_version_ytdb` (`version`) VALUES ('595_FIX_11402');

# Fix
# UPDATE `quest_template` SET `SpecialFlags` = 0 WHERE `entry` = 10162;
UPDATE `creature_template` SET `faction_A` = 29, `faction_H` = 29 WHERE `entry` = 9856;
UPDATE `creature_template` SET `faction_A` = 29, `faction_H` = 29 WHERE `entry` = 8673;
UPDATE `creature_template` SET `faction_A` = 29, `faction_H` = 29 WHERE `entry` = 8724;
UPDATE `creature_template` SET `flags_extra` = 64 WHERE `entry` = 21838;
UPDATE `creature_template` SET `attackpower` = 24, `unit_flags` = 0, `InhabitType` = 3, `flags_extra` = 0 WHERE `entry` = 27893;

# NeatElves
UPDATE `gossip_menu_option` SET `box_text` = NULL WHERE `box_text` = '';
UPDATE `gossip_menu` SET `text_id` = '3977' WHERE `entry` =4664 AND `text_id` =3976;
UPDATE `creature_template` SET `gossip_menu_id` = 11611 WHERE `entry` = 240;
INSERT IGNORE INTO `gossip_menu` (`entry`, `text_id`) VALUES (11611, 16211);
UPDATE `creature_template` SET `gossip_menu_id` = 12670 WHERE `entry` = 6374;
REPLACE INTO `gossip_menu` (`entry`, `text_id`, `cond_1`, `cond_1_val_1`, `cond_1_val_2`, `cond_2`, `cond_2_val_1`, `cond_2_val_2`) VALUES ('4661', '539', '14', '0', '1407', '0', '0', '0');
UPDATE `creature_template` SET `gossip_menu_id` = 12670 WHERE `entry` = 6373;
UPDATE `gossip_menu` SET `text_id` = '3977' WHERE `entry` =4663 AND `text_id` =3976;
REPLACE INTO `gossip_menu` (`entry`, `text_id`, `cond_1`, `cond_1_val_1`, `cond_1_val_2`, `cond_2`, `cond_2_val_1`, `cond_2_val_2`) VALUES ('4659', '4837', '14', '0', '1527', '0', '0', '0');
UPDATE `creature_template` SET `gossip_menu_id` = 1541 WHERE `entry` = 8816;
INSERT IGNORE INTO `gossip_menu` (`entry`, `text_id`) VALUES (1541, 2213);
UPDATE `creature_template` SET `gossip_menu_id` = 752 WHERE `entry` = 7363;
INSERT IGNORE INTO `gossip_menu` (`entry`, `text_id`) VALUES (752, 1302);
UPDATE `creature_template` SET `gossip_menu_id` = 5824 WHERE `entry` = 14463;
INSERT IGNORE INTO `gossip_menu` (`entry`, `text_id`) VALUES (5824, 6995);
UPDATE `creature_template` SET `gossip_menu_id` = 11473 WHERE `entry` = 7506;
INSERT IGNORE INTO `gossip_menu` (`entry`, `text_id`) VALUES (11473, 16007);
DELETE FROM `npc_gossip` WHERE `npc_guid` = 1080;
DELETE FROM `npc_gossip` WHERE `npc_guid` = 123891;
DELETE FROM `npc_gossip` WHERE `npc_guid` = 2837;
DELETE FROM `npc_gossip` WHERE `npc_guid` = 6763;
DELETE FROM `npc_gossip` WHERE `npc_guid` = 1745;
DELETE FROM `npc_gossip` WHERE `npc_guid` = 1369;
DELETE FROM `npc_gossip` WHERE `npc_guid` = 5109;
UPDATE `creature_template` SET `gossip_menu_id` = 342 WHERE `entry` = 6727;
UPDATE `creature_template` SET `gossip_menu_id` = 342 WHERE `entry` = 6790;
UPDATE `creature_template` SET `gossip_menu_id` = 11651 WHERE `entry` = 234;
INSERT IGNORE INTO `gossip_menu` (`entry`, `text_id`) VALUES (11651, 16275);
REPLACE INTO `gameobject` (`guid`, `id`, `map`, `spawnMask`, `phaseMask`, `position_x`, `position_y`, `position_z`, `orientation`, `rotation0`, `rotation1`, `rotation2`, `rotation3`, `spawntimesecs`, `animprogress`, `state`) VALUES
(5537, 113771, 0, 1, 1, -9736.45, -1216.51, 47.6809, -2.35619, 0, 0, 0.92388, -0.382683, 60, 100, 1),
(5539, 113769, 0, 1, 1, -9736.45, -1216.51, 47.6809, -2.35619, 0, 0, 0.92388, -0.382683, 120, 100, 1),
(5540, 113771, 0, 1, 1, -9319.62, 209.467, 65.5738, 0.331613, 0, 0, 0.165048, 0.986286, 60, 100, 1),
(5541, 113771, 0, 1, 1, -9303.79, 246.129, 68.6665, 3.03687, 0, 0, 0.99863, 0.052336, 60, 100, 1),
(5544, 113770, 0, 1, 1, -9303.79, 246.129, 68.6665, 3.03687, 0, 0, 0.99863, 0.052336, 180, 100, 1),
(5547, 113770, 0, 1, 1, -6245.16, 343.435, 382.944, -0.244346, 0, 0, 0.121869, -0.992546, 180, 100, 1),
(5548, 113769, 0, 1, 1, -6245.16, 343.435, 382.944, -0.244346, 0, 0, 0.121869, -0.992546, 120, 100, 1),
(5553, 113771, 0, 1, 1, -6047.42, 385.302, 398.875, -2.58309, 0, 0, 0.961262, -0.275637, 60, 100, 1),
(5554, 113769, 0, 1, 1, -6047.42, 385.302, 398.875, -2.58309, 0, 0, 0.961262, -0.275637, 120, 100, 1),
(5555, 113770, 0, 1, 1, -5633.34, -242.513, 385.396, -1.29154, 0, 0, 0.601815, -0.798635, 120, 100, 1),
(5556, 113771, 0, 1, 1, -5633.34, -242.513, 385.396, -1.29154, 0, 0, 0.601815, -0.798635, 120, 100, 1),
(5557, 113769, 0, 1, 1, -5511.47, -618.601, 407.654, 2.94961, 0, 0, 0.995396, 0.095846, 180, 100, 1),
(5558, 113770, 0, 1, 1, -5098.15, -828.558, 499.252, 0.279253, 0, 0, 0.139173, 0.990268, 120, 100, 1),
(5559, 113770, 530, 1, 1, -4334.72, -12407.6, 18.8716, -1.50098, 0, 0, 0.681998, -0.731354, 120, 100, 1),
(5560, 113770, 530, 1, 1, -4288.96, -11584.9, 17.0481, 0.890118, 0, 0, 0.430511, 0.902585, 120, 100, 1),
(5561, 113769, 530, 1, 1, -4279.85, -12204.1, 5.73399, -2.19912, 0, 0, 0.891007, -0.45399, 180, 100, 1),
(5562, 113770, 1, 1, 1, -2801.84, -747.887, 12.562, 0.069813, 0, 0, 0.034899, 0.999391, 120, 100, 1),
(5564, 113769, 1, 1, 1, -1595.77, -320.444, -28.29, 1.32645, 0, 0, 0.615662, 0.788011, 180, 100, 1),
(5565, 113770, 1, 1, 1, -1284.42, -982.699, 14.2007, -1.20428, 0, 0, 0.566406, -0.824126, 120, 100, 1),
(5568, 113769, 1, 1, 1, -1191.63, -5612.28, 6.21089, 1.98968, 0, 0, 0.838671, 0.544639, 180, 100, 1),
(5569, 113770, 1, 1, 1, -1048.43, 464.917, 23.8847, -1.27409, 0, 0, 0.594823, -0.803857, 120, 100, 1),
(5570, 113769, 1, 1, 1, -757.195, -143.473, -29.439, -2.79253, 0, 0, 0.984808, -0.173648, 180, 100, 1),
(5571, 113770, 1, 1, 1, -583.8, 35.5878, 10.7478, -0.959931, 0, 0, 0.461749, -0.887011, 120, 100, 1),
(5572, 113769, 1, 1, 1, -513.368, -4446.59, 50.2656, 1.44862, 0, 0, 0.66262, 0.748956, 180, 100, 1),
(5573, 113770, 1, 1, 1, -329.551, -4854.02, 40.8798, -2.09439, 0, 0, 0.866025, -0.5, 120, 100, 1),
(5574, 113769, 1, 1, 1, -119.91, -4874.63, 21.4705, -0.331612, 0, 0, 0.165048, -0.986286, 180, 100, 1),
(5575, 113769, 1, 1, 1, 197.794, -4450.69, 31.361, 0.383972, 0, 0, 0.190809, 0.981627, 180, 100, 1),
(5578, 113770, 1, 1, 1, 10019.5, 498.496, 1313.47, 1.5708, 0, 0, 0.707107, 0.707107, 120, 100, 1),
(5579, 113769, 1, 1, 1, 10462.1, 774.574, 1315.84, -0.366519, 0, 0, 0.182236, -0.983255, 180, 100, 1),
(5580, 113770, 1, 1, 1, 10607.6, 1451.54, 1321.18, 2.32129, 0, 0, 0.91706, 0.398749, 120, 100, 1),
(5582, 113769, 1, 1, 1, 10878.7, 2076.37, 1327.77, 1.78024, 0, 0, 0.777146, 0.62932, 180, 100, 1),
(5584, 113771, 0, 1, 1, -5511.47, -618.601, 407.654, 2.94961, 0, 0, 0.995396, 0.095846, 180, 100, 1),
(5585, 113771, 0, 1, 1, -5098.15, -828.558, 499.252, 0.279253, 0, 0, 0.139173, 0.990268, 120, 100, 1),
(5586, 113771, 530, 1, 1, -4334.72, -12407.6, 18.8716, -1.50098, 0, 0, 0.681998, -0.731354, 120, 100, 1),
(5587, 113771, 530, 1, 1, -4288.96, -11584.9, 17.0481, 0.890118, 0, 0, 0.430511, 0.902585, 120, 100, 1),
(5588, 113771, 530, 1, 1, -4279.85, -12204.1, 5.73399, -2.19912, 0, 0, 0.891007, -0.45399, 180, 100, 1),
(5592, 113770, 530, 1, 1, -3920.32, -12909.3, 5.80417, 3.03687, 0, 0, 0.99863, 0.052336, 60, 100, 1),
(5594, 113771, 1, 1, 1, -2801.84, -747.887, 12.562, 0.069813, 0, 0, 0.034899, 0.999391, 120, 100, 1),
(5595, 113771, 1, 1, 1, -1595.77, -320.444, -28.29, 1.32645, 0, 0, 0.615662, 0.788011, 180, 100, 1),
(5596, 113771, 1, 1, 1, -1284.42, -982.699, 14.2007, -1.20428, 0, 0, 0.566406, -0.824126, 120, 100, 1),
(5601, 113771, 1, 1, 1, -1191.63, -5612.28, 6.21089, 1.98968, 0, 0, 0.838671, 0.544639, 180, 100, 1),
(5603, 113771, 1, 1, 1, -1048.43, 464.917, 23.8847, -1.27409, 0, 0, 0.594823, -0.803857, 120, 100, 1),
(5604, 113770, 1, 1, 1, -899.713, -823.334, 5.31035, -2.84489, 0, 0, 0.989016, -0.147809, 60, 100, 1),
(5606, 113771, 1, 1, 1, -757.195, -143.473, -29.439, -2.79253, 0, 0, 0.984808, -0.173648, 180, 100, 1),
(5611, 113771, 1, 1, 1, -583.8, 35.5878, 10.7478, -0.959931, 0, 0, 0.461749, -0.887011, 120, 100, 1),
(5612, 113771, 1, 1, 1, -513.368, -4446.59, 50.2656, 1.44862, 0, 0, 0.66262, 0.748956, 180, 100, 1),
(5613, 113770, 1, 1, 1, -511.374, -4182.72, 77.0375, -2.63545, 0, 0, 0.968148, -0.25038, 60, 100, 1),
(5614, 113771, 1, 1, 1, -329.551, -4854.02, 40.8798, -2.09439, 0, 0, 0.866025, -0.5, 120, 100, 1),
(5617, 113771, 1, 1, 1, -119.91, -4874.63, 21.4705, -0.331612, 0, 0, 0.165048, -0.986286, 180, 100, 1),
(5622, 113771, 1, 1, 1, -5.05469, -4617.69, 44.7108, 0.907571, 0, 0, 0.438371, 0.898794, 180, 100, 1),
(5624, 113771, 1, 1, 1, 197.794, -4450.69, 31.361, 0.383972, 0, 0, 0.190809, 0.981627, 180, 100, 1),
(5628, 113771, 1, 1, 1, 542.842, -4609.62, 41.9984, 0.488692, 0, 0, 0.241922, 0.970296, 180, 100, 1),
(5629, 113771, 1, 1, 1, 653.607, -4806.81, 26.6391, -0.698132, 0, 0, 0.34202, -0.939693, 180, 100, 1),
(5632, 113771, 1, 1, 1, 803.109, -4156.65, 22.0618, -0.750491, 0, 0, 0.366501, -0.930418, 180, 100, 1),
(5633, 113771, 1, 1, 1, 1192.89, -4981.8, 10.2661, -1.309, 0, 0, 0.608761, -0.793353, 180, 100, 1),
(5638, 113771, 530, 1, 1, 8799.6, -5805.13, 8.43606, -0.279253, 0, 0, 0.139173, -0.990268, 180, 100, 1),
(5639, 113771, 530, 1, 1, 9178.55, -6265.73, 23.0955, 1.46608, 0, 0, 0.669131, 0.743145, 180, 100, 1),
(5640, 113770, 530, 1, 1, 9227.59, -7420.63, 39.0451, -0.05236, 0, 0, 0.026177, -0.999657, 60, 100, 1),
(5642, 113770, 530, 1, 1, 9362.07, -7144.18, 8.74426, -0.820305, 0, 0, 0.398749, -0.91706, 60, 100, 1),
(5647, 113770, 1, 1, 1, 9876, 1561.8, 1328.67, 0.663225, 0, 0, 0.325568, 0.945519, 60, 100, 1),
(5648, 113771, 1, 1, 1, 10019.5, 498.496, 1313.47, 1.5708, 0, 0, 0.707107, 0.707107, 120, 100, 1),
(5649, 113771, 1, 1, 1, 10462.1, 774.574, 1315.84, -0.366519, 0, 0, 0.182236, -0.983255, 180, 100, 1),
(5651, 113771, 1, 1, 1, 10607.6, 1451.54, 1321.18, 2.32129, 0, 0, 0.91706, 0.398749, 120, 100, 1),
(5658, 113771, 1, 1, 1, 10878.7, 2076.37, 1327.77, 1.78024, 0, 0, 0.777146, 0.62932, 180, 100, 1),
(5664, 113770, 1, 1, 1, 10896.1, 1971.04, 1322.05, -0.767945, 0, 0, 0.374607, -0.927184, 60, 100, 1),
(5668, 113769, 530, 1, 1, -3920.32, -12909.3, 5.80417, 3.03687, 0, 0, 0.99863, 0.052336, 60, 100, 1),
(5669, 113769, 1, 1, 1, -899.713, -823.334, 5.31035, -2.84489, 0, 0, 0.989016, -0.147809, 60, 100, 1),
(5670, 113769, 1, 1, 1, -511.374, -4182.72, 77.0375, -2.63545, 0, 0, 0.968148, -0.25038, 60, 100, 1),
(5671, 113769, 1, 1, 1, 10896.1, 1971.04, 1322.05, -0.767945, 0, 0, 0.374607, -0.927184, 60, 100, 1),
(5672, 113769, 1, 1, 1, 9876, 1561.8, 1328.67, 0.663225, 0, 0, 0.325568, 0.945519, 60, 100, 1),
(5675, 113769, 530, 1, 1, 8799.6, -5805.13, 8.43606, -0.279253, 0, 0, 0.139173, -0.990268, 180, 100, 1),
(5676, 113769, 530, 1, 1, 9178.55, -6265.73, 23.0955, 1.46608, 0, 0, 0.669131, 0.743145, 180, 100, 1);
UPDATE `gameobject` SET `spawntimesecs` = '120' WHERE `id` =113769;
UPDATE `gameobject` SET `spawntimesecs` = '300' WHERE `id` =113771;
UPDATE `gameobject` SET `spawntimesecs` = '180' WHERE `id` =113770;
REPLACE INTO `pool_template` (`entry`, `max_limit`, `description`) VALUES 
('13674', '1', 'Brightly Colored Egg'),
('13675', '1', 'Brightly Colored Egg'),
('13676', '1', 'Brightly Colored Egg'),
('13677', '1', 'Brightly Colored Egg'),
('13678', '1', 'Brightly Colored Egg'),
('13679', '1', 'Brightly Colored Egg'),
('13680', '1', 'Brightly Colored Egg'),
('13681', '1', 'Brightly Colored Egg'),
('13682', '1', 'Brightly Colored Egg'),
('13683', '1', 'Brightly Colored Egg'),
('13684', '1', 'Brightly Colored Egg'),
('13685', '1', 'Brightly Colored Egg'),
('13686', '1', 'Brightly Colored Egg'),
('13687', '1', 'Brightly Colored Egg'),
('13688', '1', 'Brightly Colored Egg'),
('13689', '1', 'Brightly Colored Egg'),
('13690', '1', 'Brightly Colored Egg'),
('13691', '1', 'Brightly Colored Egg'),
('13692', '1', 'Brightly Colored Egg'),
('13693', '1', 'Brightly Colored Egg'),
('13694', '1', 'Brightly Colored Egg'),
('13695', '1', 'Brightly Colored Egg'),
('13696', '1', 'Brightly Colored Egg'),
('13697', '1', 'Brightly Colored Egg'),
('13698', '1', 'Brightly Colored Egg'),
('13699', '1', 'Brightly Colored Egg'),
('13700', '1', 'Brightly Colored Egg'),
('13701', '1', 'Brightly Colored Egg'),
('13702', '1', 'Brightly Colored Egg'),
('13703', '1', 'Brightly Colored Egg'),
('13704', '1', 'Brightly Colored Egg'),
('13705', '1', 'Brightly Colored Egg'),
('13706', '1', 'Brightly Colored Egg'),
('13707', '1', 'Brightly Colored Egg'),
('13708', '1', 'Brightly Colored Egg'),
('13709', '1', 'Brightly Colored Egg'),
('13710', '1', 'Brightly Colored Egg'),
('13711', '1', 'Brightly Colored Egg'),
('13712', '1', 'Brightly Colored Egg'),
('13713', '1', 'Brightly Colored Egg'),
('13714', '1', 'Brightly Colored Egg'),
('13715', '1', 'Brightly Colored Egg'),
('13716', '1', 'Brightly Colored Egg'),
('13717', '1', 'Brightly Colored Egg'),
('13718', '1', 'Brightly Colored Egg'),
('13719', '1', 'Brightly Colored Egg'),
('13720', '1', 'Brightly Colored Egg'),
('13721', '1', 'Brightly Colored Egg'),
('13722', '1', 'Brightly Colored Egg'),
('13723', '1', 'Brightly Colored Egg'),
('13724', '1', 'Brightly Colored Egg'),
('13725', '1', 'Brightly Colored Egg'),
('13726', '1', 'Brightly Colored Egg'),
('13727', '1', 'Brightly Colored Egg'),
('13728', '1', 'Brightly Colored Egg'),
('13729', '1', 'Brightly Colored Egg'),
('13730', '1', 'Brightly Colored Egg'),
('13731', '1', 'Brightly Colored Egg'),
('13732', '1', 'Brightly Colored Egg'),
('13733', '1', 'Brightly Colored Egg'),
('13734', '1', 'Brightly Colored Egg'),
('13735', '1', 'Brightly Colored Egg'),
('13736', '1', 'Brightly Colored Egg'),
('13737', '1', 'Brightly Colored Egg'),
('13738', '1', 'Brightly Colored Egg'),
('13739', '1', 'Brightly Colored Egg'),
('13740', '1', 'Brightly Colored Egg'),
('13741', '1', 'Brightly Colored Egg'),
('13742', '1', 'Brightly Colored Egg'),
('13743', '1', 'Brightly Colored Egg'),
('13744', '1', 'Brightly Colored Egg'),
('13745', '1', 'Brightly Colored Egg'),
('13746', '1', 'Brightly Colored Egg'),
('13747', '1', 'Brightly Colored Egg'),
('13748', '1', 'Brightly Colored Egg'),
('13749', '1', 'Brightly Colored Egg'),
('13750', '1', 'Brightly Colored Egg'),
('13751', '1', 'Brightly Colored Egg'),
('13752', '1', 'Brightly Colored Egg'),
('13753', '1', 'Brightly Colored Egg'),
('13754', '1', 'Brightly Colored Egg'),
('13755', '1', 'Brightly Colored Egg'),
('13756', '1', 'Brightly Colored Egg'),
('13757', '1', 'Brightly Colored Egg'),
('13758', '1', 'Brightly Colored Egg'),
('13759', '1', 'Brightly Colored Egg'),
('13760', '1', 'Brightly Colored Egg'),
('13761', '1', 'Brightly Colored Egg'),
('13762', '1', 'Brightly Colored Egg'),
('13763', '1', 'Brightly Colored Egg'),
('13764', '1', 'Brightly Colored Egg'),
('13765', '1', 'Brightly Colored Egg'),
('13766', '1', 'Brightly Colored Egg'),
('13767', '1', 'Brightly Colored Egg'),
('13768', '1', 'Brightly Colored Egg'),
('13769', '1', 'Brightly Colored Egg'),
('13770', '1', 'Brightly Colored Egg'),
('13771', '1', 'Brightly Colored Egg'),
('13772', '1', 'Brightly Colored Egg'),
('13773', '1', 'Brightly Colored Egg'),
('13774', '1', 'Brightly Colored Egg'),
('13775', '1', 'Brightly Colored Egg'),
('13776', '1', 'Brightly Colored Egg'),
('13777', '1', 'Brightly Colored Egg'),
('13778', '1', 'Brightly Colored Egg'),
('13779', '1', 'Brightly Colored Egg'),
('13780', '1', 'Brightly Colored Egg'),
('13781', '1', 'Brightly Colored Egg'),
('13782', '1', 'Brightly Colored Egg'),
('13783', '1', 'Brightly Colored Egg'),
('13784', '1', 'Brightly Colored Egg'),
('13785', '1', 'Brightly Colored Egg'),
('13786', '1', 'Brightly Colored Egg'),
('13787', '1', 'Brightly Colored Egg'),
('13788', '1', 'Brightly Colored Egg'),
('13789', '1', 'Brightly Colored Egg'),
('13790', '1', 'Brightly Colored Egg'),
('13791', '1', 'Brightly Colored Egg'),
('13792', '1', 'Brightly Colored Egg'),
('13793', '1', 'Brightly Colored Egg'),
('13794', '1', 'Brightly Colored Egg'),
('13795', '1', 'Brightly Colored Egg'),
('13796', '1', 'Brightly Colored Egg'),
('13797', '1', 'Brightly Colored Egg'),
('13798', '1', 'Brightly Colored Egg'),
('13799', '1', 'Brightly Colored Egg'),
('13800', '1', 'Brightly Colored Egg'),
('13801', '1', 'Brightly Colored Egg'),
('13802', '1', 'Brightly Colored Egg'),
('13803', '1', 'Brightly Colored Egg'),
('13804', '1', 'Brightly Colored Egg'),
('13805', '1', 'Brightly Colored Egg'),
('13806', '1', 'Brightly Colored Egg'),
('13807', '1', 'Brightly Colored Egg'),
('13808', '1', 'Brightly Colored Egg'),
('13809', '1', 'Brightly Colored Egg'),
('13810', '1', 'Brightly Colored Egg'),
('13811', '1', 'Brightly Colored Egg'),
('13812', '1', 'Brightly Colored Egg'),
('13813', '1', 'Brightly Colored Egg'),
('13814', '1', 'Brightly Colored Egg'),
('13815', '1', 'Brightly Colored Egg'),
('13816', '1', 'Brightly Colored Egg'),
('13817', '1', 'Brightly Colored Egg'),
('13818', '1', 'Brightly Colored Egg'),
('13819', '1', 'Brightly Colored Egg'),
('13820', '1', 'Brightly Colored Egg'),
('13821', '1', 'Brightly Colored Egg'),
('13822', '1', 'Brightly Colored Egg'),
('13823', '1', 'Brightly Colored Egg'),
('13824', '1', 'Brightly Colored Egg'),
('13825', '1', 'Brightly Colored Egg'),
('13826', '1', 'Brightly Colored Egg'),
('13827', '1', 'Brightly Colored Egg'),
('13828', '1', 'Brightly Colored Egg'),
('13829', '1', 'Brightly Colored Egg'),
('13830', '1', 'Brightly Colored Egg'),
('13831', '1', 'Brightly Colored Egg'),
('13832', '1', 'Brightly Colored Egg'),
('13833', '1', 'Brightly Colored Egg'),
('13834', '1', 'Brightly Colored Egg'),
('13835', '1', 'Brightly Colored Egg'),
('13836', '1', 'Brightly Colored Egg'),
('13837', '1', 'Brightly Colored Egg'),
('13838', '1', 'Brightly Colored Egg'),
('13839', '1', 'Brightly Colored Egg'),
('13840', '1', 'Brightly Colored Egg'),
('13841', '1', 'Brightly Colored Egg'),
('13842', '1', 'Brightly Colored Egg'),
('13843', '1', 'Brightly Colored Egg'),
('13844', '1', 'Brightly Colored Egg'),
('13845', '1', 'Brightly Colored Egg'),
('13846', '1', 'Brightly Colored Egg'),
('13847', '1', 'Brightly Colored Egg'),
('13848', '1', 'Brightly Colored Egg'),
('13849', '1', 'Brightly Colored Egg'),
('13850', '1', 'Brightly Colored Egg'),
('13851', '1', 'Brightly Colored Egg'),
('13852', '1', 'Brightly Colored Egg'),
('13853', '1', 'Brightly Colored Egg'),
('13854', '1', 'Brightly Colored Egg'),
('13855', '1', 'Brightly Colored Egg'),
('13856', '1', 'Brightly Colored Egg'),
('13857', '1', 'Brightly Colored Egg'),
('13858', '1', 'Brightly Colored Egg'),
('13859', '1', 'Brightly Colored Egg'),
('13860', '1', 'Brightly Colored Egg'),
('13861', '1', 'Brightly Colored Egg'),
('13862', '1', 'Brightly Colored Egg'),
('13863', '1', 'Brightly Colored Egg'),
('13864', '1', 'Brightly Colored Egg'),
('13865', '1', 'Brightly Colored Egg'),
('13866', '1', 'Brightly Colored Egg'),
('13867', '1', 'Brightly Colored Egg'),
('13868', '1', 'Brightly Colored Egg'),
('13869', '1', 'Brightly Colored Egg'),
('13870', '1', 'Brightly Colored Egg'),
('13871', '1', 'Brightly Colored Egg'),
('13872', '1', 'Brightly Colored Egg'),
('13873', '1', 'Brightly Colored Egg'),
('13874', '1', 'Brightly Colored Egg'),
('13875', '1', 'Brightly Colored Egg'),
('13876', '1', 'Brightly Colored Egg'),
('13877', '1', 'Brightly Colored Egg'),
('13878', '1', 'Brightly Colored Egg'),
('13879', '1', 'Brightly Colored Egg'),
('13880', '1', 'Brightly Colored Egg'),
('13881', '1', 'Brightly Colored Egg'),
('13882', '1', 'Brightly Colored Egg'),
('13883', '1', 'Brightly Colored Egg'),
('13884', '1', 'Brightly Colored Egg'),
('13885', '1', 'Brightly Colored Egg'),
('13886', '1', 'Brightly Colored Egg'),
('13887', '1', 'Brightly Colored Egg'),
('13888', '1', 'Brightly Colored Egg'),
('13889', '1', 'Brightly Colored Egg'),
('13890', '1', 'Brightly Colored Egg'),
('13891', '1', 'Brightly Colored Egg'),
('13892', '1', 'Brightly Colored Egg'),
('13893', '1', 'Brightly Colored Egg'),
('13894', '1', 'Brightly Colored Egg'),
('13895', '1', 'Brightly Colored Egg'),
('13896', '1', 'Brightly Colored Egg'),
('13897', '1', 'Brightly Colored Egg'),
('13898', '1', 'Brightly Colored Egg'),
('13899', '1', 'Brightly Colored Egg'),
('13900', '1', 'Brightly Colored Egg'),
('13901', '1', 'Brightly Colored Egg'),
('13902', '1', 'Brightly Colored Egg'),
('13903', '1', 'Brightly Colored Egg'),
('13904', '1', 'Brightly Colored Egg'),
('13905', '1', 'Brightly Colored Egg'),
('13906', '1', 'Brightly Colored Egg'),
('13907', '1', 'Brightly Colored Egg'),
('13908', '1', 'Brightly Colored Egg'),
('13909', '1', 'Brightly Colored Egg'),
('13910', '1', 'Brightly Colored Egg'),
('13911', '1', 'Brightly Colored Egg'),
('13912', '1', 'Brightly Colored Egg'),
('13913', '1', 'Brightly Colored Egg'),
('13914', '1', 'Brightly Colored Egg'),
('13915', '1', 'Brightly Colored Egg'),
('13916', '1', 'Brightly Colored Egg'),
('13917', '1', 'Brightly Colored Egg'),
('13918', '1', 'Brightly Colored Egg'),
('13919', '1', 'Brightly Colored Egg'),
('13920', '1', 'Brightly Colored Egg'),
('13921', '1', 'Brightly Colored Egg'),
('13922', '1', 'Brightly Colored Egg'),
('13923', '1', 'Brightly Colored Egg'),
('13924', '1', 'Brightly Colored Egg'),
('13925', '1', 'Brightly Colored Egg'),
('13926', '1', 'Brightly Colored Egg'),
('13927', '1', 'Brightly Colored Egg'),
('13928', '1', 'Brightly Colored Egg'),
('13929', '1', 'Brightly Colored Egg'),
('13930', '1', 'Brightly Colored Egg'),
('13931', '1', 'Brightly Colored Egg'),
('13932', '1', 'Brightly Colored Egg'),
('13933', '1', 'Brightly Colored Egg'),
('13934', '1', 'Brightly Colored Egg'),
('13935', '1', 'Brightly Colored Egg'),
('13936', '1', 'Brightly Colored Egg'),
('13937', '1', 'Brightly Colored Egg'),
('13938', '1', 'Brightly Colored Egg'),
('13939', '1', 'Brightly Colored Egg'),
('13940', '1', 'Brightly Colored Egg'),
('13941', '1', 'Brightly Colored Egg'),
('13942', '1', 'Brightly Colored Egg'),
('13943', '1', 'Brightly Colored Egg'),
('13944', '1', 'Brightly Colored Egg'),
('13945', '1', 'Brightly Colored Egg'),
('13946', '1', 'Brightly Colored Egg'),
('13947', '1', 'Brightly Colored Egg'),
('13948', '1', 'Brightly Colored Egg'),
('13949', '1', 'Brightly Colored Egg'),
('13950', '1', 'Brightly Colored Egg'),
('13951', '1', 'Brightly Colored Egg'),
('13952', '1', 'Brightly Colored Egg'),
('13953', '1', 'Brightly Colored Egg'),
('13954', '1', 'Brightly Colored Egg'),
('13955', '1', 'Brightly Colored Egg'),
('13956', '1', 'Brightly Colored Egg'),
('13957', '1', 'Brightly Colored Egg'),
('13958', '1', 'Brightly Colored Egg'),
('13959', '1', 'Brightly Colored Egg'),
('13960', '1', 'Brightly Colored Egg'),
('13961', '1', 'Brightly Colored Egg'),
('13962', '1', 'Brightly Colored Egg'),
('13963', '1', 'Brightly Colored Egg'),
('13964', '1', 'Brightly Colored Egg'),
('13965', '1', 'Brightly Colored Egg'),
('13966', '1', 'Brightly Colored Egg'),
('13967', '1', 'Brightly Colored Egg'),
('13968', '1', 'Brightly Colored Egg'),
('13969', '1', 'Brightly Colored Egg'),
('13970', '1', 'Brightly Colored Egg'),
('13971', '1', 'Brightly Colored Egg'),
('13972', '1', 'Brightly Colored Egg'),
('13973', '1', 'Brightly Colored Egg'),
('13974', '1', 'Brightly Colored Egg'),
('13975', '1', 'Brightly Colored Egg'),
('13976', '1', 'Brightly Colored Egg'),
('13977', '1', 'Brightly Colored Egg'),
('13978', '1', 'Brightly Colored Egg'),
('13979', '1', 'Brightly Colored Egg'),
('13980', '1', 'Brightly Colored Egg'),
('13981', '1', 'Brightly Colored Egg'),
('13982', '1', 'Brightly Colored Egg'),
('13983', '1', 'Brightly Colored Egg'),
('13984', '1', 'Brightly Colored Egg'),
('13985', '1', 'Brightly Colored Egg'),
('13986', '1', 'Brightly Colored Egg'),
('13987', '1', 'Brightly Colored Egg'),
('13988', '1', 'Brightly Colored Egg'),
('13989', '1', 'Brightly Colored Egg'),
('13990', '1', 'Brightly Colored Egg'),
('13991', '1', 'Brightly Colored Egg'),
('13992', '1', 'Brightly Colored Egg'),
('13993', '1', 'Brightly Colored Egg'),
('13994', '1', 'Brightly Colored Egg'),
('13995', '1', 'Brightly Colored Egg'),
('13996', '1', 'Brightly Colored Egg'),
('13997', '1', 'Brightly Colored Egg'),
('13998', '1', 'Brightly Colored Egg'),
('13999', '1', 'Brightly Colored Egg'),
('14000', '1', 'Brightly Colored Egg'),
('14001', '1', 'Brightly Colored Egg'),
('14002', '1', 'Brightly Colored Egg'),
('14003', '1', 'Brightly Colored Egg'),
('14004', '1', 'Brightly Colored Egg'),
('14005', '1', 'Brightly Colored Egg'),
('14006', '1', 'Brightly Colored Egg'),
('14007', '1', 'Brightly Colored Egg'),
('14008', '1', 'Brightly Colored Egg'),
('14009', '1', 'Brightly Colored Egg'),
('14010', '1', 'Brightly Colored Egg'),
('14011', '1', 'Brightly Colored Egg'),
('14012', '1', 'Brightly Colored Egg'),
('14013', '1', 'Brightly Colored Egg'),
('14014', '1', 'Brightly Colored Egg'),
('14015', '1', 'Brightly Colored Egg'),
('14016', '1', 'Brightly Colored Egg'),
('14017', '1', 'Brightly Colored Egg'),
('14018', '1', 'Brightly Colored Egg'),
('14019', '1', 'Brightly Colored Egg'),
('14020', '1', 'Brightly Colored Egg'),
('14021', '1', 'Brightly Colored Egg'),
('14022', '1', 'Brightly Colored Egg'),
('14023', '1', 'Brightly Colored Egg'),
('14024', '1', 'Brightly Colored Egg'),
('14025', '1', 'Brightly Colored Egg'),
('14026', '1', 'Brightly Colored Egg'),
('14027', '1', 'Brightly Colored Egg'),
('14028', '1', 'Brightly Colored Egg'),
('14029', '1', 'Brightly Colored Egg'),
('14030', '1', 'Brightly Colored Egg'),
('14031', '1', 'Brightly Colored Egg'),
('14032', '1', 'Brightly Colored Egg'),
('14033', '1', 'Brightly Colored Egg'),
('14034', '1', 'Brightly Colored Egg'),
('14035', '1', 'Brightly Colored Egg'),
('14036', '1', 'Brightly Colored Egg'),
('14037', '1', 'Brightly Colored Egg'),
('14038', '1', 'Brightly Colored Egg'),
('14039', '1', 'Brightly Colored Egg'),
('14040', '1', 'Brightly Colored Egg'),
('14041', '1', 'Brightly Colored Egg'),
('14042', '1', 'Brightly Colored Egg'),
('14043', '1', 'Brightly Colored Egg'),
('14044', '1', 'Brightly Colored Egg'),
('14045', '1', 'Brightly Colored Egg'),
('14046', '1', 'Brightly Colored Egg'),
('14047', '1', 'Brightly Colored Egg'),
('14048', '1', 'Brightly Colored Egg'),
('14049', '1', 'Brightly Colored Egg'),
('14050', '1', 'Brightly Colored Egg'),
('14051', '1', 'Brightly Colored Egg'),
('14052', '1', 'Brightly Colored Egg'),
('14053', '1', 'Brightly Colored Egg'),
('14054', '1', 'Brightly Colored Egg'),
('14055', '1', 'Brightly Colored Egg'),
('14056', '1', 'Brightly Colored Egg'),
('14057', '1', 'Brightly Colored Egg'),
('14058', '1', 'Brightly Colored Egg'),
('14059', '1', 'Brightly Colored Egg'),
('14060', '1', 'Brightly Colored Egg'),
('14061', '1', 'Brightly Colored Egg'),
('14062', '1', 'Brightly Colored Egg'),
('14063', '1', 'Brightly Colored Egg'),
('14064', '1', 'Brightly Colored Egg'),
('14065', '1', 'Brightly Colored Egg'),
('14066', '1', 'Brightly Colored Egg'),
('14067', '1', 'Brightly Colored Egg'),
('14068', '1', 'Brightly Colored Egg'),
('14069', '1', 'Brightly Colored Egg'),
('14070', '1', 'Brightly Colored Egg'),
('14071', '1', 'Brightly Colored Egg'),
('14072', '1', 'Brightly Colored Egg'),
('14073', '1', 'Brightly Colored Egg'),
('14074', '1', 'Brightly Colored Egg'),
('14075', '1', 'Brightly Colored Egg'),
('14076', '1', 'Brightly Colored Egg'),
('14077', '1', 'Brightly Colored Egg'),
('14078', '1', 'Brightly Colored Egg'),
('14079', '1', 'Brightly Colored Egg'),
('14080', '1', 'Brightly Colored Egg'),
('14081', '1', 'Brightly Colored Egg'),
('14082', '1', 'Brightly Colored Egg'),
('14083', '1', 'Brightly Colored Egg'),
('14084', '1', 'Brightly Colored Egg'),
('14085', '1', 'Brightly Colored Egg'),
('14086', '1', 'Brightly Colored Egg'),
('14087', '1', 'Brightly Colored Egg'),
('14088', '1', 'Brightly Colored Egg'),
('14089', '1', 'Brightly Colored Egg'),
('14090', '1', 'Brightly Colored Egg'),
('14091', '1', 'Brightly Colored Egg'),
('14092', '1', 'Brightly Colored Egg'),
('14093', '1', 'Brightly Colored Egg'),
('14094', '1', 'Brightly Colored Egg'),
('14095', '1', 'Brightly Colored Egg'),
('14096', '1', 'Brightly Colored Egg'),
('14097', '1', 'Brightly Colored Egg'),
('14098', '1', 'Brightly Colored Egg'),
('14099', '1', 'Brightly Colored Egg'),
('14100', '1', 'Brightly Colored Egg'),
('14101', '1', 'Brightly Colored Egg'),
('14102', '1', 'Brightly Colored Egg'),
('14103', '1', 'Brightly Colored Egg'),
('14104', '1', 'Brightly Colored Egg'),
('14105', '1', 'Brightly Colored Egg'),
('14106', '1', 'Brightly Colored Egg'),
('14107', '1', 'Brightly Colored Egg'),
('14108', '1', 'Brightly Colored Egg'),
('14109', '1', 'Brightly Colored Egg'),
('14110', '1', 'Brightly Colored Egg'),
('14111', '1', 'Brightly Colored Egg'),
('14112', '1', 'Brightly Colored Egg'),
('14113', '1', 'Brightly Colored Egg'),
('14114', '1', 'Brightly Colored Egg'),
('14115', '1', 'Brightly Colored Egg'),
('14116', '1', 'Brightly Colored Egg'),
('14117', '1', 'Brightly Colored Egg'),
('14118', '1', 'Brightly Colored Egg'),
('14119', '1', 'Brightly Colored Egg'),
('14120', '1', 'Brightly Colored Egg'),
('14121', '1', 'Brightly Colored Egg'),
('14122', '1', 'Brightly Colored Egg'),
('14123', '1', 'Brightly Colored Egg'),
('14124', '1', 'Brightly Colored Egg'),
('14125', '1', 'Brightly Colored Egg'),
('14126', '1', 'Brightly Colored Egg'),
('14127', '1', 'Brightly Colored Egg');
REPLACE INTO `pool_gameobject` (`guid`, `pool_entry`, `chance`, `description`) VALUES 
(5539,13674,0,'Brightly Colored Egg'),
(40425,13674,0,'Brightly Colored Egg'),
(5537,13674,0,'Brightly Colored Egg'),
(100115,13675,0,'Brightly Colored Egg'),
(100480,13675,0,'Brightly Colored Egg'),
(100845,13675,0,'Brightly Colored Egg'),
(100211,13676,0,'Brightly Colored Egg'),
(100576,13676,0,'Brightly Colored Egg'),
(100941,13676,0,'Brightly Colored Egg'),
(100107,13677,0,'Brightly Colored Egg'),
(100472,13677,0,'Brightly Colored Egg'),
(100837,13677,0,'Brightly Colored Egg'),
(100290,13678,0,'Brightly Colored Egg'),
(100655,13678,0,'Brightly Colored Egg'),
(101020,13678,0,'Brightly Colored Egg'),
(100293,13679,0,'Brightly Colored Egg'),
(100658,13679,0,'Brightly Colored Egg'),
(101023,13679,0,'Brightly Colored Egg'),
(100291,13680,0,'Brightly Colored Egg'),
(100656,13680,0,'Brightly Colored Egg'),
(101021,13680,0,'Brightly Colored Egg'),
(100399,13681,0,'Brightly Colored Egg'),
(100764,13681,0,'Brightly Colored Egg'),
(101129,13681,0,'Brightly Colored Egg'),
(100202,13682,0,'Brightly Colored Egg'),
(100567,13682,0,'Brightly Colored Egg'),
(100932,13682,0,'Brightly Colored Egg'),
(100397,13683,0,'Brightly Colored Egg'),
(100762,13683,0,'Brightly Colored Egg'),
(101127,13683,0,'Brightly Colored Egg'),
(100389,13684,0,'Brightly Colored Egg'),
(100754,13684,0,'Brightly Colored Egg'),
(101119,13684,0,'Brightly Colored Egg'),
(100208,13685,0,'Brightly Colored Egg'),
(100573,13685,0,'Brightly Colored Egg'),
(100938,13685,0,'Brightly Colored Egg'),
(100295,13686,0,'Brightly Colored Egg'),
(100660,13686,0,'Brightly Colored Egg'),
(101025,13686,0,'Brightly Colored Egg'),
(100104,13687,0,'Brightly Colored Egg'),
(100469,13687,0,'Brightly Colored Egg'),
(100834,13687,0,'Brightly Colored Egg'),
(100102,13688,0,'Brightly Colored Egg'),
(100467,13688,0,'Brightly Colored Egg'),
(100832,13688,0,'Brightly Colored Egg'),
(100048,13689,0,'Brightly Colored Egg'),
(100413,13689,0,'Brightly Colored Egg'),
(100778,13689,0,'Brightly Colored Egg'),
(100394,13690,0,'Brightly Colored Egg'),
(100759,13690,0,'Brightly Colored Egg'),
(101124,13690,0,'Brightly Colored Egg'),
(100398,13691,0,'Brightly Colored Egg'),
(100763,13691,0,'Brightly Colored Egg'),
(101128,13691,0,'Brightly Colored Egg'),
(100203,13692,0,'Brightly Colored Egg'),
(100568,13692,0,'Brightly Colored Egg'),
(100933,13692,0,'Brightly Colored Egg'),
(100296,13693,0,'Brightly Colored Egg'),
(100661,13693,0,'Brightly Colored Egg'),
(101026,13693,0,'Brightly Colored Egg'),
(100111,13694,0,'Brightly Colored Egg'),
(100476,13694,0,'Brightly Colored Egg'),
(100841,13694,0,'Brightly Colored Egg'),
(100212,13695,0,'Brightly Colored Egg'),
(100577,13695,0,'Brightly Colored Egg'),
(100942,13695,0,'Brightly Colored Egg'),
(100396,13696,0,'Brightly Colored Egg'),
(100761,13696,0,'Brightly Colored Egg'),
(101126,13696,0,'Brightly Colored Egg'),
(100207,13697,0,'Brightly Colored Egg'),
(100572,13697,0,'Brightly Colored Egg'),
(100937,13697,0,'Brightly Colored Egg'),
(100302,13698,0,'Brightly Colored Egg'),
(100667,13698,0,'Brightly Colored Egg'),
(101032,13698,0,'Brightly Colored Egg'),
(100392,13699,0,'Brightly Colored Egg'),
(100757,13699,0,'Brightly Colored Egg'),
(101122,13699,0,'Brightly Colored Egg'),
(100209,13700,0,'Brightly Colored Egg'),
(100574,13700,0,'Brightly Colored Egg'),
(100939,13700,0,'Brightly Colored Egg'),
(100204,13701,0,'Brightly Colored Egg'),
(100569,13701,0,'Brightly Colored Egg'),
(100934,13701,0,'Brightly Colored Egg'),
(100113,13702,0,'Brightly Colored Egg'),
(100478,13702,0,'Brightly Colored Egg'),
(100843,13702,0,'Brightly Colored Egg'),
(100105,13703,0,'Brightly Colored Egg'),
(100470,13703,0,'Brightly Colored Egg'),
(100835,13703,0,'Brightly Colored Egg'),
(100108,13704,0,'Brightly Colored Egg'),
(100473,13704,0,'Brightly Colored Egg'),
(100838,13704,0,'Brightly Colored Egg'),
(100119,13705,0,'Brightly Colored Egg'),
(100484,13705,0,'Brightly Colored Egg'),
(100849,13705,0,'Brightly Colored Egg'),
(100386,13706,0,'Brightly Colored Egg'),
(100751,13706,0,'Brightly Colored Egg'),
(101116,13706,0,'Brightly Colored Egg'),
(100298,13707,0,'Brightly Colored Egg'),
(100663,13707,0,'Brightly Colored Egg'),
(101028,13707,0,'Brightly Colored Egg'),
(100205,13708,0,'Brightly Colored Egg'),
(100570,13708,0,'Brightly Colored Egg'),
(100935,13708,0,'Brightly Colored Egg'),
(100301,13709,0,'Brightly Colored Egg'),
(100666,13709,0,'Brightly Colored Egg'),
(101031,13709,0,'Brightly Colored Egg'),
(100303,13710,0,'Brightly Colored Egg'),
(100668,13710,0,'Brightly Colored Egg'),
(101033,13710,0,'Brightly Colored Egg'),
(100117,13711,0,'Brightly Colored Egg'),
(100482,13711,0,'Brightly Colored Egg'),
(100847,13711,0,'Brightly Colored Egg'),
(100114,13712,0,'Brightly Colored Egg'),
(100479,13712,0,'Brightly Colored Egg'),
(100844,13712,0,'Brightly Colored Egg'),
(100112,13713,0,'Brightly Colored Egg'),
(100477,13713,0,'Brightly Colored Egg'),
(100842,13713,0,'Brightly Colored Egg'),
(100387,13714,0,'Brightly Colored Egg'),
(100752,13714,0,'Brightly Colored Egg'),
(101117,13714,0,'Brightly Colored Egg'),
(100118,13715,0,'Brightly Colored Egg'),
(100483,13715,0,'Brightly Colored Egg'),
(100848,13715,0,'Brightly Colored Egg'),
(100391,13716,0,'Brightly Colored Egg'),
(100756,13716,0,'Brightly Colored Egg'),
(101121,13716,0,'Brightly Colored Egg'),
(100393,13717,0,'Brightly Colored Egg'),
(100758,13717,0,'Brightly Colored Egg'),
(101123,13717,0,'Brightly Colored Egg'),
(100297,13718,0,'Brightly Colored Egg'),
(100662,13718,0,'Brightly Colored Egg'),
(101027,13718,0,'Brightly Colored Egg'),
(100300,13719,0,'Brightly Colored Egg'),
(100665,13719,0,'Brightly Colored Egg'),
(101030,13719,0,'Brightly Colored Egg'),
(100106,13720,0,'Brightly Colored Egg'),
(100471,13720,0,'Brightly Colored Egg'),
(100836,13720,0,'Brightly Colored Egg'),
(100229,13721,0,'Brightly Colored Egg'),
(100594,13721,0,'Brightly Colored Egg'),
(100959,13721,0,'Brightly Colored Egg'),
(100294,13722,0,'Brightly Colored Egg'),
(100659,13722,0,'Brightly Colored Egg'),
(101024,13722,0,'Brightly Colored Egg'),
(100116,13723,0,'Brightly Colored Egg'),
(100481,13723,0,'Brightly Colored Egg'),
(100846,13723,0,'Brightly Colored Egg'),
(100292,13724,0,'Brightly Colored Egg'),
(100657,13724,0,'Brightly Colored Egg'),
(101022,13724,0,'Brightly Colored Egg'),
(100109,13725,0,'Brightly Colored Egg'),
(100474,13725,0,'Brightly Colored Egg'),
(100839,13725,0,'Brightly Colored Egg'),
(100395,13726,0,'Brightly Colored Egg'),
(100760,13726,0,'Brightly Colored Egg'),
(101125,13726,0,'Brightly Colored Egg'),
(100201,13727,0,'Brightly Colored Egg'),
(100566,13727,0,'Brightly Colored Egg'),
(100931,13727,0,'Brightly Colored Egg'),
(100206,13728,0,'Brightly Colored Egg'),
(100571,13728,0,'Brightly Colored Egg'),
(100936,13728,0,'Brightly Colored Egg'),
(100390,13729,0,'Brightly Colored Egg'),
(100755,13729,0,'Brightly Colored Egg'),
(101120,13729,0,'Brightly Colored Egg'),
(100323,13730,0,'Brightly Colored Egg'),
(100688,13730,0,'Brightly Colored Egg'),
(101053,13730,0,'Brightly Colored Egg'),
(100299,13731,0,'Brightly Colored Egg'),
(100664,13731,0,'Brightly Colored Egg'),
(101029,13731,0,'Brightly Colored Egg'),
(100110,13732,0,'Brightly Colored Egg'),
(100475,13732,0,'Brightly Colored Egg'),
(100840,13732,0,'Brightly Colored Egg'),
(100388,13733,0,'Brightly Colored Egg'),
(100753,13733,0,'Brightly Colored Egg'),
(101118,13733,0,'Brightly Colored Egg'),
(100210,13734,0,'Brightly Colored Egg'),
(100575,13734,0,'Brightly Colored Egg'),
(100940,13734,0,'Brightly Colored Egg'),
(100103,13735,0,'Brightly Colored Egg'),
(100468,13735,0,'Brightly Colored Egg'),
(100833,13735,0,'Brightly Colored Egg'),
(40403,13736,0,'Brightly Colored Egg'),
(40424,13736,0,'Brightly Colored Egg'),
(5540,13736,0,'Brightly Colored Egg'),
(40402,13737,0,'Brightly Colored Egg'),
(5544,13737,0,'Brightly Colored Egg'),
(5541,13737,0,'Brightly Colored Egg'),
(5548,13738,0,'Brightly Colored Egg'),
(5547,13738,0,'Brightly Colored Egg'),
(40439,13738,0,'Brightly Colored Egg'),
(5554,13739,0,'Brightly Colored Egg'),
(40422,13739,0,'Brightly Colored Egg'),
(5553,13739,0,'Brightly Colored Egg'),
(100230,13740,0,'Brightly Colored Egg'),
(100595,13740,0,'Brightly Colored Egg'),
(100960,13740,0,'Brightly Colored Egg'),
(100241,13741,0,'Brightly Colored Egg'),
(100606,13741,0,'Brightly Colored Egg'),
(100971,13741,0,'Brightly Colored Egg'),
(100055,13742,0,'Brightly Colored Egg'),
(100420,13742,0,'Brightly Colored Egg'),
(100785,13742,0,'Brightly Colored Egg'),
(100330,13743,0,'Brightly Colored Egg'),
(100695,13743,0,'Brightly Colored Egg'),
(101060,13743,0,'Brightly Colored Egg'),
(100244,13744,0,'Brightly Colored Egg'),
(100609,13744,0,'Brightly Colored Egg'),
(100974,13744,0,'Brightly Colored Egg'),
(100059,13745,0,'Brightly Colored Egg'),
(100424,13745,0,'Brightly Colored Egg'),
(100789,13745,0,'Brightly Colored Egg'),
(100324,13746,0,'Brightly Colored Egg'),
(100689,13746,0,'Brightly Colored Egg'),
(101054,13746,0,'Brightly Colored Egg'),
(100237,13747,0,'Brightly Colored Egg'),
(100602,13747,0,'Brightly Colored Egg'),
(100967,13747,0,'Brightly Colored Egg'),
(100060,13748,0,'Brightly Colored Egg'),
(100425,13748,0,'Brightly Colored Egg'),
(100790,13748,0,'Brightly Colored Egg'),
(100134,13749,0,'Brightly Colored Egg'),
(100499,13749,0,'Brightly Colored Egg'),
(100864,13749,0,'Brightly Colored Egg'),
(100242,13750,0,'Brightly Colored Egg'),
(100607,13750,0,'Brightly Colored Egg'),
(100972,13750,0,'Brightly Colored Egg'),
(100332,13751,0,'Brightly Colored Egg'),
(100697,13751,0,'Brightly Colored Egg'),
(101062,13751,0,'Brightly Colored Egg'),
(100150,13752,0,'Brightly Colored Egg'),
(100515,13752,0,'Brightly Colored Egg'),
(100880,13752,0,'Brightly Colored Egg'),
(100327,13753,0,'Brightly Colored Egg'),
(100692,13753,0,'Brightly Colored Egg'),
(101057,13753,0,'Brightly Colored Egg'),
(100138,13754,0,'Brightly Colored Egg'),
(100503,13754,0,'Brightly Colored Egg'),
(100868,13754,0,'Brightly Colored Egg'),
(100136,13755,0,'Brightly Colored Egg'),
(100501,13755,0,'Brightly Colored Egg'),
(100866,13755,0,'Brightly Colored Egg'),
(100233,13756,0,'Brightly Colored Egg'),
(100598,13756,0,'Brightly Colored Egg'),
(100963,13756,0,'Brightly Colored Egg'),
(39471,13757,0,'Brightly Colored Egg'),
(5555,13757,0,'Brightly Colored Egg'),
(5556,13757,0,'Brightly Colored Egg'),
(100143,13758,0,'Brightly Colored Egg'),
(100508,13758,0,'Brightly Colored Egg'),
(100873,13758,0,'Brightly Colored Egg'),
(100142,13759,0,'Brightly Colored Egg'),
(100507,13759,0,'Brightly Colored Egg'),
(100872,13759,0,'Brightly Colored Egg'),
(100238,13760,0,'Brightly Colored Egg'),
(100603,13760,0,'Brightly Colored Egg'),
(100968,13760,0,'Brightly Colored Egg'),
(100137,13761,0,'Brightly Colored Egg'),
(100502,13761,0,'Brightly Colored Egg'),
(100867,13761,0,'Brightly Colored Egg'),
(100140,13762,0,'Brightly Colored Egg'),
(100505,13762,0,'Brightly Colored Egg'),
(100870,13762,0,'Brightly Colored Egg'),
(100151,13763,0,'Brightly Colored Egg'),
(100516,13763,0,'Brightly Colored Egg'),
(100881,13763,0,'Brightly Colored Egg'),
(100051,13764,0,'Brightly Colored Egg'),
(100416,13764,0,'Brightly Colored Egg'),
(100781,13764,0,'Brightly Colored Egg'),
(100052,13765,0,'Brightly Colored Egg'),
(100417,13765,0,'Brightly Colored Egg'),
(100782,13765,0,'Brightly Colored Egg'),
(100054,13766,0,'Brightly Colored Egg'),
(100419,13766,0,'Brightly Colored Egg'),
(100784,13766,0,'Brightly Colored Egg'),
(100147,13767,0,'Brightly Colored Egg'),
(100512,13767,0,'Brightly Colored Egg'),
(100877,13767,0,'Brightly Colored Egg'),
(100141,13768,0,'Brightly Colored Egg'),
(100506,13768,0,'Brightly Colored Egg'),
(100871,13768,0,'Brightly Colored Egg'),
(100329,13769,0,'Brightly Colored Egg'),
(100694,13769,0,'Brightly Colored Egg'),
(101059,13769,0,'Brightly Colored Egg'),
(100050,13770,0,'Brightly Colored Egg'),
(100415,13770,0,'Brightly Colored Egg'),
(100780,13770,0,'Brightly Colored Egg'),
(100325,13771,0,'Brightly Colored Egg'),
(100690,13771,0,'Brightly Colored Egg'),
(101055,13771,0,'Brightly Colored Egg'),
(100145,13772,0,'Brightly Colored Egg'),
(100510,13772,0,'Brightly Colored Egg'),
(100875,13772,0,'Brightly Colored Egg'),
(100149,13773,0,'Brightly Colored Egg'),
(100514,13773,0,'Brightly Colored Egg'),
(100879,13773,0,'Brightly Colored Egg'),
(100133,13774,0,'Brightly Colored Egg'),
(100498,13774,0,'Brightly Colored Egg'),
(100863,13774,0,'Brightly Colored Egg'),
(100333,13775,0,'Brightly Colored Egg'),
(100698,13775,0,'Brightly Colored Egg'),
(101063,13775,0,'Brightly Colored Egg'),
(100326,13776,0,'Brightly Colored Egg'),
(100691,13776,0,'Brightly Colored Egg'),
(101056,13776,0,'Brightly Colored Egg'),
(100146,13777,0,'Brightly Colored Egg'),
(100511,13777,0,'Brightly Colored Egg'),
(100876,13777,0,'Brightly Colored Egg'),
(100234,13778,0,'Brightly Colored Egg'),
(100599,13778,0,'Brightly Colored Egg'),
(100964,13778,0,'Brightly Colored Egg'),
(100338,13779,0,'Brightly Colored Egg'),
(100703,13779,0,'Brightly Colored Egg'),
(101068,13779,0,'Brightly Colored Egg'),
(100144,13780,0,'Brightly Colored Egg'),
(100509,13780,0,'Brightly Colored Egg'),
(100874,13780,0,'Brightly Colored Egg'),
(100236,13781,0,'Brightly Colored Egg'),
(100601,13781,0,'Brightly Colored Egg'),
(100966,13781,0,'Brightly Colored Egg'),
(100336,13782,0,'Brightly Colored Egg'),
(100701,13782,0,'Brightly Colored Egg'),
(101066,13782,0,'Brightly Colored Egg'),
(100331,13783,0,'Brightly Colored Egg'),
(100696,13783,0,'Brightly Colored Egg'),
(101061,13783,0,'Brightly Colored Egg'),
(100337,13784,0,'Brightly Colored Egg'),
(100702,13784,0,'Brightly Colored Egg'),
(101067,13784,0,'Brightly Colored Egg'),
(100056,13785,0,'Brightly Colored Egg'),
(100421,13785,0,'Brightly Colored Egg'),
(100786,13785,0,'Brightly Colored Egg'),
(100231,13786,0,'Brightly Colored Egg'),
(100596,13786,0,'Brightly Colored Egg'),
(100961,13786,0,'Brightly Colored Egg'),
(100328,13787,0,'Brightly Colored Egg'),
(100693,13787,0,'Brightly Colored Egg'),
(101058,13787,0,'Brightly Colored Egg'),
(100240,13788,0,'Brightly Colored Egg'),
(100605,13788,0,'Brightly Colored Egg'),
(100970,13788,0,'Brightly Colored Egg'),
(100334,13789,0,'Brightly Colored Egg'),
(100699,13789,0,'Brightly Colored Egg'),
(101064,13789,0,'Brightly Colored Egg'),
(100053,13790,0,'Brightly Colored Egg'),
(100418,13790,0,'Brightly Colored Egg'),
(100783,13790,0,'Brightly Colored Egg'),
(100232,13791,0,'Brightly Colored Egg'),
(100597,13791,0,'Brightly Colored Egg'),
(100962,13791,0,'Brightly Colored Egg'),
(100239,13792,0,'Brightly Colored Egg'),
(100604,13792,0,'Brightly Colored Egg'),
(100969,13792,0,'Brightly Colored Egg'),
(100057,13793,0,'Brightly Colored Egg'),
(100422,13793,0,'Brightly Colored Egg'),
(100787,13793,0,'Brightly Colored Egg'),
(100049,13794,0,'Brightly Colored Egg'),
(100414,13794,0,'Brightly Colored Egg'),
(100779,13794,0,'Brightly Colored Egg'),
(100148,13795,0,'Brightly Colored Egg'),
(100513,13795,0,'Brightly Colored Egg'),
(100878,13795,0,'Brightly Colored Egg'),
(100335,13796,0,'Brightly Colored Egg'),
(100700,13796,0,'Brightly Colored Egg'),
(101065,13796,0,'Brightly Colored Egg'),
(100243,13797,0,'Brightly Colored Egg'),
(100608,13797,0,'Brightly Colored Egg'),
(100973,13797,0,'Brightly Colored Egg'),
(100139,13798,0,'Brightly Colored Egg'),
(100504,13798,0,'Brightly Colored Egg'),
(100869,13798,0,'Brightly Colored Egg'),
(100058,13799,0,'Brightly Colored Egg'),
(100423,13799,0,'Brightly Colored Egg'),
(100788,13799,0,'Brightly Colored Egg'),
(100135,13800,0,'Brightly Colored Egg'),
(100500,13800,0,'Brightly Colored Egg'),
(100865,13800,0,'Brightly Colored Egg'),
(100235,13801,0,'Brightly Colored Egg'),
(100600,13801,0,'Brightly Colored Egg'),
(100965,13801,0,'Brightly Colored Egg'),
(5557,13802,0,'Brightly Colored Egg'),
(40423,13802,0,'Brightly Colored Egg'),
(5584,13802,0,'Brightly Colored Egg'),
(39472,13803,0,'Brightly Colored Egg'),
(5558,13803,0,'Brightly Colored Egg'),
(5585,13803,0,'Brightly Colored Egg'),
(40414,13804,0,'Brightly Colored Egg'),
(5559,13804,0,'Brightly Colored Egg'),
(5586,13804,0,'Brightly Colored Egg'),
(40415,13805,0,'Brightly Colored Egg'),
(5560,13805,0,'Brightly Colored Egg'),
(5587,13805,0,'Brightly Colored Egg'),
(5561,13806,0,'Brightly Colored Egg'),
(40435,13806,0,'Brightly Colored Egg'),
(5588,13806,0,'Brightly Colored Egg'),
(101204,13807,0,'Brightly Colored Egg'),
(101253,13807,0,'Brightly Colored Egg'),
(101302,13807,0,'Brightly Colored Egg'),
(101193,13808,0,'Brightly Colored Egg'),
(101242,13808,0,'Brightly Colored Egg'),
(101291,13808,0,'Brightly Colored Egg'),
(101227,13809,0,'Brightly Colored Egg'),
(101276,13809,0,'Brightly Colored Egg'),
(101325,13809,0,'Brightly Colored Egg'),
(101226,13810,0,'Brightly Colored Egg'),
(101275,13810,0,'Brightly Colored Egg'),
(101324,13810,0,'Brightly Colored Egg'),
(101197,13811,0,'Brightly Colored Egg'),
(101246,13811,0,'Brightly Colored Egg'),
(101295,13811,0,'Brightly Colored Egg'),
(101216,13812,0,'Brightly Colored Egg'),
(101265,13812,0,'Brightly Colored Egg'),
(101314,13812,0,'Brightly Colored Egg'),
(101222,13813,0,'Brightly Colored Egg'),
(101271,13813,0,'Brightly Colored Egg'),
(101320,13813,0,'Brightly Colored Egg'),
(101203,13814,0,'Brightly Colored Egg'),
(101252,13814,0,'Brightly Colored Egg'),
(101301,13814,0,'Brightly Colored Egg'),
(101206,13815,0,'Brightly Colored Egg'),
(101255,13815,0,'Brightly Colored Egg'),
(101304,13815,0,'Brightly Colored Egg'),
(101194,13816,0,'Brightly Colored Egg'),
(101243,13816,0,'Brightly Colored Egg'),
(101292,13816,0,'Brightly Colored Egg'),
(101221,13817,0,'Brightly Colored Egg'),
(101270,13817,0,'Brightly Colored Egg'),
(101319,13817,0,'Brightly Colored Egg'),
(101220,13818,0,'Brightly Colored Egg'),
(101269,13818,0,'Brightly Colored Egg'),
(101318,13818,0,'Brightly Colored Egg'),
(101233,13819,0,'Brightly Colored Egg'),
(101282,13819,0,'Brightly Colored Egg'),
(101331,13819,0,'Brightly Colored Egg'),
(101236,13820,0,'Brightly Colored Egg'),
(101285,13820,0,'Brightly Colored Egg'),
(101334,13820,0,'Brightly Colored Egg'),
(101199,13821,0,'Brightly Colored Egg'),
(101248,13821,0,'Brightly Colored Egg'),
(101297,13821,0,'Brightly Colored Egg'),
(101196,13822,0,'Brightly Colored Egg'),
(101245,13822,0,'Brightly Colored Egg'),
(101294,13822,0,'Brightly Colored Egg'),
(101240,13823,0,'Brightly Colored Egg'),
(101289,13823,0,'Brightly Colored Egg'),
(101338,13823,0,'Brightly Colored Egg'),
(101238,13824,0,'Brightly Colored Egg'),
(101287,13824,0,'Brightly Colored Egg'),
(101336,13824,0,'Brightly Colored Egg'),
(101213,13825,0,'Brightly Colored Egg'),
(101262,13825,0,'Brightly Colored Egg'),
(101311,13825,0,'Brightly Colored Egg'),
(101219,13826,0,'Brightly Colored Egg'),
(101268,13826,0,'Brightly Colored Egg'),
(101317,13826,0,'Brightly Colored Egg'),
(101210,13827,0,'Brightly Colored Egg'),
(101259,13827,0,'Brightly Colored Egg'),
(101308,13827,0,'Brightly Colored Egg'),
(101218,13828,0,'Brightly Colored Egg'),
(101267,13828,0,'Brightly Colored Egg'),
(101316,13828,0,'Brightly Colored Egg'),
(101231,13829,0,'Brightly Colored Egg'),
(101280,13829,0,'Brightly Colored Egg'),
(101329,13829,0,'Brightly Colored Egg'),
(101239,13830,0,'Brightly Colored Egg'),
(101288,13830,0,'Brightly Colored Egg'),
(101337,13830,0,'Brightly Colored Egg'),
(101224,13831,0,'Brightly Colored Egg'),
(101273,13831,0,'Brightly Colored Egg'),
(101322,13831,0,'Brightly Colored Egg'),
(101212,13832,0,'Brightly Colored Egg'),
(101261,13832,0,'Brightly Colored Egg'),
(101310,13832,0,'Brightly Colored Egg'),
(101201,13833,0,'Brightly Colored Egg'),
(101250,13833,0,'Brightly Colored Egg'),
(101299,13833,0,'Brightly Colored Egg'),
(101234,13834,0,'Brightly Colored Egg'),
(101283,13834,0,'Brightly Colored Egg'),
(101332,13834,0,'Brightly Colored Egg'),
(101202,13835,0,'Brightly Colored Egg'),
(101251,13835,0,'Brightly Colored Egg'),
(101300,13835,0,'Brightly Colored Egg'),
(101214,13836,0,'Brightly Colored Egg'),
(101263,13836,0,'Brightly Colored Egg'),
(101312,13836,0,'Brightly Colored Egg'),
(101198,13837,0,'Brightly Colored Egg'),
(101247,13837,0,'Brightly Colored Egg'),
(101296,13837,0,'Brightly Colored Egg'),
(101200,13838,0,'Brightly Colored Egg'),
(101249,13838,0,'Brightly Colored Egg'),
(101298,13838,0,'Brightly Colored Egg'),
(101228,13839,0,'Brightly Colored Egg'),
(101277,13839,0,'Brightly Colored Egg'),
(101326,13839,0,'Brightly Colored Egg'),
(101215,13840,0,'Brightly Colored Egg'),
(101264,13840,0,'Brightly Colored Egg'),
(101313,13840,0,'Brightly Colored Egg'),
(101217,13841,0,'Brightly Colored Egg'),
(101266,13841,0,'Brightly Colored Egg'),
(101315,13841,0,'Brightly Colored Egg'),
(101230,13842,0,'Brightly Colored Egg'),
(101279,13842,0,'Brightly Colored Egg'),
(101328,13842,0,'Brightly Colored Egg'),
(101237,13843,0,'Brightly Colored Egg'),
(101286,13843,0,'Brightly Colored Egg'),
(101335,13843,0,'Brightly Colored Egg'),
(101208,13844,0,'Brightly Colored Egg'),
(101257,13844,0,'Brightly Colored Egg'),
(101306,13844,0,'Brightly Colored Egg'),
(101211,13845,0,'Brightly Colored Egg'),
(101260,13845,0,'Brightly Colored Egg'),
(101309,13845,0,'Brightly Colored Egg'),
(101223,13846,0,'Brightly Colored Egg'),
(101272,13846,0,'Brightly Colored Egg'),
(101321,13846,0,'Brightly Colored Egg'),
(101225,13847,0,'Brightly Colored Egg'),
(101274,13847,0,'Brightly Colored Egg'),
(101323,13847,0,'Brightly Colored Egg'),
(101229,13848,0,'Brightly Colored Egg'),
(101278,13848,0,'Brightly Colored Egg'),
(101327,13848,0,'Brightly Colored Egg'),
(101192,13849,0,'Brightly Colored Egg'),
(101241,13849,0,'Brightly Colored Egg'),
(101290,13849,0,'Brightly Colored Egg'),
(101232,13850,0,'Brightly Colored Egg'),
(101281,13850,0,'Brightly Colored Egg'),
(101330,13850,0,'Brightly Colored Egg'),
(101195,13851,0,'Brightly Colored Egg'),
(101244,13851,0,'Brightly Colored Egg'),
(101293,13851,0,'Brightly Colored Egg'),
(101205,13852,0,'Brightly Colored Egg'),
(101254,13852,0,'Brightly Colored Egg'),
(101303,13852,0,'Brightly Colored Egg'),
(101209,13853,0,'Brightly Colored Egg'),
(101258,13853,0,'Brightly Colored Egg'),
(101307,13853,0,'Brightly Colored Egg'),
(101235,13854,0,'Brightly Colored Egg'),
(101284,13854,0,'Brightly Colored Egg'),
(101333,13854,0,'Brightly Colored Egg'),
(101207,13855,0,'Brightly Colored Egg'),
(101256,13855,0,'Brightly Colored Egg'),
(101305,13855,0,'Brightly Colored Egg'),
(5668,13856,0,'Brightly Colored Egg'),
(5592,13856,0,'Brightly Colored Egg'),
(40443,13856,0,'Brightly Colored Egg'),
(40411,13857,0,'Brightly Colored Egg'),
(5562,13857,0,'Brightly Colored Egg'),
(5594,13857,0,'Brightly Colored Egg'),
(100263,13858,0,'Brightly Colored Egg'),
(100628,13858,0,'Brightly Colored Egg'),
(100993,13858,0,'Brightly Colored Egg'),
(100355,13859,0,'Brightly Colored Egg'),
(100720,13859,0,'Brightly Colored Egg'),
(101085,13859,0,'Brightly Colored Egg'),
(100175,13860,0,'Brightly Colored Egg'),
(100540,13860,0,'Brightly Colored Egg'),
(100905,13860,0,'Brightly Colored Egg'),
(100274,13861,0,'Brightly Colored Egg'),
(100639,13861,0,'Brightly Colored Egg'),
(101004,13861,0,'Brightly Colored Egg'),
(100084,13862,0,'Brightly Colored Egg'),
(100449,13862,0,'Brightly Colored Egg'),
(100814,13862,0,'Brightly Colored Egg'),
(100358,13863,0,'Brightly Colored Egg'),
(100723,13863,0,'Brightly Colored Egg'),
(101088,13863,0,'Brightly Colored Egg'),
(100174,13864,0,'Brightly Colored Egg'),
(100539,13864,0,'Brightly Colored Egg'),
(100904,13864,0,'Brightly Colored Egg'),
(100266,13865,0,'Brightly Colored Egg'),
(100631,13865,0,'Brightly Colored Egg'),
(100996,13865,0,'Brightly Colored Egg'),
(100081,13866,0,'Brightly Colored Egg'),
(100446,13866,0,'Brightly Colored Egg'),
(100811,13866,0,'Brightly Colored Egg'),
(100176,13867,0,'Brightly Colored Egg'),
(100541,13867,0,'Brightly Colored Egg'),
(100906,13867,0,'Brightly Colored Egg'),
(100272,13868,0,'Brightly Colored Egg'),
(100637,13868,0,'Brightly Colored Egg'),
(101002,13868,0,'Brightly Colored Egg'),
(100264,13869,0,'Brightly Colored Egg'),
(100629,13869,0,'Brightly Colored Egg'),
(100994,13869,0,'Brightly Colored Egg'),
(100082,13870,0,'Brightly Colored Egg'),
(100447,13870,0,'Brightly Colored Egg'),
(100812,13870,0,'Brightly Colored Egg'),
(100360,13871,0,'Brightly Colored Egg'),
(100725,13871,0,'Brightly Colored Egg'),
(101090,13871,0,'Brightly Colored Egg'),
(100270,13872,0,'Brightly Colored Egg'),
(100635,13872,0,'Brightly Colored Egg'),
(101000,13872,0,'Brightly Colored Egg'),
(100167,13873,0,'Brightly Colored Egg'),
(100532,13873,0,'Brightly Colored Egg'),
(100897,13873,0,'Brightly Colored Egg'),
(100273,13874,0,'Brightly Colored Egg'),
(100638,13874,0,'Brightly Colored Egg'),
(101003,13874,0,'Brightly Colored Egg'),
(100265,13875,0,'Brightly Colored Egg'),
(100630,13875,0,'Brightly Colored Egg'),
(100995,13875,0,'Brightly Colored Egg'),
(100178,13876,0,'Brightly Colored Egg'),
(100543,13876,0,'Brightly Colored Egg'),
(100908,13876,0,'Brightly Colored Egg'),
(100372,13877,0,'Brightly Colored Egg'),
(100737,13877,0,'Brightly Colored Egg'),
(101102,13877,0,'Brightly Colored Egg'),
(100079,13878,0,'Brightly Colored Egg'),
(100444,13878,0,'Brightly Colored Egg'),
(100809,13878,0,'Brightly Colored Egg'),
(100269,13879,0,'Brightly Colored Egg'),
(100634,13879,0,'Brightly Colored Egg'),
(100999,13879,0,'Brightly Colored Egg'),
(100366,13880,0,'Brightly Colored Egg'),
(100731,13880,0,'Brightly Colored Egg'),
(101096,13880,0,'Brightly Colored Egg'),
(100370,13881,0,'Brightly Colored Egg'),
(100735,13881,0,'Brightly Colored Egg'),
(101100,13881,0,'Brightly Colored Egg'),
(100276,13882,0,'Brightly Colored Egg'),
(100641,13882,0,'Brightly Colored Egg'),
(101006,13882,0,'Brightly Colored Egg'),
(100271,13883,0,'Brightly Colored Egg'),
(100636,13883,0,'Brightly Colored Egg'),
(101001,13883,0,'Brightly Colored Egg'),
(100361,13884,0,'Brightly Colored Egg'),
(100726,13884,0,'Brightly Colored Egg'),
(101091,13884,0,'Brightly Colored Egg'),
(100275,13885,0,'Brightly Colored Egg'),
(100640,13885,0,'Brightly Colored Egg'),
(101005,13885,0,'Brightly Colored Egg'),
(100086,13886,0,'Brightly Colored Egg'),
(100451,13886,0,'Brightly Colored Egg'),
(100816,13886,0,'Brightly Colored Egg'),
(100351,13887,0,'Brightly Colored Egg'),
(100716,13887,0,'Brightly Colored Egg'),
(101081,13887,0,'Brightly Colored Egg'),
(100363,13888,0,'Brightly Colored Egg'),
(100728,13888,0,'Brightly Colored Egg'),
(101093,13888,0,'Brightly Colored Egg'),
(100267,13889,0,'Brightly Colored Egg'),
(100632,13889,0,'Brightly Colored Egg'),
(100997,13889,0,'Brightly Colored Egg'),
(100180,13890,0,'Brightly Colored Egg'),
(100545,13890,0,'Brightly Colored Egg'),
(100910,13890,0,'Brightly Colored Egg'),
(100364,13891,0,'Brightly Colored Egg'),
(100729,13891,0,'Brightly Colored Egg'),
(101094,13891,0,'Brightly Colored Egg'),
(100083,13892,0,'Brightly Colored Egg'),
(100448,13892,0,'Brightly Colored Egg'),
(100813,13892,0,'Brightly Colored Egg'),
(100085,13893,0,'Brightly Colored Egg'),
(100450,13893,0,'Brightly Colored Egg'),
(100815,13893,0,'Brightly Colored Egg'),
(100169,13894,0,'Brightly Colored Egg'),
(100534,13894,0,'Brightly Colored Egg'),
(100899,13894,0,'Brightly Colored Egg'),
(100368,13895,0,'Brightly Colored Egg'),
(100733,13895,0,'Brightly Colored Egg'),
(101098,13895,0,'Brightly Colored Egg'),
(100171,13896,0,'Brightly Colored Egg'),
(100536,13896,0,'Brightly Colored Egg'),
(100901,13896,0,'Brightly Colored Egg'),
(100356,13897,0,'Brightly Colored Egg'),
(100721,13897,0,'Brightly Colored Egg'),
(101086,13897,0,'Brightly Colored Egg'),
(100080,13898,0,'Brightly Colored Egg'),
(100445,13898,0,'Brightly Colored Egg'),
(100810,13898,0,'Brightly Colored Egg'),
(100369,13899,0,'Brightly Colored Egg'),
(100734,13899,0,'Brightly Colored Egg'),
(101099,13899,0,'Brightly Colored Egg'),
(100268,13900,0,'Brightly Colored Egg'),
(100633,13900,0,'Brightly Colored Egg'),
(100998,13900,0,'Brightly Colored Egg'),
(100354,13901,0,'Brightly Colored Egg'),
(100719,13901,0,'Brightly Colored Egg'),
(101084,13901,0,'Brightly Colored Egg'),
(100170,13902,0,'Brightly Colored Egg'),
(100535,13902,0,'Brightly Colored Egg'),
(100900,13902,0,'Brightly Colored Egg'),
(100371,13903,0,'Brightly Colored Egg'),
(100736,13903,0,'Brightly Colored Egg'),
(101101,13903,0,'Brightly Colored Egg'),
(100357,13904,0,'Brightly Colored Egg'),
(100722,13904,0,'Brightly Colored Egg'),
(101087,13904,0,'Brightly Colored Egg'),
(100353,13905,0,'Brightly Colored Egg'),
(100718,13905,0,'Brightly Colored Egg'),
(101083,13905,0,'Brightly Colored Egg'),
(100078,13906,0,'Brightly Colored Egg'),
(100443,13906,0,'Brightly Colored Egg'),
(100808,13906,0,'Brightly Colored Egg'),
(100277,13907,0,'Brightly Colored Egg'),
(100642,13907,0,'Brightly Colored Egg'),
(101007,13907,0,'Brightly Colored Egg'),
(100173,13908,0,'Brightly Colored Egg'),
(100538,13908,0,'Brightly Colored Egg'),
(100903,13908,0,'Brightly Colored Egg'),
(100179,13909,0,'Brightly Colored Egg'),
(100544,13909,0,'Brightly Colored Egg'),
(100909,13909,0,'Brightly Colored Egg'),
(100172,13910,0,'Brightly Colored Egg'),
(100537,13910,0,'Brightly Colored Egg'),
(100902,13910,0,'Brightly Colored Egg'),
(100362,13911,0,'Brightly Colored Egg'),
(100727,13911,0,'Brightly Colored Egg'),
(101092,13911,0,'Brightly Colored Egg'),
(100359,13912,0,'Brightly Colored Egg'),
(100724,13912,0,'Brightly Colored Egg'),
(101089,13912,0,'Brightly Colored Egg'),
(100166,13913,0,'Brightly Colored Egg'),
(100531,13913,0,'Brightly Colored Egg'),
(100896,13913,0,'Brightly Colored Egg'),
(100365,13914,0,'Brightly Colored Egg'),
(100730,13914,0,'Brightly Colored Egg'),
(101095,13914,0,'Brightly Colored Egg'),
(100168,13915,0,'Brightly Colored Egg'),
(100533,13915,0,'Brightly Colored Egg'),
(100898,13915,0,'Brightly Colored Egg'),
(100367,13916,0,'Brightly Colored Egg'),
(100732,13916,0,'Brightly Colored Egg'),
(101097,13916,0,'Brightly Colored Egg'),
(100177,13917,0,'Brightly Colored Egg'),
(100542,13917,0,'Brightly Colored Egg'),
(100907,13917,0,'Brightly Colored Egg'),
(100352,13918,0,'Brightly Colored Egg'),
(100717,13918,0,'Brightly Colored Egg'),
(101082,13918,0,'Brightly Colored Egg'),
(5564,13919,0,'Brightly Colored Egg'),
(40432,13919,0,'Brightly Colored Egg'),
(5595,13919,0,'Brightly Colored Egg'),
(40410,13920,0,'Brightly Colored Egg'),
(5565,13920,0,'Brightly Colored Egg'),
(5596,13920,0,'Brightly Colored Egg'),
(5568,13921,0,'Brightly Colored Egg'),
(40420,13921,0,'Brightly Colored Egg'),
(5601,13921,0,'Brightly Colored Egg'),
(40408,13922,0,'Brightly Colored Egg'),
(5569,13922,0,'Brightly Colored Egg'),
(5603,13922,0,'Brightly Colored Egg'),
(5669,13923,0,'Brightly Colored Egg'),
(5604,13923,0,'Brightly Colored Egg'),
(40442,13923,0,'Brightly Colored Egg'),
(5570,13924,0,'Brightly Colored Egg'),
(40431,13924,0,'Brightly Colored Egg'),
(5606,13924,0,'Brightly Colored Egg'),
(40409,13925,0,'Brightly Colored Egg'),
(5571,13925,0,'Brightly Colored Egg'),
(5611,13925,0,'Brightly Colored Egg'),
(5572,13926,0,'Brightly Colored Egg'),
(40419,13926,0,'Brightly Colored Egg'),
(5612,13926,0,'Brightly Colored Egg'),
(5670,13927,0,'Brightly Colored Egg'),
(5613,13927,0,'Brightly Colored Egg'),
(40438,13927,0,'Brightly Colored Egg'),
(39470,13928,0,'Brightly Colored Egg'),
(5573,13928,0,'Brightly Colored Egg'),
(5614,13928,0,'Brightly Colored Egg'),
(5574,13929,0,'Brightly Colored Egg'),
(40428,13929,0,'Brightly Colored Egg'),
(5617,13929,0,'Brightly Colored Egg'),
(39469,13930,0,'Brightly Colored Egg'),
(40433,13930,0,'Brightly Colored Egg'),
(5622,13930,0,'Brightly Colored Egg'),
(5575,13931,0,'Brightly Colored Egg'),
(40418,13931,0,'Brightly Colored Egg'),
(5624,13931,0,'Brightly Colored Egg'),
(100279,13932,0,'Brightly Colored Egg'),
(100644,13932,0,'Brightly Colored Egg'),
(101009,13932,0,'Brightly Colored Egg'),
(100197,13933,0,'Brightly Colored Egg'),
(100562,13933,0,'Brightly Colored Egg'),
(100927,13933,0,'Brightly Colored Egg'),
(100280,13934,0,'Brightly Colored Egg'),
(100645,13934,0,'Brightly Colored Egg'),
(101010,13934,0,'Brightly Colored Egg'),
(100101,13935,0,'Brightly Colored Egg'),
(100466,13935,0,'Brightly Colored Egg'),
(100831,13935,0,'Brightly Colored Egg'),
(100375,13936,0,'Brightly Colored Egg'),
(100740,13936,0,'Brightly Colored Egg'),
(101105,13936,0,'Brightly Colored Egg'),
(100183,13937,0,'Brightly Colored Egg'),
(100548,13937,0,'Brightly Colored Egg'),
(100913,13937,0,'Brightly Colored Egg'),
(100100,13938,0,'Brightly Colored Egg'),
(100465,13938,0,'Brightly Colored Egg'),
(100830,13938,0,'Brightly Colored Egg'),
(100378,13939,0,'Brightly Colored Egg'),
(100743,13939,0,'Brightly Colored Egg'),
(101108,13939,0,'Brightly Colored Egg'),
(100196,13940,0,'Brightly Colored Egg'),
(100561,13940,0,'Brightly Colored Egg'),
(100926,13940,0,'Brightly Colored Egg'),
(100282,13941,0,'Brightly Colored Egg'),
(100647,13941,0,'Brightly Colored Egg'),
(101012,13941,0,'Brightly Colored Egg'),
(100289,13942,0,'Brightly Colored Egg'),
(100654,13942,0,'Brightly Colored Egg'),
(101019,13942,0,'Brightly Colored Egg'),
(100281,13943,0,'Brightly Colored Egg'),
(100646,13943,0,'Brightly Colored Egg'),
(101011,13943,0,'Brightly Colored Egg'),
(100195,13944,0,'Brightly Colored Egg'),
(100560,13944,0,'Brightly Colored Egg'),
(100925,13944,0,'Brightly Colored Egg'),
(100189,13945,0,'Brightly Colored Egg'),
(100554,13945,0,'Brightly Colored Egg'),
(100919,13945,0,'Brightly Colored Egg'),
(100377,13946,0,'Brightly Colored Egg'),
(100742,13946,0,'Brightly Colored Egg'),
(101107,13946,0,'Brightly Colored Egg'),
(100382,13947,0,'Brightly Colored Egg'),
(100747,13947,0,'Brightly Colored Egg'),
(101112,13947,0,'Brightly Colored Egg'),
(100278,13948,0,'Brightly Colored Egg'),
(100643,13948,0,'Brightly Colored Egg'),
(101008,13948,0,'Brightly Colored Egg'),
(100385,13949,0,'Brightly Colored Egg'),
(100750,13949,0,'Brightly Colored Egg'),
(101115,13949,0,'Brightly Colored Egg'),
(100380,13950,0,'Brightly Colored Egg'),
(100745,13950,0,'Brightly Colored Egg'),
(101110,13950,0,'Brightly Colored Egg'),
(100096,13951,0,'Brightly Colored Egg'),
(100461,13951,0,'Brightly Colored Egg'),
(100826,13951,0,'Brightly Colored Egg'),
(100093,13952,0,'Brightly Colored Egg'),
(100458,13952,0,'Brightly Colored Egg'),
(100823,13952,0,'Brightly Colored Egg'),
(100381,13953,0,'Brightly Colored Egg'),
(100746,13953,0,'Brightly Colored Egg'),
(101111,13953,0,'Brightly Colored Egg'),
(100184,13954,0,'Brightly Colored Egg'),
(100549,13954,0,'Brightly Colored Egg'),
(100914,13954,0,'Brightly Colored Egg'),
(100194,13955,0,'Brightly Colored Egg'),
(100559,13955,0,'Brightly Colored Egg'),
(100924,13955,0,'Brightly Colored Egg'),
(100181,13956,0,'Brightly Colored Egg'),
(100546,13956,0,'Brightly Colored Egg'),
(100911,13956,0,'Brightly Colored Egg'),
(100087,13957,0,'Brightly Colored Egg'),
(100452,13957,0,'Brightly Colored Egg'),
(100817,13957,0,'Brightly Colored Egg'),
(100182,13958,0,'Brightly Colored Egg'),
(100547,13958,0,'Brightly Colored Egg'),
(100912,13958,0,'Brightly Colored Egg'),
(100192,13959,0,'Brightly Colored Egg'),
(100557,13959,0,'Brightly Colored Egg'),
(100922,13959,0,'Brightly Colored Egg'),
(100099,13960,0,'Brightly Colored Egg'),
(100464,13960,0,'Brightly Colored Egg'),
(100829,13960,0,'Brightly Colored Egg'),
(100190,13961,0,'Brightly Colored Egg'),
(100555,13961,0,'Brightly Colored Egg'),
(100920,13961,0,'Brightly Colored Egg'),
(100191,13962,0,'Brightly Colored Egg'),
(100556,13962,0,'Brightly Colored Egg'),
(100921,13962,0,'Brightly Colored Egg'),
(100376,13963,0,'Brightly Colored Egg'),
(100741,13963,0,'Brightly Colored Egg'),
(101106,13963,0,'Brightly Colored Egg'),
(100283,13964,0,'Brightly Colored Egg'),
(100648,13964,0,'Brightly Colored Egg'),
(101013,13964,0,'Brightly Colored Egg'),
(100200,13965,0,'Brightly Colored Egg'),
(100565,13965,0,'Brightly Colored Egg'),
(100930,13965,0,'Brightly Colored Egg'),
(100089,13966,0,'Brightly Colored Egg'),
(100454,13966,0,'Brightly Colored Egg'),
(100819,13966,0,'Brightly Colored Egg'),
(100198,13967,0,'Brightly Colored Egg'),
(100563,13967,0,'Brightly Colored Egg'),
(100928,13967,0,'Brightly Colored Egg'),
(100285,13968,0,'Brightly Colored Egg'),
(100650,13968,0,'Brightly Colored Egg'),
(101015,13968,0,'Brightly Colored Egg'),
(100095,13969,0,'Brightly Colored Egg'),
(100460,13969,0,'Brightly Colored Egg'),
(100825,13969,0,'Brightly Colored Egg'),
(100287,13970,0,'Brightly Colored Egg'),
(100652,13970,0,'Brightly Colored Egg'),
(101017,13970,0,'Brightly Colored Egg'),
(100384,13971,0,'Brightly Colored Egg'),
(100749,13971,0,'Brightly Colored Egg'),
(101114,13971,0,'Brightly Colored Egg'),
(100379,13972,0,'Brightly Colored Egg'),
(100744,13972,0,'Brightly Colored Egg'),
(101109,13972,0,'Brightly Colored Egg'),
(100094,13973,0,'Brightly Colored Egg'),
(100459,13973,0,'Brightly Colored Egg'),
(100824,13973,0,'Brightly Colored Egg'),
(100092,13974,0,'Brightly Colored Egg'),
(100457,13974,0,'Brightly Colored Egg'),
(100822,13974,0,'Brightly Colored Egg'),
(100185,13975,0,'Brightly Colored Egg'),
(100550,13975,0,'Brightly Colored Egg'),
(100915,13975,0,'Brightly Colored Egg'),
(100188,13976,0,'Brightly Colored Egg'),
(100553,13976,0,'Brightly Colored Egg'),
(100918,13976,0,'Brightly Colored Egg'),
(100187,13977,0,'Brightly Colored Egg'),
(100552,13977,0,'Brightly Colored Egg'),
(100917,13977,0,'Brightly Colored Egg'),
(100091,13978,0,'Brightly Colored Egg'),
(100456,13978,0,'Brightly Colored Egg'),
(100821,13978,0,'Brightly Colored Egg'),
(100098,13979,0,'Brightly Colored Egg'),
(100463,13979,0,'Brightly Colored Egg'),
(100828,13979,0,'Brightly Colored Egg'),
(100288,13980,0,'Brightly Colored Egg'),
(100653,13980,0,'Brightly Colored Egg'),
(101018,13980,0,'Brightly Colored Egg'),
(100383,13981,0,'Brightly Colored Egg'),
(100748,13981,0,'Brightly Colored Egg'),
(101113,13981,0,'Brightly Colored Egg'),
(100374,13982,0,'Brightly Colored Egg'),
(100739,13982,0,'Brightly Colored Egg'),
(101104,13982,0,'Brightly Colored Egg'),
(100186,13983,0,'Brightly Colored Egg'),
(100551,13983,0,'Brightly Colored Egg'),
(100916,13983,0,'Brightly Colored Egg'),
(100199,13984,0,'Brightly Colored Egg'),
(100564,13984,0,'Brightly Colored Egg'),
(100929,13984,0,'Brightly Colored Egg'),
(100373,13985,0,'Brightly Colored Egg'),
(100738,13985,0,'Brightly Colored Egg'),
(101103,13985,0,'Brightly Colored Egg'),
(100090,13986,0,'Brightly Colored Egg'),
(100455,13986,0,'Brightly Colored Egg'),
(100820,13986,0,'Brightly Colored Egg'),
(100286,13987,0,'Brightly Colored Egg'),
(100651,13987,0,'Brightly Colored Egg'),
(101016,13987,0,'Brightly Colored Egg'),
(100284,13988,0,'Brightly Colored Egg'),
(100649,13988,0,'Brightly Colored Egg'),
(101014,13988,0,'Brightly Colored Egg'),
(100097,13989,0,'Brightly Colored Egg'),
(100462,13989,0,'Brightly Colored Egg'),
(100827,13989,0,'Brightly Colored Egg'),
(100088,13990,0,'Brightly Colored Egg'),
(100453,13990,0,'Brightly Colored Egg'),
(100818,13990,0,'Brightly Colored Egg'),
(100193,13991,0,'Brightly Colored Egg'),
(100558,13991,0,'Brightly Colored Egg'),
(100923,13991,0,'Brightly Colored Egg'),
(40412,13992,0,'Brightly Colored Egg'),
(40426,13992,0,'Brightly Colored Egg'),
(5628,13992,0,'Brightly Colored Egg'),
(40405,13993,0,'Brightly Colored Egg'),
(40434,13993,0,'Brightly Colored Egg'),
(5629,13993,0,'Brightly Colored Egg'),
(40413,13994,0,'Brightly Colored Egg'),
(40427,13994,0,'Brightly Colored Egg'),
(5632,13994,0,'Brightly Colored Egg'),
(40421,13995,0,'Brightly Colored Egg'),
(5633,13995,0,'Brightly Colored Egg'),
(40404,13995,0,'Brightly Colored Egg'),
(100063,13996,0,'Brightly Colored Egg'),
(100428,13996,0,'Brightly Colored Egg'),
(100793,13996,0,'Brightly Colored Egg'),
(100341,13997,0,'Brightly Colored Egg'),
(100706,13997,0,'Brightly Colored Egg'),
(101071,13997,0,'Brightly Colored Egg'),
(100160,13998,0,'Brightly Colored Egg'),
(100525,13998,0,'Brightly Colored Egg'),
(100890,13998,0,'Brightly Colored Egg'),
(100159,13999,0,'Brightly Colored Egg'),
(100524,13999,0,'Brightly Colored Egg'),
(100889,13999,0,'Brightly Colored Egg'),
(100348,14000,0,'Brightly Colored Egg'),
(100713,14000,0,'Brightly Colored Egg'),
(101078,14000,0,'Brightly Colored Egg'),
(100071,14001,0,'Brightly Colored Egg'),
(100436,14001,0,'Brightly Colored Egg'),
(100801,14001,0,'Brightly Colored Egg'),
(100152,14002,0,'Brightly Colored Egg'),
(100517,14002,0,'Brightly Colored Egg'),
(100882,14002,0,'Brightly Colored Egg'),
(100156,14003,0,'Brightly Colored Egg'),
(100521,14003,0,'Brightly Colored Egg'),
(100886,14003,0,'Brightly Colored Egg'),
(100260,14004,0,'Brightly Colored Egg'),
(100625,14004,0,'Brightly Colored Egg'),
(100990,14004,0,'Brightly Colored Egg'),
(100245,14005,0,'Brightly Colored Egg'),
(100610,14005,0,'Brightly Colored Egg'),
(100975,14005,0,'Brightly Colored Egg'),
(100255,14006,0,'Brightly Colored Egg'),
(100620,14006,0,'Brightly Colored Egg'),
(100985,14006,0,'Brightly Colored Egg'),
(100069,14007,0,'Brightly Colored Egg'),
(100434,14007,0,'Brightly Colored Egg'),
(100799,14007,0,'Brightly Colored Egg'),
(100253,14008,0,'Brightly Colored Egg'),
(100618,14008,0,'Brightly Colored Egg'),
(100983,14008,0,'Brightly Colored Egg'),
(100347,14009,0,'Brightly Colored Egg'),
(100712,14009,0,'Brightly Colored Egg'),
(101077,14009,0,'Brightly Colored Egg'),
(100154,14010,0,'Brightly Colored Egg'),
(100519,14010,0,'Brightly Colored Egg'),
(100884,14010,0,'Brightly Colored Egg'),
(100258,14011,0,'Brightly Colored Egg'),
(100623,14011,0,'Brightly Colored Egg'),
(100988,14011,0,'Brightly Colored Egg'),
(100067,14012,0,'Brightly Colored Egg'),
(100432,14012,0,'Brightly Colored Egg'),
(100797,14012,0,'Brightly Colored Egg'),
(100157,14013,0,'Brightly Colored Egg'),
(100522,14013,0,'Brightly Colored Egg'),
(100887,14013,0,'Brightly Colored Egg'),
(100262,14014,0,'Brightly Colored Egg'),
(100627,14014,0,'Brightly Colored Egg'),
(100992,14014,0,'Brightly Colored Egg'),
(100344,14015,0,'Brightly Colored Egg'),
(100709,14015,0,'Brightly Colored Egg'),
(101074,14015,0,'Brightly Colored Egg'),
(100077,14016,0,'Brightly Colored Egg'),
(100442,14016,0,'Brightly Colored Egg'),
(100807,14016,0,'Brightly Colored Egg'),
(100163,14017,0,'Brightly Colored Egg'),
(100528,14017,0,'Brightly Colored Egg'),
(100893,14017,0,'Brightly Colored Egg'),
(100246,14018,0,'Brightly Colored Egg'),
(100611,14018,0,'Brightly Colored Egg'),
(100976,14018,0,'Brightly Colored Egg'),
(100158,14019,0,'Brightly Colored Egg'),
(100523,14019,0,'Brightly Colored Egg'),
(100888,14019,0,'Brightly Colored Egg'),
(100256,14020,0,'Brightly Colored Egg'),
(100621,14020,0,'Brightly Colored Egg'),
(100986,14020,0,'Brightly Colored Egg'),
(100251,14021,0,'Brightly Colored Egg'),
(100616,14021,0,'Brightly Colored Egg'),
(100981,14021,0,'Brightly Colored Egg'),
(100250,14022,0,'Brightly Colored Egg'),
(100615,14022,0,'Brightly Colored Egg'),
(100980,14022,0,'Brightly Colored Egg'),
(100073,14023,0,'Brightly Colored Egg'),
(100438,14023,0,'Brightly Colored Egg'),
(100803,14023,0,'Brightly Colored Egg'),
(100346,14024,0,'Brightly Colored Egg'),
(100711,14024,0,'Brightly Colored Egg'),
(101076,14024,0,'Brightly Colored Egg'),
(100164,14025,0,'Brightly Colored Egg'),
(100529,14025,0,'Brightly Colored Egg'),
(100894,14025,0,'Brightly Colored Egg'),
(100254,14026,0,'Brightly Colored Egg'),
(100619,14026,0,'Brightly Colored Egg'),
(100984,14026,0,'Brightly Colored Egg'),
(100068,14027,0,'Brightly Colored Egg'),
(100433,14027,0,'Brightly Colored Egg'),
(100798,14027,0,'Brightly Colored Egg'),
(100072,14028,0,'Brightly Colored Egg'),
(100437,14028,0,'Brightly Colored Egg'),
(100802,14028,0,'Brightly Colored Egg'),
(100076,14029,0,'Brightly Colored Egg'),
(100441,14029,0,'Brightly Colored Egg'),
(100806,14029,0,'Brightly Colored Egg'),
(100161,14030,0,'Brightly Colored Egg'),
(100526,14030,0,'Brightly Colored Egg'),
(100891,14030,0,'Brightly Colored Egg'),
(100350,14031,0,'Brightly Colored Egg'),
(100715,14031,0,'Brightly Colored Egg'),
(101080,14031,0,'Brightly Colored Egg'),
(100342,14032,0,'Brightly Colored Egg'),
(100707,14032,0,'Brightly Colored Egg'),
(101072,14032,0,'Brightly Colored Egg'),
(100248,14033,0,'Brightly Colored Egg'),
(100613,14033,0,'Brightly Colored Egg'),
(100978,14033,0,'Brightly Colored Egg'),
(100247,14034,0,'Brightly Colored Egg'),
(100612,14034,0,'Brightly Colored Egg'),
(100977,14034,0,'Brightly Colored Egg'),
(100249,14035,0,'Brightly Colored Egg'),
(100614,14035,0,'Brightly Colored Egg'),
(100979,14035,0,'Brightly Colored Egg'),
(100343,14036,0,'Brightly Colored Egg'),
(100708,14036,0,'Brightly Colored Egg'),
(101073,14036,0,'Brightly Colored Egg'),
(100252,14037,0,'Brightly Colored Egg'),
(100617,14037,0,'Brightly Colored Egg'),
(100982,14037,0,'Brightly Colored Egg'),
(100259,14038,0,'Brightly Colored Egg'),
(100624,14038,0,'Brightly Colored Egg'),
(100989,14038,0,'Brightly Colored Egg'),
(100070,14039,0,'Brightly Colored Egg'),
(100435,14039,0,'Brightly Colored Egg'),
(100800,14039,0,'Brightly Colored Egg'),
(100165,14040,0,'Brightly Colored Egg'),
(100530,14040,0,'Brightly Colored Egg'),
(100895,14040,0,'Brightly Colored Egg'),
(100155,14041,0,'Brightly Colored Egg'),
(100520,14041,0,'Brightly Colored Egg'),
(100885,14041,0,'Brightly Colored Egg'),
(100061,14042,0,'Brightly Colored Egg'),
(100426,14042,0,'Brightly Colored Egg'),
(100791,14042,0,'Brightly Colored Egg'),
(100340,14043,0,'Brightly Colored Egg'),
(100705,14043,0,'Brightly Colored Egg'),
(101070,14043,0,'Brightly Colored Egg'),
(100074,14044,0,'Brightly Colored Egg'),
(100439,14044,0,'Brightly Colored Egg'),
(100804,14044,0,'Brightly Colored Egg'),
(100153,14045,0,'Brightly Colored Egg'),
(100518,14045,0,'Brightly Colored Egg'),
(100883,14045,0,'Brightly Colored Egg'),
(100345,14046,0,'Brightly Colored Egg'),
(100710,14046,0,'Brightly Colored Egg'),
(101075,14046,0,'Brightly Colored Egg'),
(100162,14047,0,'Brightly Colored Egg'),
(100527,14047,0,'Brightly Colored Egg'),
(100892,14047,0,'Brightly Colored Egg'),
(100261,14048,0,'Brightly Colored Egg'),
(100626,14048,0,'Brightly Colored Egg'),
(100991,14048,0,'Brightly Colored Egg'),
(100257,14049,0,'Brightly Colored Egg'),
(100622,14049,0,'Brightly Colored Egg'),
(100987,14049,0,'Brightly Colored Egg'),
(100062,14050,0,'Brightly Colored Egg'),
(100427,14050,0,'Brightly Colored Egg'),
(100792,14050,0,'Brightly Colored Egg'),
(100065,14051,0,'Brightly Colored Egg'),
(100430,14051,0,'Brightly Colored Egg'),
(100795,14051,0,'Brightly Colored Egg'),
(100075,14052,0,'Brightly Colored Egg'),
(100440,14052,0,'Brightly Colored Egg'),
(100805,14052,0,'Brightly Colored Egg'),
(100064,14053,0,'Brightly Colored Egg'),
(100429,14053,0,'Brightly Colored Egg'),
(100794,14053,0,'Brightly Colored Egg'),
(100066,14054,0,'Brightly Colored Egg'),
(100431,14054,0,'Brightly Colored Egg'),
(100796,14054,0,'Brightly Colored Egg'),
(100349,14055,0,'Brightly Colored Egg'),
(100714,14055,0,'Brightly Colored Egg'),
(101079,14055,0,'Brightly Colored Egg'),
(100339,14056,0,'Brightly Colored Egg'),
(100704,14056,0,'Brightly Colored Egg'),
(101069,14056,0,'Brightly Colored Egg'),
(5675,14057,0,'Brightly Colored Egg'),
(40429,14057,0,'Brightly Colored Egg'),
(5638,14057,0,'Brightly Colored Egg'),
(5676,14058,0,'Brightly Colored Egg'),
(40430,14058,0,'Brightly Colored Egg'),
(5639,14058,0,'Brightly Colored Egg'),
(40407,14059,0,'Brightly Colored Egg'),
(5640,14059,0,'Brightly Colored Egg'),
(40440,14059,0,'Brightly Colored Egg'),
(40406,14060,0,'Brightly Colored Egg'),
(5642,14060,0,'Brightly Colored Egg'),
(40441,14060,0,'Brightly Colored Egg'),
(100306,14061,0,'Brightly Colored Egg'),
(100671,14061,0,'Brightly Colored Egg'),
(101036,14061,0,'Brightly Colored Egg'),
(100124,14062,0,'Brightly Colored Egg'),
(100489,14062,0,'Brightly Colored Egg'),
(100854,14062,0,'Brightly Colored Egg'),
(100400,14063,0,'Brightly Colored Egg'),
(100765,14063,0,'Brightly Colored Egg'),
(101130,14063,0,'Brightly Colored Egg'),
(100319,14064,0,'Brightly Colored Egg'),
(100684,14064,0,'Brightly Colored Egg'),
(101049,14064,0,'Brightly Colored Egg'),
(100123,14065,0,'Brightly Colored Egg'),
(100488,14065,0,'Brightly Colored Egg'),
(100853,14065,0,'Brightly Colored Egg'),
(100410,14066,0,'Brightly Colored Egg'),
(100775,14066,0,'Brightly Colored Egg'),
(101140,14066,0,'Brightly Colored Egg'),
(100131,14067,0,'Brightly Colored Egg'),
(100496,14067,0,'Brightly Colored Egg'),
(100861,14067,0,'Brightly Colored Egg'),
(100128,14068,0,'Brightly Colored Egg'),
(100493,14068,0,'Brightly Colored Egg'),
(100858,14068,0,'Brightly Colored Egg'),
(100406,14069,0,'Brightly Colored Egg'),
(100771,14069,0,'Brightly Colored Egg'),
(101136,14069,0,'Brightly Colored Egg'),
(100217,14070,0,'Brightly Colored Egg'),
(100582,14070,0,'Brightly Colored Egg'),
(100947,14070,0,'Brightly Colored Egg'),
(100402,14071,0,'Brightly Colored Egg'),
(100767,14071,0,'Brightly Colored Egg'),
(101132,14071,0,'Brightly Colored Egg'),
(100126,14072,0,'Brightly Colored Egg'),
(100491,14072,0,'Brightly Colored Egg'),
(100856,14072,0,'Brightly Colored Egg'),
(100308,14073,0,'Brightly Colored Egg'),
(100673,14073,0,'Brightly Colored Egg'),
(101038,14073,0,'Brightly Colored Egg'),
(100409,14074,0,'Brightly Colored Egg'),
(100774,14074,0,'Brightly Colored Egg'),
(101139,14074,0,'Brightly Colored Egg'),
(100412,14075,0,'Brightly Colored Egg'),
(100777,14075,0,'Brightly Colored Egg'),
(101142,14075,0,'Brightly Colored Egg'),
(100401,14076,0,'Brightly Colored Egg'),
(100766,14076,0,'Brightly Colored Egg'),
(101131,14076,0,'Brightly Colored Egg'),
(100226,14077,0,'Brightly Colored Egg'),
(100591,14077,0,'Brightly Colored Egg'),
(100956,14077,0,'Brightly Colored Egg'),
(100318,14078,0,'Brightly Colored Egg'),
(100683,14078,0,'Brightly Colored Egg'),
(101048,14078,0,'Brightly Colored Egg'),
(100321,14079,0,'Brightly Colored Egg'),
(100686,14079,0,'Brightly Colored Egg'),
(101051,14079,0,'Brightly Colored Egg'),
(100121,14080,0,'Brightly Colored Egg'),
(100486,14080,0,'Brightly Colored Egg'),
(100851,14080,0,'Brightly Colored Egg'),
(100220,14081,0,'Brightly Colored Egg'),
(100585,14081,0,'Brightly Colored Egg'),
(100950,14081,0,'Brightly Colored Egg'),
(100219,14082,0,'Brightly Colored Egg'),
(100584,14082,0,'Brightly Colored Egg'),
(100949,14082,0,'Brightly Colored Egg'),
(100216,14083,0,'Brightly Colored Egg'),
(100581,14083,0,'Brightly Colored Egg'),
(100946,14083,0,'Brightly Colored Egg'),
(100317,14084,0,'Brightly Colored Egg'),
(100682,14084,0,'Brightly Colored Egg'),
(101047,14084,0,'Brightly Colored Egg'),
(100120,14085,0,'Brightly Colored Egg'),
(100485,14085,0,'Brightly Colored Egg'),
(100850,14085,0,'Brightly Colored Egg'),
(100214,14086,0,'Brightly Colored Egg'),
(100579,14086,0,'Brightly Colored Egg'),
(100944,14086,0,'Brightly Colored Egg'),
(100228,14087,0,'Brightly Colored Egg'),
(100593,14087,0,'Brightly Colored Egg'),
(100958,14087,0,'Brightly Colored Egg'),
(100222,14088,0,'Brightly Colored Egg'),
(100587,14088,0,'Brightly Colored Egg'),
(100952,14088,0,'Brightly Colored Egg'),
(100316,14089,0,'Brightly Colored Egg'),
(100681,14089,0,'Brightly Colored Egg'),
(101046,14089,0,'Brightly Colored Egg'),
(100129,14090,0,'Brightly Colored Egg'),
(100494,14090,0,'Brightly Colored Egg'),
(100859,14090,0,'Brightly Colored Egg'),
(100411,14091,0,'Brightly Colored Egg'),
(100776,14091,0,'Brightly Colored Egg'),
(101141,14091,0,'Brightly Colored Egg'),
(100223,14092,0,'Brightly Colored Egg'),
(100588,14092,0,'Brightly Colored Egg'),
(100953,14092,0,'Brightly Colored Egg'),
(100408,14093,0,'Brightly Colored Egg'),
(100773,14093,0,'Brightly Colored Egg'),
(101138,14093,0,'Brightly Colored Egg'),
(100315,14094,0,'Brightly Colored Egg'),
(100680,14094,0,'Brightly Colored Egg'),
(101045,14094,0,'Brightly Colored Egg'),
(100311,14095,0,'Brightly Colored Egg'),
(100676,14095,0,'Brightly Colored Egg'),
(101041,14095,0,'Brightly Colored Egg'),
(100227,14096,0,'Brightly Colored Egg'),
(100592,14096,0,'Brightly Colored Egg'),
(100957,14096,0,'Brightly Colored Egg'),
(100225,14097,0,'Brightly Colored Egg'),
(100590,14097,0,'Brightly Colored Egg'),
(100955,14097,0,'Brightly Colored Egg'),
(100132,14098,0,'Brightly Colored Egg'),
(100497,14098,0,'Brightly Colored Egg'),
(100862,14098,0,'Brightly Colored Egg'),
(100224,14099,0,'Brightly Colored Egg'),
(100589,14099,0,'Brightly Colored Egg'),
(100954,14099,0,'Brightly Colored Egg'),
(100314,14100,0,'Brightly Colored Egg'),
(100679,14100,0,'Brightly Colored Egg'),
(101044,14100,0,'Brightly Colored Egg'),
(100305,14101,0,'Brightly Colored Egg'),
(100670,14101,0,'Brightly Colored Egg'),
(101035,14101,0,'Brightly Colored Egg'),
(100403,14102,0,'Brightly Colored Egg'),
(100768,14102,0,'Brightly Colored Egg'),
(101133,14102,0,'Brightly Colored Egg'),
(100221,14103,0,'Brightly Colored Egg'),
(100586,14103,0,'Brightly Colored Egg'),
(100951,14103,0,'Brightly Colored Egg'),
(100407,14104,0,'Brightly Colored Egg'),
(100772,14104,0,'Brightly Colored Egg'),
(101137,14104,0,'Brightly Colored Egg'),
(100313,14105,0,'Brightly Colored Egg'),
(100678,14105,0,'Brightly Colored Egg'),
(101043,14105,0,'Brightly Colored Egg'),
(100320,14106,0,'Brightly Colored Egg'),
(100685,14106,0,'Brightly Colored Egg'),
(101050,14106,0,'Brightly Colored Egg'),
(100127,14107,0,'Brightly Colored Egg'),
(100492,14107,0,'Brightly Colored Egg'),
(100857,14107,0,'Brightly Colored Egg'),
(100322,14108,0,'Brightly Colored Egg'),
(100687,14108,0,'Brightly Colored Egg'),
(101052,14108,0,'Brightly Colored Egg'),
(100309,14109,0,'Brightly Colored Egg'),
(100674,14109,0,'Brightly Colored Egg'),
(101039,14109,0,'Brightly Colored Egg'),
(100125,14110,0,'Brightly Colored Egg'),
(100490,14110,0,'Brightly Colored Egg'),
(100855,14110,0,'Brightly Colored Egg'),
(100218,14111,0,'Brightly Colored Egg'),
(100583,14111,0,'Brightly Colored Egg'),
(100948,14111,0,'Brightly Colored Egg'),
(100215,14112,0,'Brightly Colored Egg'),
(100580,14112,0,'Brightly Colored Egg'),
(100945,14112,0,'Brightly Colored Egg'),
(100304,14113,0,'Brightly Colored Egg'),
(100669,14113,0,'Brightly Colored Egg'),
(101034,14113,0,'Brightly Colored Egg'),
(100122,14114,0,'Brightly Colored Egg'),
(100487,14114,0,'Brightly Colored Egg'),
(100852,14114,0,'Brightly Colored Egg'),
(100404,14115,0,'Brightly Colored Egg'),
(100769,14115,0,'Brightly Colored Egg'),
(101134,14115,0,'Brightly Colored Egg'),
(100405,14116,0,'Brightly Colored Egg'),
(100770,14116,0,'Brightly Colored Egg'),
(101135,14116,0,'Brightly Colored Egg'),
(5672,14117,0,'Brightly Colored Egg'),
(5647,14117,0,'Brightly Colored Egg'),
(40445,14117,0,'Brightly Colored Egg'),
(100310,14118,0,'Brightly Colored Egg'),
(100675,14118,0,'Brightly Colored Egg'),
(101040,14118,0,'Brightly Colored Egg'),
(100213,14119,0,'Brightly Colored Egg'),
(100578,14119,0,'Brightly Colored Egg'),
(100943,14119,0,'Brightly Colored Egg'),
(100312,14120,0,'Brightly Colored Egg'),
(100677,14120,0,'Brightly Colored Egg'),
(101042,14120,0,'Brightly Colored Egg'),
(100307,14121,0,'Brightly Colored Egg'),
(100672,14121,0,'Brightly Colored Egg'),
(101037,14121,0,'Brightly Colored Egg'),
(100130,14122,0,'Brightly Colored Egg'),
(100495,14122,0,'Brightly Colored Egg'),
(100860,14122,0,'Brightly Colored Egg'),
(40417,14123,0,'Brightly Colored Egg'),
(5578,14123,0,'Brightly Colored Egg'),
(5648,14123,0,'Brightly Colored Egg'),
(5579,14124,0,'Brightly Colored Egg'),
(40437,14124,0,'Brightly Colored Egg'),
(5649,14124,0,'Brightly Colored Egg'),
(40416,14125,0,'Brightly Colored Egg'),
(5580,14125,0,'Brightly Colored Egg'),
(5651,14125,0,'Brightly Colored Egg'),
(5582,14126,0,'Brightly Colored Egg'),
(40436,14126,0,'Brightly Colored Egg'),
(5658,14126,0,'Brightly Colored Egg'),
(5671,14127,0,'Brightly Colored Egg'),
(5664,14127,0,'Brightly Colored Egg'),
(40444,14127,0,'Brightly Colored Egg');
REPLACE INTO `game_event_gameobject` (`guid`, `event`) VALUES 
(5537, '9'),
(5539, '9'),
(5540, '9'),
(5541, '9'),
(5544, '9'),
(5547, '9'),
(5548, '9'),
(5553, '9'),
(5554, '9'),
(5555, '9'),
(5556, '9'),
(5557, '9'),
(5558, '9'),
(5559, '9'),
(5560, '9'),
(5561, '9'),
(5562, '9'),
(5564, '9'),
(5565, '9'),
(5568, '9'),
(5569, '9'),
(5570, '9'),
(5571, '9'),
(5572, '9'),
(5573, '9'),
(5574, '9'),
(5575, '9'),
(5578, '9'),
(5579, '9'),
(5580, '9'),
(5582, '9'),
(5584, '9'),
(5585, '9'),
(5586, '9'),
(5587, '9'),
(5588, '9'),
(5592, '9'),
(5594, '9'),
(5595, '9'),
(5596, '9'),
(5601, '9'),
(5603, '9'),
(5604, '9'),
(5606, '9'),
(5611, '9'),
(5612, '9'),
(5613, '9'),
(5614, '9'),
(5617, '9'),
(5622, '9'),
(5624, '9'),
(5628, '9'),
(5629, '9'),
(5632, '9'),
(5633, '9'),
(5638, '9'),
(5639, '9'),
(5640, '9'),
(5642, '9'),
(5647, '9'),
(5648, '9'),
(5649, '9'),
(5651, '9'),
(5658, '9'),
(5664, '9'),
(5668, '9'),
(5669, '9'),
(5670, '9'),
(5671, '9'),
(5672, '9'),
(5675, '9'),
(5676, '9');
REPLACE INTO `pool_pool` (`pool_id`, `mother_pool`, `chance`, `description`) VALUES 
(14042, '14128', '0', ''),
(14050, '14128', '0', ''),
(13996, '14128', '0', ''),
(14053, '14128', '0', ''),
(14051, '14128', '0', ''),
(14054, '14128', '0', ''),
(14012, '14128', '0', ''),
(14027, '14128', '0', ''),
(14007, '14128', '0', ''),
(14039, '14128', '0', ''),
(14001, '14128', '0', ''),
(14028, '14128', '0', ''),
(14023, '14128', '0', ''),
(14044, '14128', '0', ''),
(14052, '14128', '0', ''),
(14029, '14128', '0', ''),
(14016, '14128', '0', ''),
(14002, '14128', '0', ''),
(14045, '14128', '0', ''),
(14010, '14128', '0', ''),
(14041, '14128', '0', ''),
(14003, '14128', '0', ''),
(14013, '14128', '0', ''),
(14019, '14128', '0', ''),
(13999, '14128', '0', ''),
(13998, '14128', '0', ''),
(14030, '14128', '0', ''),
(14047, '14128', '0', ''),
(14017, '14128', '0', ''),
(14025, '14128', '0', ''),
(14040, '14128', '0', ''),
(14005, '14128', '0', ''),
(14018, '14128', '0', ''),
(14034, '14128', '0', ''),
(14033, '14128', '0', ''),
(14035, '14128', '0', ''),
(14022, '14128', '0', ''),
(14021, '14128', '0', ''),
(14037, '14128', '0', ''),
(14008, '14128', '0', ''),
(14026, '14128', '0', ''),
(14006, '14128', '0', ''),
(14020, '14128', '0', ''),
(14049, '14128', '0', ''),
(14011, '14128', '0', ''),
(14038, '14128', '0', ''),
(14004, '14128', '0', ''),
(14048, '14128', '0', ''),
(14014, '14128', '0', ''),
(14056, '14128', '0', ''),
(14043, '14128', '0', ''),
(13997, '14128', '0', ''),
(14032, '14128', '0', ''),
(14036, '14128', '0', ''),
(14015, '14128', '0', ''),
(14046, '14128', '0', ''),
(14024, '14128', '0', ''),
(14009, '14128', '0', ''),
(14000, '14128', '0', ''),
(14055, '14128', '0', ''),
(14031, '14128', '0', '');
REPLACE INTO `pool_template` (`entry`, `max_limit`, `description`) VALUES ('14128', '20', 'Master pool - Brightly Colored Egg - z85');
REPLACE INTO `pool_pool` (`pool_id`, `mother_pool`, `chance`, `description`) VALUES 
(13921, '14129', '0', ''),
(13926, '14129', '0', ''),
(13929, '14129', '0', ''),
(13931, '14129', '0', ''),
(13927, '14129', '0', ''),
(13930, '14129', '0', ''),
(13928, '14129', '0', ''),
(13995, '14129', '0', ''),
(13993, '14129', '0', ''),
(13992, '14129', '0', ''),
(13994, '14129', '0', ''),
(13957, '14129', '0', ''),
(13990, '14129', '0', ''),
(13966, '14129', '0', ''),
(13986, '14129', '0', ''),
(13978, '14129', '0', ''),
(13974, '14129', '0', ''),
(13952, '14129', '0', ''),
(13973, '14129', '0', ''),
(13969, '14129', '0', ''),
(13951, '14129', '0', ''),
(13989, '14129', '0', ''),
(13979, '14129', '0', ''),
(13960, '14129', '0', ''),
(13938, '14129', '0', ''),
(13935, '14129', '0', ''),
(13956, '14129', '0', ''),
(13958, '14129', '0', ''),
(13937, '14129', '0', ''),
(13954, '14129', '0', ''),
(13975, '14129', '0', ''),
(13983, '14129', '0', ''),
(13977, '14129', '0', ''),
(13976, '14129', '0', ''),
(13945, '14129', '0', ''),
(13961, '14129', '0', ''),
(13962, '14129', '0', ''),
(13959, '14129', '0', ''),
(13991, '14129', '0', ''),
(13955, '14129', '0', ''),
(13944, '14129', '0', ''),
(13940, '14129', '0', ''),
(13933, '14129', '0', ''),
(13967, '14129', '0', ''),
(13984, '14129', '0', ''),
(13965, '14129', '0', ''),
(13948, '14129', '0', ''),
(13932, '14129', '0', ''),
(13934, '14129', '0', ''),
(13943, '14129', '0', ''),
(13941, '14129', '0', ''),
(13964, '14129', '0', ''),
(13988, '14129', '0', ''),
(13968, '14129', '0', ''),
(13987, '14129', '0', ''),
(13970, '14129', '0', ''),
(13980, '14129', '0', ''),
(13942, '14129', '0', ''),
(13985, '14129', '0', ''),
(13982, '14129', '0', ''),
(13936, '14129', '0', ''),
(13963, '14129', '0', ''),
(13946, '14129', '0', ''),
(13939, '14129', '0', ''),
(13972, '14129', '0', ''),
(13950, '14129', '0', ''),
(13953, '14129', '0', ''),
(13947, '14129', '0', ''),
(13981, '14129', '0', ''),
(13971, '14129', '0', ''),
(13949, '14129', '0', '');
REPLACE INTO `pool_template` (`entry`, `max_limit`, `description`) VALUES ('14129', '20', 'Master pool - Brightly Colored Egg - z14');
REPLACE INTO `pool_pool` (`pool_id`, `mother_pool`, `chance`, `description`) VALUES 
(13738, '14130', '0', ''),
(13739, '14130', '0', ''),
(13802, '14130', '0', ''),
(13757, '14130', '0', ''),
(13803, '14130', '0', ''),
(13794, '14130', '0', ''),
(13770, '14130', '0', ''),
(13764, '14130', '0', ''),
(13765, '14130', '0', ''),
(13790, '14130', '0', ''),
(13766, '14130', '0', ''),
(13742, '14130', '0', ''),
(13785, '14130', '0', ''),
(13793, '14130', '0', ''),
(13799, '14130', '0', ''),
(13745, '14130', '0', ''),
(13748, '14130', '0', ''),
(13774, '14130', '0', ''),
(13749, '14130', '0', ''),
(13800, '14130', '0', ''),
(13755, '14130', '0', ''),
(13761, '14130', '0', ''),
(13754, '14130', '0', ''),
(13798, '14130', '0', ''),
(13762, '14130', '0', ''),
(13768, '14130', '0', ''),
(13759, '14130', '0', ''),
(13758, '14130', '0', ''),
(13780, '14130', '0', ''),
(13772, '14130', '0', ''),
(13777, '14130', '0', ''),
(13767, '14130', '0', ''),
(13795, '14130', '0', ''),
(13773, '14130', '0', ''),
(13752, '14130', '0', ''),
(13763, '14130', '0', ''),
(13740, '14130', '0', ''),
(13786, '14130', '0', ''),
(13791, '14130', '0', ''),
(13756, '14130', '0', ''),
(13778, '14130', '0', ''),
(13801, '14130', '0', ''),
(13781, '14130', '0', ''),
(13747, '14130', '0', ''),
(13760, '14130', '0', ''),
(13792, '14130', '0', ''),
(13788, '14130', '0', ''),
(13741, '14130', '0', ''),
(13750, '14130', '0', ''),
(13797, '14130', '0', ''),
(13744, '14130', '0', ''),
(13746, '14130', '0', ''),
(13771, '14130', '0', ''),
(13776, '14130', '0', ''),
(13753, '14130', '0', ''),
(13787, '14130', '0', ''),
(13769, '14130', '0', ''),
(13743, '14130', '0', ''),
(13783, '14130', '0', ''),
(13751, '14130', '0', ''),
(13775, '14130', '0', ''),
(13789, '14130', '0', ''),
(13796, '14130', '0', ''),
(13782, '14130', '0', ''),
(13784, '14130', '0', ''),
(13779, '14130', '0', '');
REPLACE INTO `pool_template` (`entry`, `max_limit`, `description`) VALUES ('14130', '20', 'Master pool - Brightly Colored Egg - z1');
REPLACE INTO `pool_pool` (`pool_id`, `mother_pool`, `chance`, `description`) VALUES 
(13674, '14131', '0', ''),
(13737, '14131', '0', ''),
(13736, '14131', '0', ''),
(13689, '14131', '0', ''),
(13688, '14131', '0', ''),
(13735, '14131', '0', ''),
(13687, '14131', '0', ''),
(13703, '14131', '0', ''),
(13720, '14131', '0', ''),
(13677, '14131', '0', ''),
(13704, '14131', '0', ''),
(13725, '14131', '0', ''),
(13732, '14131', '0', ''),
(13694, '14131', '0', ''),
(13713, '14131', '0', ''),
(13702, '14131', '0', ''),
(13712, '14131', '0', ''),
(13675, '14131', '0', ''),
(13723, '14131', '0', ''),
(13711, '14131', '0', ''),
(13715, '14131', '0', ''),
(13705, '14131', '0', ''),
(13727, '14131', '0', ''),
(13682, '14131', '0', ''),
(13692, '14131', '0', ''),
(13701, '14131', '0', ''),
(13708, '14131', '0', ''),
(13728, '14131', '0', ''),
(13697, '14131', '0', ''),
(13685, '14131', '0', ''),
(13700, '14131', '0', ''),
(13734, '14131', '0', ''),
(13676, '14131', '0', ''),
(13695, '14131', '0', ''),
(13721, '14131', '0', ''),
(13678, '14131', '0', ''),
(13680, '14131', '0', ''),
(13724, '14131', '0', ''),
(13679, '14131', '0', ''),
(13722, '14131', '0', ''),
(13686, '14131', '0', ''),
(13693, '14131', '0', ''),
(13718, '14131', '0', ''),
(13707, '14131', '0', ''),
(13731, '14131', '0', ''),
(13719, '14131', '0', ''),
(13709, '14131', '0', ''),
(13698, '14131', '0', ''),
(13710, '14131', '0', ''),
(13730, '14131', '0', ''),
(13706, '14131', '0', ''),
(13714, '14131', '0', ''),
(13733, '14131', '0', ''),
(13684, '14131', '0', ''),
(13729, '14131', '0', ''),
(13716, '14131', '0', ''),
(13699, '14131', '0', ''),
(13717, '14131', '0', ''),
(13690, '14131', '0', ''),
(13726, '14131', '0', ''),
(13696, '14131', '0', ''),
(13683, '14131', '0', ''),
(13691, '14131', '0', ''),
(13681, '14131', '0', '');
REPLACE INTO `pool_template` (`entry`, `max_limit`, `description`) VALUES ('14131', '20', 'Master pool - Brightly Colored Egg - z12');
REPLACE INTO `pool_pool` (`pool_id`, `mother_pool`, `chance`, `description`) VALUES 
(13919, '14132', '0', ''),
(13924, '14132', '0', ''),
(13923, '14132', '0', ''),
(13922, '14132', '0', ''),
(13925, '14132', '0', ''),
(13920, '14132', '0', ''),
(13857, '14132', '0', ''),
(13906, '14132', '0', ''),
(13878, '14132', '0', ''),
(13898, '14132', '0', ''),
(13866, '14132', '0', ''),
(13870, '14132', '0', ''),
(13892, '14132', '0', ''),
(13862, '14132', '0', ''),
(13893, '14132', '0', ''),
(13886, '14132', '0', ''),
(13913, '14132', '0', ''),
(13873, '14132', '0', ''),
(13915, '14132', '0', ''),
(13894, '14132', '0', ''),
(13902, '14132', '0', ''),
(13896, '14132', '0', ''),
(13910, '14132', '0', ''),
(13908, '14132', '0', ''),
(13864, '14132', '0', ''),
(13860, '14132', '0', ''),
(13867, '14132', '0', ''),
(13917, '14132', '0', ''),
(13876, '14132', '0', ''),
(13909, '14132', '0', ''),
(13890, '14132', '0', ''),
(13858, '14132', '0', ''),
(13869, '14132', '0', ''),
(13875, '14132', '0', ''),
(13865, '14132', '0', ''),
(13889, '14132', '0', ''),
(13900, '14132', '0', ''),
(13879, '14132', '0', ''),
(13872, '14132', '0', ''),
(13883, '14132', '0', ''),
(13868, '14132', '0', ''),
(13874, '14132', '0', ''),
(13861, '14132', '0', ''),
(13885, '14132', '0', ''),
(13882, '14132', '0', ''),
(13907, '14132', '0', ''),
(13887, '14132', '0', ''),
(13918, '14132', '0', ''),
(13905, '14132', '0', ''),
(13901, '14132', '0', ''),
(13859, '14132', '0', ''),
(13897, '14132', '0', ''),
(13904, '14132', '0', ''),
(13863, '14132', '0', ''),
(13912, '14132', '0', ''),
(13871, '14132', '0', ''),
(13884, '14132', '0', ''),
(13911, '14132', '0', ''),
(13888, '14132', '0', ''),
(13891, '14132', '0', ''),
(13914, '14132', '0', ''),
(13880, '14132', '0', ''),
(13916, '14132', '0', ''),
(13895, '14132', '0', ''),
(13899, '14132', '0', ''),
(13881, '14132', '0', ''),
(13903, '14132', '0', ''),
(13877, '14132', '0', '');
REPLACE INTO `pool_template` (`entry`, `max_limit`, `description`) VALUES ('14132', '20', 'Master pool - Brightly Colored Egg - z215');
REPLACE INTO `pool_pool` (`pool_id`, `mother_pool`, `chance`, `description`) VALUES 
(13806, '14133', '0', ''),
(13856, '14133', '0', ''),
(14057, '14133', '0', ''),
(14058, '14133', '0', ''),
(14060, '14133', '0', ''),
(14059, '14133', '0', ''),
(13804, '14133', '0', ''),
(13805, '14133', '0', ''),
(13849, '14133', '0', ''),
(13808, '14133', '0', ''),
(13816, '14133', '0', ''),
(13851, '14133', '0', ''),
(13822, '14133', '0', ''),
(13811, '14133', '0', ''),
(13837, '14133', '0', ''),
(13821, '14133', '0', ''),
(13838, '14133', '0', ''),
(13833, '14133', '0', ''),
(13835, '14133', '0', ''),
(13814, '14133', '0', ''),
(13807, '14133', '0', ''),
(13852, '14133', '0', ''),
(13815, '14133', '0', ''),
(13855, '14133', '0', ''),
(13844, '14133', '0', ''),
(13853, '14133', '0', ''),
(13827, '14133', '0', ''),
(13845, '14133', '0', ''),
(13832, '14133', '0', ''),
(13825, '14133', '0', ''),
(13836, '14133', '0', ''),
(13840, '14133', '0', ''),
(13812, '14133', '0', ''),
(13841, '14133', '0', ''),
(13828, '14133', '0', ''),
(13826, '14133', '0', ''),
(13818, '14133', '0', ''),
(13817, '14133', '0', ''),
(13813, '14133', '0', ''),
(13846, '14133', '0', ''),
(13831, '14133', '0', ''),
(13847, '14133', '0', ''),
(13810, '14133', '0', ''),
(13809, '14133', '0', ''),
(13839, '14133', '0', ''),
(13848, '14133', '0', ''),
(13842, '14133', '0', ''),
(13829, '14133', '0', ''),
(13850, '14133', '0', ''),
(13819, '14133', '0', ''),
(13834, '14133', '0', ''),
(13854, '14133', '0', ''),
(13820, '14133', '0', ''),
(13843, '14133', '0', ''),
(13824, '14133', '0', ''),
(13830, '14133', '0', ''),
(13823, '14133', '0', '');
REPLACE INTO `pool_template` (`entry`, `max_limit`, `description`) VALUES ('14133', '20', 'Master pool - Brightly Colored Egg - m530');
REPLACE INTO `pool_pool` (`pool_id`, `mother_pool`, `chance`, `description`) VALUES 
(14124, '14134', '0', ''),
(14126, '14134', '0', ''),
(14127, '14134', '0', ''),
(14117, '14134', '0', ''),
(14125, '14134', '0', ''),
(14123, '14134', '0', ''),
(14085, '14134', '0', ''),
(14080, '14134', '0', ''),
(14114, '14134', '0', ''),
(14065, '14134', '0', ''),
(14062, '14134', '0', ''),
(14110, '14134', '0', ''),
(14072, '14134', '0', ''),
(14107, '14134', '0', ''),
(14068, '14134', '0', ''),
(14090, '14134', '0', ''),
(14122, '14134', '0', ''),
(14067, '14134', '0', ''),
(14098, '14134', '0', ''),
(14119, '14134', '0', ''),
(14086, '14134', '0', ''),
(14112, '14134', '0', ''),
(14083, '14134', '0', ''),
(14070, '14134', '0', ''),
(14111, '14134', '0', ''),
(14082, '14134', '0', ''),
(14081, '14134', '0', ''),
(14103, '14134', '0', ''),
(14088, '14134', '0', ''),
(14092, '14134', '0', ''),
(14099, '14134', '0', ''),
(14097, '14134', '0', ''),
(14077, '14134', '0', ''),
(14096, '14134', '0', ''),
(14087, '14134', '0', ''),
(14113, '14134', '0', ''),
(14101, '14134', '0', ''),
(14061, '14134', '0', ''),
(14121, '14134', '0', ''),
(14073, '14134', '0', ''),
(14109, '14134', '0', ''),
(14118, '14134', '0', ''),
(14095, '14134', '0', ''),
(14120, '14134', '0', ''),
(14105, '14134', '0', ''),
(14100, '14134', '0', ''),
(14094, '14134', '0', ''),
(14089, '14134', '0', ''),
(14084, '14134', '0', ''),
(14078, '14134', '0', ''),
(14064, '14134', '0', ''),
(14106, '14134', '0', ''),
(14079, '14134', '0', ''),
(14108, '14134', '0', ''),
(14063, '14134', '0', ''),
(14076, '14134', '0', ''),
(14071, '14134', '0', ''),
(14102, '14134', '0', ''),
(14115, '14134', '0', ''),
(14116, '14134', '0', ''),
(14069, '14134', '0', ''),
(14104, '14134', '0', ''),
(14093, '14134', '0', ''),
(14074, '14134', '0', ''),
(14066, '14134', '0', ''),
(14091, '14134', '0', ''),
(14075, '14134', '0', '');
REPLACE INTO `pool_template` (`entry`, `max_limit`, `description`) VALUES ('14134', '20', 'Master pool - Brightly Colored Egg - z141');
UPDATE `creature_template` SET `gossip_menu_id`=10990 WHERE `entry`=37671;
DELETE FROM `gossip_menu` WHERE `entry`=10990 AND `text_id`=15282;
INSERT INTO `gossip_menu` (`entry`,`text_id`) VALUES (10990,15282);
UPDATE `creature_template` SET `gossip_menu_id`=9164 WHERE `entry`=25475;
UPDATE `gossip_menu` SET `entry` = 9164 WHERE `entry` = 50264;
UPDATE `gossip_menu_option` SET `menu_id` = 9164 WHERE `menu_id` = 50264;
UPDATE locales_gossip_menu_option SET menu_id = 9164 WHERE menu_id =50264;
UPDATE `creature_template` SET `gossip_menu_id`=9166 WHERE `entry`=25476;
UPDATE `gossip_menu` SET `entry` = 9166 WHERE `entry` = 50271;
UPDATE `gossip_menu_option` SET `menu_id` = 9166 WHERE `menu_id` = 50271;
UPDATE locales_gossip_menu_option SET menu_id = 9166 WHERE menu_id =50271;
UPDATE `creature_template` SET `gossip_menu_id`=9167 WHERE `entry`=25503;
UPDATE `gossip_menu` SET `entry` = 9167 WHERE `entry` = 50269;
UPDATE `gossip_menu_option` SET `menu_id` = 9167 WHERE `menu_id` = 50269;
UPDATE locales_gossip_menu_option SET menu_id = 9167 WHERE menu_id =50269;
DELETE FROM `creature` WHERE `id` in (15802,15728,15904,15910,15334,15725,15726);
UPDATE `creature_template` SET `gossip_menu_id` = 8078 WHERE `entry` = 19907;
UPDATE `gossip_menu` SET `entry` = 8078 WHERE `entry` = 50327;
UPDATE `gossip_menu_option` SET `menu_id` = 8078 WHERE `menu_id` = 50327;
UPDATE locales_gossip_menu_option SET menu_id = 8078 WHERE menu_id =50327;
UPDATE `gossip_menu` SET `text_id` = '9984' WHERE `entry` =8078 AND `text_id` =7694;
UPDATE `creature_template` SET `gossip_menu_id` = 11714 WHERE `entry` = 5636;
INSERT IGNORE INTO `gossip_menu` (`entry`, `text_id`) VALUES (11714, 16393);
UPDATE `creature_template` SET `gossip_menu_id` = 11885 WHERE `entry` = 8018;
INSERT IGNORE INTO `gossip_menu` (`entry`, `text_id`) VALUES (11885, 7778);
REPLACE INTO `gossip_menu_option` (`menu_id`, `id`, `option_icon`, `option_text`, `option_id`, `npc_option_npcflag`, `action_menu_id`, `action_poi_id`, `action_script_id`, `box_coded`, `box_money`, `box_text`, `cond_1`, `cond_1_val_1`, `cond_1_val_2`, `cond_2`, `cond_2_val_1`, `cond_2_val_2`, `cond_3`, `cond_3_val_1`, `cond_3_val_2`) VALUES
(11885, 0, 2, 'Show me where I can fly.', 4, 8192, 0, 0, 0, 0, 0, NULL, 0, 0, 0, 0, 0, 0, 0, 0, 0);
UPDATE `creature_template` SET `gossip_menu_id` = 12454 WHERE `entry` = 12596;
INSERT IGNORE INTO `gossip_menu` (`entry`, `text_id`) VALUES (12454, 7778);
REPLACE INTO `gossip_menu_option` (`menu_id`, `id`, `option_icon`, `option_text`, `option_id`, `npc_option_npcflag`, `action_menu_id`, `action_poi_id`, `action_script_id`, `box_coded`, `box_money`, `box_text`, `cond_1`, `cond_1_val_1`, `cond_1_val_2`, `cond_2`, `cond_2_val_1`, `cond_2_val_2`, `cond_3`, `cond_3_val_1`, `cond_3_val_2`) VALUES
(12454, 0, 2, 'Show me where I can fly.', 4, 8192, 0, 0, 0, 0, 0, NULL, 0, 0, 0, 0, 0, 0, 0, 0, 0);
UPDATE `creature_template` SET `gossip_menu_id` = 11743 WHERE `entry` = 2663;
INSERT IGNORE INTO `gossip_menu` (`entry`, `text_id`) VALUES (11743, 16440);
REPLACE INTO `gossip_menu_option` (`menu_id`, `id`, `option_icon`, `option_text`, `option_id`, `npc_option_npcflag`, `action_menu_id`, `action_poi_id`, `action_script_id`, `box_coded`, `box_money`, `box_text`, `cond_1`, `cond_1_val_1`, `cond_1_val_2`, `cond_2`, `cond_2_val_1`, `cond_2_val_2`, `cond_3`, `cond_3_val_1`, `cond_3_val_2`) VALUES
(11743, 0, 1, 'I want to browse your goods.', 3, 128, 0, 0, 0, 0, 0, '', 0, 0, 0, 0, 0, 0, 0, 0, 0);
UPDATE `creature_template` SET `gossip_menu_id` = 11727 WHERE `entry` = 2491;
INSERT IGNORE INTO `gossip_menu` (`entry`, `text_id`) VALUES (11727, 16418);
UPDATE `creature_template` SET `gossip_menu_id` = 4658 WHERE `entry` = 1411;
UPDATE `gossip_menu` SET `entry` = 4658 WHERE `entry` = 50218;
UPDATE `gossip_menu_option` SET `menu_id` = 4658 WHERE `menu_id` = 50218;
UPDATE locales_gossip_menu_option SET menu_id = 4658 WHERE menu_id =50218;
INSERT IGNORE INTO `gossip_menu` (`entry`, `text_id`) VALUES (4658, 6164);
REPLACE INTO `gossip_menu_option` (`menu_id`, `id`, `option_icon`, `option_text`, `option_id`, `npc_option_npcflag`, `action_menu_id`, `action_poi_id`, `action_script_id`, `box_coded`, `box_money`, `box_text`, `cond_1`, `cond_1_val_1`, `cond_1_val_2`, `cond_2`, `cond_2_val_1`, `cond_2_val_2`, `cond_3`, `cond_3_val_1`, `cond_3_val_2`) VALUES
(4658, 4, 0, '<Take the letter>', 1, 1, -1, 0, 85, 0, 0, NULL, 15, 24, 1, 14, 0, 8, 22, 6681, 0);
UPDATE `gossip_menu` SET `cond_1` = '14',`cond_1_val_2` = '8' WHERE `entry` =4658 AND `text_id` =6165;
UPDATE `creature_template` SET `gossip_menu_id` = 11744 WHERE `entry` = 2487;
INSERT IGNORE INTO `gossip_menu` (`entry`, `text_id`) VALUES (11744, 16441);
UPDATE `creature_template` SET `gossip_menu_id` = 12662 WHERE `entry` = 9177;
INSERT IGNORE INTO `gossip_menu` (`entry`, `text_id`) VALUES (12662, 17804);
UPDATE `creature_template` SET `gossip_menu_id` = 6944 WHERE `entry` = 2299;
UPDATE `creature_template` SET `gossip_menu_id` = 11618 WHERE `entry` = 9540;
INSERT IGNORE INTO `gossip_menu` (`entry`, `text_id`) VALUES (11618, 16219);
UPDATE `gossip_menu` SET `text_id` = '14233' WHERE `entry` =10513 AND `text_id` =14239;
UPDATE `creature_template` SET `gossip_menu_id` = 10250 WHERE `entry` = 19173;
UPDATE `gossip_menu` SET `entry` = 10250 WHERE `entry` = 10513;
UPDATE `gossip_menu_option` SET `menu_id` = 10250 WHERE `menu_id` = 10513;
UPDATE locales_gossip_menu_option SET menu_id = 10250 WHERE menu_id =10513;
UPDATE `creature_template` SET `gossip_menu_id` = 4693 WHERE `entry` = 4205;
UPDATE `gossip_menu` SET `entry` = 4693 WHERE `entry` = 50225;
UPDATE `gossip_menu_option` SET `menu_id` = 4693 WHERE `menu_id` = 50225;
UPDATE locales_gossip_menu_option SET menu_id = 4693 WHERE menu_id =50225;
REPLACE INTO `gossip_menu` (`entry`, `text_id`, `cond_1`, `cond_1_val_1`, `cond_1_val_2`, `cond_2`, `cond_2_val_1`, `cond_2_val_2`) VALUES
(4693, 4993, 14, 0, 1531, 0, 0, 0);
UPDATE `creature_template` SET `gossip_menu_id` = 4621 WHERE `entry` = 4138;
UPDATE `gossip_menu` SET `entry` = 4621 WHERE `entry` = 50224;
UPDATE `gossip_menu_option` SET `menu_id` = 4621 WHERE `menu_id` = 50224;
UPDATE locales_gossip_menu_option SET menu_id = 4621 WHERE menu_id =50224;
REPLACE INTO `gossip_menu` (`entry`, `text_id`, `cond_1`, `cond_1_val_1`, `cond_1_val_2`, `cond_2`, `cond_2_val_1`, `cond_2_val_2`) VALUES
(4621, 4993, 14, 0, 1531, 0, 0, 0);
UPDATE `creature_template` SET `gossip_menu_id` = 3924 WHERE `entry` = 4218;
REPLACE INTO `gossip_menu_option` (`menu_id`, `id`, `option_icon`, `option_text`, `option_id`, `npc_option_npcflag`, `action_menu_id`, `action_poi_id`, `action_script_id`, `box_coded`, `box_money`, `box_text`, `cond_1`, `cond_1_val_1`, `cond_1_val_2`, `cond_2`, `cond_2_val_1`, `cond_2_val_2`, `cond_3`, `cond_3_val_1`, `cond_3_val_2`) VALUES
(3924, 1, 3, 'Train me.', 5, 16, 0, 0, 0, 0, 0, NULL, 0, 0, 0, 0, 0, 0, 0, 0, 0),
(3924, 2, 0, 'Learn about Dual Talent Specialization.', 1, 1, 10371, 0, 0, 0, 0, NULL, 15, 40, 1, 17, 63680, 1, 14, 0, 1024),
(3924, 3, 0, 'I wish to unlearn my talents.', 1, 1, 4461, 0, 0, 0, 0, NULL, 15, 10, 1, 14, 0, 1024, 0, 0, 0);
UPDATE `creature_template` SET `gossip_menu_id` = 5855 WHERE `entry` = 4211;
UPDATE `creature_template` SET `gossip_menu_id` = 4181 WHERE `entry` = 11083;
INSERT IGNORE INTO `gossip_menu` (`entry`, `text_id`) VALUES (4181, 5273);
REPLACE INTO `gossip_menu_option` (`menu_id`, `id`, `option_icon`, `option_text`, `option_id`, `npc_option_npcflag`, `action_menu_id`, `action_poi_id`, `action_script_id`, `box_coded`, `box_money`, `box_text`, `cond_1`, `cond_1_val_1`, `cond_1_val_2`, `cond_2`, `cond_2_val_1`, `cond_2_val_2`, `cond_3`, `cond_3_val_1`, `cond_3_val_2`) VALUES
(4181, 0, 3, 'Train me.', 5, 16, 0, 0, 0, 0, 0, NULL, 0, 0, 0, 0, 0, 0, 0, 0, 0);
UPDATE `creature_template` SET `gossip_menu_id` = 4204 WHERE `entry` = 11081;
INSERT IGNORE INTO `gossip_menu` (`entry`, `text_id`) VALUES (4204, 5325);
REPLACE INTO `gossip_menu_option` (`menu_id`, `id`, `option_icon`, `option_text`, `option_id`, `npc_option_npcflag`, `action_menu_id`, `action_poi_id`, `action_script_id`, `box_coded`, `box_money`, `box_text`, `cond_1`, `cond_1_val_1`, `cond_1_val_2`, `cond_2`, `cond_2_val_1`, `cond_2_val_2`, `cond_3`, `cond_3_val_1`, `cond_3_val_2`) VALUES
(4204, 0, 3, 'Train me.', 5, 16, 0, 0, 0, 0, 0, NULL, 0, 0, 0, 0, 0, 0, 0, 0, 0);
UPDATE `creature_template` SET `gossip_menu_id` = 4156 WHERE `entry` = 3606;
INSERT IGNORE INTO `gossip_menu` (`entry`, `text_id`) VALUES (4156, 5190);
REPLACE INTO `gossip_menu_option` (`menu_id`, `id`, `option_icon`, `option_text`, `option_id`, `npc_option_npcflag`, `action_menu_id`, `action_poi_id`, `action_script_id`, `box_coded`, `box_money`, `box_text`, `cond_1`, `cond_1_val_1`, `cond_1_val_2`, `cond_2`, `cond_2_val_1`, `cond_2_val_2`, `cond_3`, `cond_3_val_1`, `cond_3_val_2`) VALUES
(4156, 0, 3, 'Train me.', 5, 16, 0, 0, 0, 0, 0, NULL, 0, 0, 0, 0, 0, 0, 0, 0, 0);
UPDATE `creature_template` SET `gossip_menu_id` = 3923 WHERE `entry` = 3602;
UPDATE `gossip_menu` SET `entry` = 3923 WHERE `entry` = 50223;
UPDATE `gossip_menu_option` SET `menu_id` = 3923 WHERE `menu_id` = 50223;
UPDATE locales_gossip_menu_option SET menu_id = 3923 WHERE menu_id =50223;
UPDATE `creature_template` SET `gossip_menu_id` = 2021 WHERE `entry` = 6286;
INSERT IGNORE INTO `gossip_menu` (`entry`, `text_id`) VALUES (2021, 2676);
REPLACE INTO `gossip_menu_option` (`menu_id`, `id`, `option_icon`, `option_text`, `option_id`, `npc_option_npcflag`, `action_menu_id`, `action_poi_id`, `action_script_id`, `box_coded`, `box_money`, `box_text`, `cond_1`, `cond_1_val_1`, `cond_1_val_2`, `cond_2`, `cond_2_val_1`, `cond_2_val_2`, `cond_3`, `cond_3_val_1`, `cond_3_val_2`) VALUES
(2021, 0, 3, 'Train me.', 5, 16, 0, 0, 0, 0, 0, NULL, 0, 0, 0, 0, 0, 0, 0, 0, 0);
UPDATE `creature_template` SET `gossip_menu_id` = 5855 WHERE `entry` = 6094;
REPLACE INTO `gossip_menu_option` (`menu_id`, `id`, `option_icon`, `option_text`, `option_id`, `npc_option_npcflag`, `action_menu_id`, `action_poi_id`, `action_script_id`, `box_coded`, `box_money`, `box_text`, `cond_1`, `cond_1_val_1`, `cond_1_val_2`, `cond_2`, `cond_2_val_1`, `cond_2_val_2`, `cond_3`, `cond_3_val_1`, `cond_3_val_2`) VALUES
(4692, 1, 3, 'Train me.', 5, 16, 0, 0, 0, 0, 0, NULL, 0, 0, 0, 0, 0, 0, 0, 0, 0),
(4692, 2, 0, 'Learn about Dual Talent Specialization.', 1, 1, 10371, 0, 0, 0, 0, NULL, 15, 40, 1, 17, 63680, 1, 14, 0, 16),
(4692, 3, 0, 'I wish to unlearn my talents.', 1, 1, 4461, 0, 0, 0, 0, NULL, 15, 10, 1, 14, 0, 16, 0, 0, 0);
UPDATE `creature_template` SET `gossip_menu_id` = 4692 WHERE `entry` = 3595;
INSERT IGNORE INTO `gossip_menu` (`entry`, `text_id`) VALUES (4692, 4437);
UPDATE `creature_template` SET `gossip_menu_id` = 4138 WHERE `entry` = 11037;
INSERT IGNORE INTO `gossip_menu` (`entry`, `text_id`) VALUES (4138, 5121);
REPLACE INTO `gossip_menu_option` (`menu_id`, `id`, `option_icon`, `option_text`, `option_id`, `npc_option_npcflag`, `action_menu_id`, `action_poi_id`, `action_script_id`, `box_coded`, `box_money`, `box_text`, `cond_1`, `cond_1_val_1`, `cond_1_val_2`, `cond_2`, `cond_2_val_1`, `cond_2_val_2`, `cond_3`, `cond_3_val_1`, `cond_3_val_2`) VALUES
(4138, 0, 3, 'Train me.', 5, 16, 0, 0, 0, 0, 0, NULL, 0, 0, 0, 0, 0, 0, 0, 0, 0);
UPDATE `creature_template` SET `gossip_menu_id` = 10268 WHERE `entry` = 3694;
INSERT IGNORE INTO `gossip_menu` (`entry`, `text_id`) VALUES (10268, 14259);
UPDATE `creature_template` SET `gossip_menu_id` = 10313 WHERE `entry` = 3845;
INSERT IGNORE INTO `gossip_menu` (`entry`, `text_id`) VALUES (10313, 14316);
UPDATE `creature_template` SET `gossip_menu_id` = 10312 WHERE `entry` = 3846;
INSERT IGNORE INTO `gossip_menu` (`entry`, `text_id`) VALUES (10312, 14315);
UPDATE `creature_template` SET `gossip_menu_id` = 7367 WHERE `entry` = 17106;
INSERT IGNORE INTO `gossip_menu` (`entry`, `text_id`) VALUES (7367, 8802);
UPDATE `creature_template` SET `gossip_menu_id` = 4211 WHERE `entry` = 3967;
INSERT IGNORE INTO `gossip_menu` (`entry`, `text_id`) VALUES (4211, 5360);
REPLACE INTO `gossip_menu_option` (`menu_id`, `id`, `option_icon`, `option_text`, `option_id`, `npc_option_npcflag`, `action_menu_id`, `action_poi_id`, `action_script_id`, `box_coded`, `box_money`, `box_text`, `cond_1`, `cond_1_val_1`, `cond_1_val_2`, `cond_2`, `cond_2_val_1`, `cond_2_val_2`, `cond_3`, `cond_3_val_1`, `cond_3_val_2`) VALUES
(4211, 0, 3, 'Train me.', 5, 16, 0, 0, 0, 0, 0, NULL, 0, 0, 0, 0, 0, 0, 0, 0, 0);
UPDATE `creature_template` SET `gossip_menu_id` = 2561 WHERE `entry` = 3885;
INSERT IGNORE INTO `gossip_menu` (`entry`, `text_id`) VALUES (2561, 3233);
UPDATE `creature_template` SET `gossip_menu_id` = 7410 WHERE `entry` = 17412;
INSERT IGNORE INTO `gossip_menu` (`entry`, `text_id`) VALUES (7410, 8939);
REPLACE INTO `gossip_menu_option` (`menu_id`, `id`, `option_icon`, `option_text`, `option_id`, `npc_option_npcflag`, `action_menu_id`, `action_poi_id`, `action_script_id`, `box_coded`, `box_money`, `box_text`, `cond_1`, `cond_1_val_1`, `cond_1_val_2`, `cond_2`, `cond_2_val_1`, `cond_2_val_2`, `cond_3`, `cond_3_val_1`, `cond_3_val_2`) VALUES
(7410, 0, 1, 'I want to browse your goods.', 3, 128, 0, 0, 0, 0, 0, '', 0, 0, 0, 0, 0, 0, 0, 0, 0);
UPDATE `creature_template` SET `gossip_menu_id` = 7382 WHERE `entry` = 17406;
INSERT IGNORE INTO `gossip_menu` (`entry`, `text_id`) VALUES (7382, 8838);
UPDATE `creature_template` SET `gossip_menu_id` = 7404 WHERE `entry` = 17291;
INSERT IGNORE INTO `gossip_menu` (`entry`, `text_id`) VALUES (7404, 8873);
UPDATE `creature_template` SET `gossip_menu_id` = 4694 WHERE `entry` = 5501;
REPLACE INTO `gossip_menu_option` (`menu_id`, `id`, `option_icon`, `option_text`, `option_id`, `npc_option_npcflag`, `action_menu_id`, `action_poi_id`, `action_script_id`, `box_coded`, `box_money`, `box_text`, `cond_1`, `cond_1_val_1`, `cond_1_val_2`, `cond_2`, `cond_2_val_1`, `cond_2_val_2`, `cond_3`, `cond_3_val_1`, `cond_3_val_2`) VALUES
(4694, 1, 3, 'Train me.', 5, 16, 0, 0, 0, 0, 0, NULL, 0, 0, 0, 0, 0, 0, 0, 0, 0),
(4694, 2, 0, 'Learn about Dual Talent Specialization.', 1, 1, 10371, 0, 0, 0, 0, NULL, 15, 40, 1, 17, 63680, 1, 14, 0, 4),
(4694, 3, 0, 'I wish to unlearn my talents.', 1, 1, 4461, 0, 0, 0, 0, NULL, 15, 10, 1, 14, 0, 4, 0, 0, 0);
REPLACE INTO `gossip_menu` (`entry`, `text_id`, `cond_1`, `cond_1_val_1`, `cond_1_val_2`, `cond_2`, `cond_2_val_1`, `cond_2_val_2`) VALUES
(4694, 4993, 14, 0, 1531, 0, 0, 0),
(4694, 6160, 0, 0, 0, 0, 0, 0);
UPDATE `creature_template` SET `gossip_menu_id` = 11284 WHERE `entry` = 3936;
INSERT IGNORE INTO `gossip_menu` (`entry`, `text_id`) VALUES (11284, 15719);
UPDATE `creature_template` SET `gossip_menu_id` = 4091 WHERE `entry` = 8141;
REPLACE INTO `gossip_menu_option` (`menu_id`, `id`, `option_icon`, `option_text`, `option_id`, `npc_option_npcflag`, `action_menu_id`, `action_poi_id`, `action_script_id`, `box_coded`, `box_money`, `box_text`, `cond_1`, `cond_1_val_1`, `cond_1_val_2`, `cond_2`, `cond_2_val_1`, `cond_2_val_2`, `cond_3`, `cond_3_val_1`, `cond_3_val_2`) VALUES
(4091, 1, 3, 'Train me.', 5, 16, 0, 0, 0, 0, 0, NULL, 0, 0, 0, 0, 0, 0, 0, 0, 0),
(4091, 2, 0, 'Learn about Dual Talent Specialization.', 1, 1, 10371, 0, 0, 0, 0, NULL, 15, 40, 1, 17, 63680, 1, 14, 0, 1),
(4091, 3, 0, 'I wish to unlearn my talents.', 1, 1, 4461, 0, 0, 0, 0, NULL, 15, 10, 1, 14, 0, 1, 0, 0, 0);
REPLACE INTO `gossip_menu` (`entry`, `text_id`, `cond_1`, `cond_1_val_1`, `cond_1_val_2`, `cond_2`, `cond_2_val_1`, `cond_2_val_2`) VALUES
(4091, 4991, 14, 0, 1534, 0, 0, 0);
UPDATE `creature_template` SET `gossip_menu_id` = 541 WHERE `entry` = 4895;
INSERT IGNORE INTO `gossip_menu` (`entry`, `text_id`) VALUES (541, 1058);
UPDATE `creature_template` SET `gossip_menu_id` = 4122 WHERE `entry` = 4900;
INSERT IGNORE INTO `gossip_menu` (`entry`, `text_id`) VALUES (4122, 5049);
REPLACE INTO `gossip_menu_option` (`menu_id`, `id`, `option_icon`, `option_text`, `option_id`, `npc_option_npcflag`, `action_menu_id`, `action_poi_id`, `action_script_id`, `box_coded`, `box_money`, `box_text`, `cond_1`, `cond_1_val_1`, `cond_1_val_2`, `cond_2`, `cond_2_val_1`, `cond_2_val_2`, `cond_3`, `cond_3_val_1`, `cond_3_val_2`) VALUES
(4122, 0, 3, 'Train me.', 5, 16, 0, 0, 0, 0, 0, NULL, 0, 0, 0, 0, 0, 0, 0, 0, 0);
INSERT IGNORE INTO `gossip_menu` (`entry`, `text_id`) VALUES (2465, 3157);
UPDATE `gossip_menu` SET `cond_1` = '8',`cond_1_val_1` = '1324' WHERE `entry` =2465 AND `text_id` =3158;
DELETE FROM `npc_gossip` WHERE `npc_guid` = 40906;
DELETE FROM `npc_gossip` WHERE `npc_guid` = 47232;
DELETE FROM `npc_gossip` WHERE `npc_guid` = 46804;
DELETE FROM `npc_gossip` WHERE `npc_guid` = 46817;
REPLACE INTO `gameobject` (`guid`, `id`, `map`, `spawnMask`, `phaseMask`, `position_x`, `position_y`, `position_z`, `orientation`, `rotation0`, `rotation1`, `rotation2`, `rotation3`, `spawntimesecs`, `animprogress`, `state`) VALUES
(40429, 113770, 530, 1, 1, -4244.42, -12434.5, 21.1074, 3.02448, 0, 0, 0.998286, 0.0585222, 180, 100, 1),
(40430, 113770, 530, 1, 1, -4377.84, -12425.1, 15.8563, 5.59273, 0, 0, 0.33841, -0.940999, 180, 100, 1),
(5642, 113770, 530, 1, 1, -4354.8, -12494.9, 15.5015, 1.78433, 0, 0, 0.778433, 0.627727, 180, 100, 1),
(5640, 113770, 530, 1, 1, -4255.42, -12554.6, 37.0672, 1.9312, 0, 0, 0.82239, 0.568924, 180, 100, 1),
(5638, 113771, 530, 1, 1, -4244.42, -12434.5, 21.1074, 3.02448, 0, 0, 0.998286, 0.0585222, 300, 100, 1),
(5639, 113771, 530, 1, 1, -4377.84, -12425.1, 15.8563, 5.59273, 0, 0, 0.33841, -0.940999, 300, 100, 1),
(40441, 113771, 530, 1, 1, -4354.8, -12494.9, 15.5015, 1.78433, 0, 0, 0.778433, 0.627727, 300, 100, 1),
(40440, 113771, 530, 1, 1, -4255.42, -12554.6, 37.0672, 1.9312, 0, 0, 0.82239, 0.568924, 300, 100, 1),
(5675, 113769, 530, 1, 1, -4244.42, -12434.5, 21.1074, 3.02448, 0, 0, 0.998286, 0.0585222, 120, 100, 1),
(5676, 113769, 530, 1, 1, -4377.84, -12425.1, 15.8563, 5.59273, 0, 0, 0.33841, -0.940999, 120, 100, 1),
(40406, 113769, 530, 1, 1, -4354.8, -12494.9, 15.5015, 1.78433, 0, 0, 0.778433, 0.627727, 120, 100, 1),
(40407, 113769, 530, 1, 1, -4255.42, -12554.6, 37.0672, 1.9312, 0, 0, 0.82239, 0.568924, 120, 100, 1);
UPDATE `pool_template` SET `description` = 'Master pool - Brightly Colored Egg - z3524' WHERE `entry` =14133;

# sart
UPDATE `creature_template_addon` SET `auras` = NULL WHERE `entry` IN (32638,32642);

# FIX
INSERT IGNORE INTO `creature_loot_template` (`entry`, `item`, `ChanceOrQuestChance`, `groupid`, `mincountOrRef`, `maxcount`) VALUES (11583, 16900, 0, 1, 1, 1);
INSERT IGNORE INTO `creature_loot_template` (`entry`, `item`, `ChanceOrQuestChance`, `groupid`, `mincountOrRef`, `maxcount`) VALUES (11583, 16921, 0, 1, 1, 1);
INSERT IGNORE INTO `creature_loot_template` (`entry`, `item`, `ChanceOrQuestChance`, `groupid`, `mincountOrRef`, `maxcount`) VALUES (11583, 16914, 0, 2, 1, 1);
INSERT IGNORE INTO `creature_loot_template` (`entry`, `item`, `ChanceOrQuestChance`, `groupid`, `mincountOrRef`, `maxcount`) VALUES (11583, 16955, 0, 2, 1, 1);
INSERT IGNORE INTO `creature_loot_template` (`entry`, `item`, `ChanceOrQuestChance`, `groupid`, `mincountOrRef`, `maxcount`) VALUES (11583, 16939, 0, 3, 1, 1);
INSERT IGNORE INTO `creature_loot_template` (`entry`, `item`, `ChanceOrQuestChance`, `groupid`, `mincountOrRef`, `maxcount`) VALUES (11583, 16908, 0, 3, 1, 1);
INSERT IGNORE INTO `creature_loot_template` (`entry`, `item`, `ChanceOrQuestChance`, `groupid`, `mincountOrRef`, `maxcount`) VALUES (11583, 16929, 0, 4, 1, 1);
INSERT IGNORE INTO `creature_loot_template` (`entry`, `item`, `ChanceOrQuestChance`, `groupid`, `mincountOrRef`, `maxcount`) VALUES (11583, 16947, 0, 4, 1, 1);

# NeatElves
REPLACE INTO `achievement_criteria_requirement` (`criteria_id`, `type`, `value1`, `value2`) VALUES ('9123', '14', '469', '0'), ('9122', '14', '67', '0'),('9121', '14', '469', '0'), ('9199', '14', '469', '0'),('9200', '14', '469', '0'), ('9201', '14', '469', '0'),('9202', '14', '67', '0'), ('9203', '14', '67', '0'),('9204', '14', '67', '0'), ('9205', '14', '67', '0');
REPLACE INTO `achievement_criteria_requirement` (`criteria_id`, `type`, `value1`, `value2`) VALUES ('9858', '5', '62181', '0');
REPLACE INTO `achievement_criteria_requirement` (`criteria_id` ,`type` ,`value1` ,`value2`) VALUES 
(3220, 16, 181, 0),(3221, 16, 181, 0),(3222, 16, 181, 0),(9118, 16, 181, 0),(9119, 16, 181, 0),(9120, 16, 181, 0),
(9121, 16, 181, 0),(9122, 16, 181, 0),(9123, 16, 181, 0),(9124, 16, 181, 0),(9138, 16, 181, 0),(9139, 16, 181, 0),
(9140, 16, 181, 0),(9141, 16, 181, 0),(9142, 16, 181, 0),(9143, 16, 181, 0),(9144, 16, 181, 0),(9145, 16, 181, 0),
(9146, 16, 181, 0),(9147, 16, 181, 0),(9148, 16, 181, 0),(9149, 16, 181, 0),(9150, 16, 181, 0),(9151, 16, 181, 0),
(9199, 16, 181, 0),(9200, 16, 181, 0),(9201, 16, 181, 0),(9202, 16, 181, 0),(9203, 16, 181, 0),(9204, 16, 181, 0),
(9205, 16, 181, 0),(9538, 16, 181, 0),(9858, 16, 181, 0);
REPLACE INTO `achievement_criteria_requirement` (`criteria_id`, `type`, `value1`, `value2`) VALUES ('9118', '6', '543', '0'),('9118', '5', '61716', '0');

# Fix_spawn
INSERT IGNORE INTO `creature` (`guid`,`id`,`map`,`spawnMask`,`phaseMask`,`modelid`,`equipment_id`,`position_x`,`position_y`,`position_z`,`orientation`,`spawntimesecs`,`spawndist`,`currentwaypoint`,`curhealth`,`curmana`,`DeathState`,`MovementType`) VALUES
(113936, 16030, 530, 1, 1, 0, 0, 7574.73, -6573.72, 13.5986, 3.7696, 300, 5, 0, 8, 0, 0, 1),
(113937, 16030, 530, 1, 1, 0, 0, 7554.18, -6585.58, 12.7223, 0.196805, 300, 5, 0, 8, 0, 0, 1),
(114092, 16030, 530, 1, 1, 0, 0, 7197.41, -6416.46, 59.1658, 3.0673, 300, 5, 0, 8, 0, 0, 1),
(114093, 16030, 530, 1, 1, 0, 0, 7225.98, -6412.22, 57.1505, 1.64461, 300, 5, 0, 8, 0, 0, 1),
(114094, 16030, 530, 1, 1, 0, 0, 7089.86, -6522.57, 9.50026, 5.44337, 300, 5, 0, 8, 0, 0, 1),
(114095, 16030, 530, 1, 1, 0, 0, 7063.02, -6532.81, 9.2493, 0.840156, 300, 5, 0, 8, 0, 0, 1),
(114096, 16030, 530, 1, 1, 0, 0, 7220.73, -6526.42, 11.1375, 4.56041, 300, 5, 0, 8, 0, 0, 1),
(114314, 16030, 530, 1, 1, 0, 0, 7257.15, -6510.11, 11.3325, 0.88212, 300, 5, 0, 8, 0, 0, 1),
(114315, 16030, 530, 1, 1, 0, 0, 7319.69, -6577.21, 9.65639, 0.523072, 300, 5, 0, 8, 0, 0, 1),
(114682, 16030, 530, 1, 1, 0, 0, 7294.67, -6564.05, 10.6514, 5.27231, 300, 5, 0, 8, 0, 0, 1),
(114723, 16030, 530, 1, 1, 0, 0, 7451.33, -6550.71, 10.8363, 2.49832, 300, 5, 0, 8, 0, 0, 1),
(114724, 16030, 530, 1, 1, 0, 0, 7453.79, -6579.75, 9.62054, 4.89678, 300, 5, 0, 8, 0, 0, 1),
(114725, 16030, 530, 1, 1, 0, 0, 7527.31, -6570.63, 12.2242, 0.541563, 300, 5, 0, 8, 0, 0, 1),
(114751, 16030, 530, 1, 1, 0, 0, 7605.24, -6612.6, 13.4115, 1.50046, 300, 5, 0, 8, 0, 0, 1),
(114752, 16030, 530, 1, 1, 0, 0, 7786.5, -6630.26, 24.71, 5.10601, 300, 5, 0, 8, 0, 0, 1),
(114753, 16030, 530, 1, 1, 0, 0, 7373.75, -6589.31, 11.1173, 0.712991, 300, 5, 0, 8, 0, 0, 1),
(115744, 16030, 530, 1, 1, 0, 0, 7365.09, -6555.02, 12.4298, 4.89903, 300, 5, 0, 8, 0, 0, 1),
(115745, 16030, 530, 1, 1, 0, 0, 7196.1, -6620.98, 63.6581, 2.91104, 300, 5, 0, 8, 0, 0, 1),
(115746, 16030, 530, 1, 1, 0, 0, 6990.56, -6577.36, 10.2402, 3.8777, 300, 5, 0, 8, 0, 0, 1),
(115747, 16030, 530, 1, 1, 0, 0, 6923.3, -6586.66, 9.60756, 2.39419, 300, 5, 0, 8, 0, 0, 1),
(115748, 16030, 530, 1, 1, 0, 0, 6983.94, -6517.59, 9.79063, 4.25257, 300, 5, 0, 8, 0, 0, 1),
(115749, 16030, 530, 1, 1, 0, 0, 6870.25, -6525.75, 18.774, 4.17458, 300, 5, 0, 8, 0, 0, 1),
(115750, 16030, 530, 1, 1, 0, 0, 6807.44, -6485.34, 16.802, 1.86898, 300, 5, 0, 8, 0, 0, 1),
(115751, 16030, 530, 1, 1, 0, 0, 6753.22, -6480.41, 21.7116, 1.67307, 300, 5, 0, 8, 0, 0, 1),
(115752, 16030, 530, 1, 1, 0, 0, 6782.84, -6511.75, 18.728, 0.419415, 300, 5, 0, 8, 0, 0, 1),
(115753, 16030, 571, 1, 1, 0, 0, 944.027, -4427.79, 134.863, 1.33103, 300, 0, 0, 8, 0, 0, 0),
(115754, 16030, 571, 1, 1, 0, 0, 916.537, -4465.55, 142.48, 3.60092, 300, 5, 0, 8, 0, 0, 1),
(115755, 16030, 571, 1, 1, 0, 0, 948.902, -4438.43, 139.989, 2.67044, 300, 5, 0, 8, 0, 0, 1),
(115756, 16030, 571, 1, 1, 0, 0, 950.838, -4439.69, 142.489, 3.08928, 300, 5, 0, 8, 0, 0, 1),
(115757, 16030, 571, 1, 1, 0, 0, 896.074, -4435.7, 138.862, 1.85876, 300, 5, 0, 8, 0, 0, 1),
(115758, 16030, 571, 1, 1, 0, 0, 897.575, -4437.25, 138.737, 1.77503, 300, 5, 0, 8, 0, 0, 1),
(115759, 16030, 571, 1, 1, 0, 0, 935.47, -4403.32, 137.324, 2.67983, 300, 5, 0, 8, 0, 0, 1),
(115760, 16030, 571, 1, 1, 0, 0, 895.265, -4440.25, 139.112, 1.88561, 300, 5, 0, 8, 0, 0, 1),
(115761, 16030, 571, 1, 1, 0, 0, 895.744, -4438.84, 138.958, 1.81056, 300, 5, 0, 8, 0, 0, 1),
(115762, 16030, 571, 1, 1, 0, 0, 929.921, -4406.86, 137.119, 4.0437, 300, 5, 0, 8, 0, 0, 1),
(115763, 16030, 571, 1, 1, 0, 0, 929.167, -4409.38, 136.119, 3.03222, 300, 5, 0, 8, 0, 0, 1),
(115764, 16030, 571, 1, 1, 0, 0, 921.232, -4402.45, 139.119, 2.30135, 300, 5, 0, 8, 0, 0, 1),
(115765, 16030, 533, 3, 1, 0, 0, 3318, -3335.55, 292.678, 1.18682, 3600, 0, 0, 8, 0, 0, 0),
(115766, 16030, 533, 3, 1, 0, 0, 3320.82, -3342.62, 292.678, 1.0472, 3600, 0, 0, 8, 0, 0, 0),
(115767, 16030, 533, 3, 1, 0, 0, 3315.06, -3348.81, 292.678, 3.05433, 3600, 0, 0, 8, 0, 0, 0),
(115768, 16030, 533, 3, 1, 0, 0, 3306.47, -3347.18, 292.678, 0.698132, 3600, 0, 0, 8, 0, 0, 0),
(115769, 16030, 533, 3, 1, 0, 0, 3313.49, -3340.97, 292.678, 0.401426, 3600, 0, 0, 8, 0, 0, 0),
(115770, 16030, 533, 3, 1, 0, 0, 3038.89, -3474.74, 298.216, 4.69145, 3600, 5, 0, 8, 0, 0, 1),
(115771, 16030, 533, 3, 1, 0, 0, 2991.84, -3463.04, 298.219, 2.34906, 3600, 5, 0, 8, 0, 0, 1),
(115772, 16030, 533, 3, 1, 0, 0, 3008.69, -3402.87, 298.218, 3.6405, 3600, 5, 0, 8, 0, 0, 1),
(115773, 16030, 533, 3, 1, 0, 0, 3046.72, -3429.97, 298.222, 4.51829, 3600, 5, 0, 8, 0, 0, 1),
(115774, 16030, 533, 3, 1, 0, 0, 3103.34, -3292.8, 294.599, 2.9147, 3600, 0, 0, 8, 0, 0, 0),
(115775, 16030, 533, 3, 1, 0, 0, 3126.26, -3365.8, 294.572, 0.191986, 3600, 0, 0, 8, 0, 0, 0),
(115911, 16030, 533, 3, 1, 0, 0, 3128.58, -3369.78, 294.568, 1.91986, 3600, 0, 0, 8, 0, 0, 0),
(116026, 16030, 533, 3, 1, 0, 0, 3129.73, -3364.55, 294.572, 5.65487, 3600, 0, 0, 8, 0, 0, 0),
(116027, 16030, 533, 3, 1, 0, 0, 3122.03, -3366.45, 294.581, 3.14159, 3600, 0, 0, 8, 0, 0, 0),
(116305, 16030, 533, 3, 1, 0, 0, 3124.71, -3362.47, 294.575, 0.820305, 3600, 0, 0, 8, 0, 0, 0),
(116306, 16030, 533, 3, 1, 0, 0, 3251.99, -3351.52, 292.678, 2.75762, 3600, 0, 0, 8, 0, 0, 0),
(116307, 16030, 533, 3, 1, 0, 0, 3246.14, -3356.44, 292.595, 3.5914, 3600, 5, 0, 8, 0, 0, 1),
(116725, 16030, 533, 3, 1, 0, 0, 3254.5, -3347.45, 292.678, 0.610865, 3600, 0, 0, 8, 0, 0, 0),
(116726, 16030, 533, 3, 1, 0, 0, 3254.41, -3356.07, 292.678, 0.994838, 3600, 0, 0, 8, 0, 0, 0),
(116727, 16030, 533, 3, 1, 0, 0, 3248.11, -3348.84, 292.678, 4.27606, 3600, 0, 0, 8, 0, 0, 0),
(116728, 16030, 533, 3, 1, 0, 0, 3076.54, -3314.61, 294.572, 2.44346, 3600, 0, 0, 8, 0, 0, 0),
(116729, 16030, 533, 3, 1, 0, 0, 3071.26, -3314, 294.571, 2.93215, 3600, 0, 0, 8, 0, 0, 0),
(116730, 16030, 533, 3, 1, 0, 0, 3078.04, -3310.57, 294.573, 4.20624, 3600, 0, 0, 8, 0, 0, 0),
(116731, 16030, 533, 3, 1, 0, 0, 3075.48, -3318.7, 294.58, 0.942478, 3600, 0, 0, 8, 0, 0, 0),
(116732, 16030, 533, 3, 1, 0, 0, 3080.41, -3315.86, 294.575, 0.174533, 3600, 0, 0, 8, 0, 0, 0),
(116733, 16030, 533, 3, 1, 0, 0, 3115.43, -3264.77, 294.531, 3.57792, 3600, 0, 0, 8, 0, 0, 0),
(116734, 16030, 533, 3, 1, 0, 0, 3060.06, -3239.59, 294.146, 5.84685, 3600, 0, 0, 8, 0, 0, 0),
(116735, 16030, 533, 3, 1, 0, 0, 3012.85, -3148.56, 294.159, 5.37561, 3600, 0, 0, 8, 0, 0, 0),
(116736, 16030, 533, 3, 1, 0, 0, 3269.68, -3270.23, 292.678, 0.383972, 3600, 0, 0, 8, 0, 0, 0),
(116737, 16030, 533, 3, 1, 0, 0, 3179.1, -3313.12, 294.618, 3.12414, 3600, 0, 0, 8, 0, 0, 0),
(116738, 16030, 533, 3, 1, 0, 0, 3125.16, -3066.66, 294.156, 1.20428, 3600, 0, 0, 8, 0, 0, 0),
(116739, 16030, 533, 3, 1, 0, 0, 3322.63, -3226.65, 294.146, 3.50811, 3600, 0, 0, 8, 0, 0, 0),
(116740, 16030, 533, 3, 1, 0, 0, 3175.82, -3326.75, 294.611, 3.54302, 3600, 0, 0, 8, 0, 0, 0),
(116741, 16030, 533, 3, 1, 0, 0, 3301.85, -3270.85, 292.678, 0.10472, 3600, 0, 0, 8, 0, 0, 0);
INSERT IGNORE INTO `creature` (`guid`,`id`,`map`,`spawnMask`,`phaseMask`,`modelid`,`equipment_id`,`position_x`,`position_y`,`position_z`,`orientation`,`spawntimesecs`,`spawndist`,`currentwaypoint`,`curhealth`,`curmana`,`DeathState`,`MovementType`) VALUES
(116742, 16068, 530, 1, 1, 0, 0, 7617.99, -6863.44, 90.0108, 3.95924, 300, 5, 0, 8, 0, 0, 1),
(117099, 16068, 530, 1, 1, 0, 0, 7945.18, -7403.27, 143.157, 1.11545, 300, 0, 0, 8, 0, 0, 0),
(117107, 16068, 530, 1, 1, 0, 0, 7810.04, -6433.93, 14.7581, 2.22328, 300, 5, 0, 8, 0, 0, 1),
(117108, 16068, 530, 1, 1, 0, 0, 7169.15, -6230.63, 20.3345, 3.38657, 300, 5, 0, 8, 0, 0, 1),
(117109, 16068, 530, 1, 1, 0, 0, 7246.6, -6233.71, 21.09, 3.41991, 300, 5, 0, 8, 0, 0, 1),
(117110, 16068, 533, 3, 1, 0, 0, 2847.36, -3688.1, 279.027, 4.76567, 3600, 5, 0, 8, 0, 0, 1),
(117209, 16068, 533, 3, 1, 0, 0, 2862.42, -3671.69, 276.904, 1.73453, 3600, 5, 0, 8, 0, 0, 1),
(117442, 16068, 533, 3, 1, 0, 0, 2755.28, -3590.7, 256.861, 6.0064, 3600, 5, 0, 8, 0, 0, 1),
(118161, 16068, 533, 3, 1, 0, 0, 2833.08, -3548.21, 254.238, 1.05746, 3600, 5, 0, 8, 0, 0, 1),
(118162, 16068, 533, 3, 1, 0, 0, 2765.66, -3581.11, 255.935, 3.78032, 3600, 5, 0, 8, 0, 0, 1),
(118163, 16068, 533, 3, 1, 0, 0, 2894.29, -3618.93, 273.603, 2.11469, 3600, 5, 0, 8, 0, 0, 1),
(118164, 16068, 533, 3, 1, 0, 0, 2775.15, -3559.07, 250.923, 5.44874, 3600, 5, 0, 8, 0, 0, 1),
(118165, 16068, 533, 3, 1, 0, 0, 2773.29, -3616.7, 254.731, 2.82547, 3600, 5, 0, 8, 0, 0, 1),
(118166, 16068, 533, 3, 1, 0, 0, 2889.84, -3678.42, 281.347, 4.25105, 3600, 5, 0, 8, 0, 0, 1),
(118167, 16068, 533, 3, 1, 0, 0, 2734.93, -3597.33, 258.319, 0.807797, 3600, 5, 0, 8, 0, 0, 1),
(118168, 16068, 533, 3, 1, 0, 0, 2801.9, -3589.27, 254.856, 2.63119, 3600, 5, 0, 8, 0, 0, 1),
(118207, 16068, 533, 3, 1, 0, 0, 2879.9, -3650.04, 274.982, 0.10067, 3600, 5, 0, 8, 0, 0, 1),
(118520, 16068, 533, 3, 1, 0, 0, 2881.9, -3620.86, 270.75, 0.244238, 3600, 5, 0, 8, 0, 0, 1),
(119076, 16068, 533, 3, 1, 0, 0, 2912.48, -3586.57, 274.36, 1.10071, 3600, 5, 0, 8, 0, 0, 1),
(119077, 16068, 533, 3, 1, 0, 0, 2899.39, -3700.27, 285.613, 0.090022, 3600, 5, 0, 8, 0, 0, 1),
(119078, 16068, 533, 3, 1, 0, 0, 2877.12, -3691.8, 282.437, 4.89036, 3600, 5, 0, 8, 0, 0, 1),
(119079, 16068, 533, 3, 1, 0, 0, 2673.3, -3624.03, 265.549, 2.16559, 3600, 5, 0, 8, 0, 0, 1),
(119080, 16068, 533, 3, 1, 0, 0, 2861.03, -3648.37, 272.216, 3.87341, 3600, 5, 0, 8, 0, 0, 1),
(119081, 16068, 533, 3, 1, 0, 0, 2860.04, -3706.87, 284.113, 4.24212, 3600, 5, 0, 8, 0, 0, 1),
(119082, 16068, 533, 3, 1, 0, 0, 2811.54, -3576.31, 253.609, 4.81057, 3600, 5, 0, 8, 0, 0, 1),
(119083, 16068, 533, 3, 1, 0, 0, 2865.75, -3658.31, 274.641, 0.458959, 3600, 5, 0, 8, 0, 0, 1),
(119084, 16068, 533, 3, 1, 0, 0, 2896.11, -3656.78, 277.51, 0.313374, 3600, 5, 0, 8, 0, 0, 1),
(119085, 16068, 533, 3, 1, 0, 0, 2905.33, -3682.31, 283.876, 0.59482, 3600, 5, 0, 8, 0, 0, 1),
(119086, 16068, 533, 3, 1, 0, 0, 2895.52, -3572.9, 272.322, 2.09725, 3600, 5, 0, 8, 0, 0, 1),
(119087, 16068, 533, 3, 1, 0, 0, 2855.79, -3618.3, 263.904, 0.579871, 3600, 5, 0, 8, 0, 0, 1),
(119088, 16068, 533, 3, 1, 0, 0, 2790.42, -3585.39, 253.704, 1.4536, 3600, 5, 0, 8, 0, 0, 1),
(119089, 16068, 533, 3, 1, 0, 0, 2897.74, -3646.21, 276.007, 1.83488, 3600, 5, 0, 8, 0, 0, 1),
(119090, 16068, 533, 3, 1, 0, 0, 2704, -3600.04, 260.803, 1.0333, 3600, 5, 0, 8, 0, 0, 1),
(119091, 16068, 533, 3, 1, 0, 0, 2689.36, -3594.03, 261.013, 5.88405, 3600, 5, 0, 8, 0, 0, 1),
(119312, 16068, 533, 3, 1, 0, 0, 2875.86, -3705.54, 284.832, 3.04009, 3600, 5, 0, 8, 0, 0, 1),
(119927, 16068, 533, 3, 1, 0, 0, 2869.41, -3589.09, 266.096, 1.27594, 3600, 5, 0, 8, 0, 0, 1),
(120731, 16068, 533, 3, 1, 0, 0, 2884.94, -3598.44, 269.901, 1.45662, 3600, 5, 0, 8, 0, 0, 1);

# NeatElves
DELETE FROM `achievement_criteria_requirement` WHERE `criteria_id` = 3220 AND `type` = 16;
DELETE FROM `achievement_criteria_requirement` WHERE `criteria_id` = 3221 AND `type` = 16;
DELETE FROM `achievement_criteria_requirement` WHERE `criteria_id` = 3222 AND `type` = 16;
DELETE FROM `achievement_criteria_requirement` WHERE `criteria_id` = 9538 AND `type` = 16;
UPDATE `creature_template` SET `npcflag` = '0',`ScriptName` = '' WHERE `entry` =29474;
UPDATE `creature_template` SET `npcflag` = '3' WHERE `entry` =20235;
UPDATE `creature_template` SET `gossip_menu_id` = '8096' WHERE `entry` =20235;
REPLACE INTO `gossip_menu_option` (`menu_id`, `id`, `option_icon`, `option_text`, `option_id`, `npc_option_npcflag`, `action_menu_id`, `action_poi_id`, `action_script_id`, `box_coded`, `box_money`, `box_text`, `cond_1`, `cond_1_val_1`, `cond_1_val_2`, `cond_2`, `cond_2_val_1`, `cond_2_val_2`, `cond_3`, `cond_3_val_1`, `cond_3_val_2`) VALUES
(8096, 0, 0, 'Send me to Honor Point!', 1, 1, 0, 0, 0, 0, 0, '', 0, 0, 0, 0, 0, 0, 0, 0, 0),
(8096, 1, 0, 'Send me to the Abyssal Shelf!', 1, 1, 0, 0, 0, 0, 0, '', 0, 0, 0, 0, 0, 0, 0, 0, 0),
(8096, 2, 0, 'Send me to the Abyssal Shelf!', 1, 1, 0, 0, 0, 0, 0, '', 0, 0, 0, 0, 0, 0, 0, 0, 0);
UPDATE `creature_template` SET `npcflag` = '1' WHERE `entry` =11800;
UPDATE `creature_template` SET `npcflag` = '1' WHERE `entry` =11798;
DELETE FROM `gossip_menu_option` WHERE `menu_id` = 4042;
DELETE FROM `gossip_menu_option` WHERE `menu_id` = 4041;
DELETE FROM `locales_gossip_menu_option` WHERE `menu_id` = 4041;
DELETE FROM `locales_gossip_menu_option` WHERE `menu_id` = 4042;
UPDATE `creature_template` SET `spell1` = '0',`ScriptName` = '' WHERE `entry` =28674;
UPDATE `creature_template` SET `gossip_menu_id` = 656 WHERE `entry` = 2131;
UPDATE `gossip_menu` SET `entry` = 656 WHERE `entry` = 50187;
UPDATE `gossip_menu_option` SET `menu_id` = 656 WHERE `menu_id` = 50187;
UPDATE locales_gossip_menu_option SET menu_id = 656 WHERE menu_id =50187;
# UPDATE `creature_loot_template` SET `ChanceOrQuestChance` = '0.5' WHERE `item` =43297;

# stap
UPDATE `achievement_criteria_requirement` SET `value1` = '186' WHERE `criteria_id` = '9199' AND `type` = 6;

# Fix
UPDATE `creature_model_info` SET `bounding_radius`=3,`combat_reach`=2.25,`gender`=2 WHERE `modelid`=25092; -- Refurbished Demolisher
UPDATE `creature_model_info` SET `bounding_radius`=0.248,`combat_reach`=4.8,`gender`=0 WHERE `modelid`=26772; -- Snorri
UPDATE `creature_model_info` SET `bounding_radius`=1.085,`combat_reach`=3.5,`gender`=2 WHERE `modelid`=27703; -- Geargrinder's Jumpbot
UPDATE `creature_model_info` SET `bounding_radius`=3,`combat_reach`=2.25,`gender`=2 WHERE `modelid`=25092; -- Refurbished Demolisher
UPDATE `creature_model_info` SET `bounding_radius`=1.9,`combat_reach`=0,`gender`=2 WHERE `modelid`=29489; -- Horde Gunship Cannon
UPDATE `creature_model_info` SET `bounding_radius`=0.5,`combat_reach`=1,`gender`=2 WHERE `modelid`=30844; -- Dream Portal
UPDATE `creature_model_info` SET `bounding_radius`=0.5,`combat_reach`=1,`gender`=2 WHERE `modelid`=30844; -- Dream Portal (Pre-effect)
UPDATE `creature_model_info` SET `bounding_radius`=0.208,`combat_reach`=1.5,`gender`=1 WHERE `modelid`=31953; -- Knight-Lieutenant T'Maire Sydes
UPDATE `creature_model_info` SET `bounding_radius`=0.3,`combat_reach`=1,`gender`=0 WHERE `modelid`=27814; -- Infinite Eradicator
UPDATE `creature_model_info` SET `bounding_radius`=3.5,`combat_reach`=3,`gender`=2 WHERE `modelid`=24934; -- Nozdormu
UPDATE `creature_model_info` SET `bounding_radius`=0.5,`combat_reach`=1,`gender`=2 WHERE `modelid`=11686; -- [DND]Northrend Children's Week Trigger
UPDATE `creature_model_info` SET `bounding_radius`=0.3,`combat_reach`=1,`gender`=0 WHERE `modelid`=27813; -- Infinite Timebreaker
UPDATE `creature_model_info` SET `bounding_radius`=0.5,`combat_reach`=1,`gender`=2 WHERE `modelid`=11686; -- Past You
UPDATE `creature_model_info` SET `bounding_radius`=0.3,`combat_reach`=2.5,`gender`=0 WHERE `modelid`=20512; -- Infinite Destroyer
UPDATE `creature_model_info` SET `bounding_radius`=0.375,`combat_reach`=1.25,`gender`=0 WHERE `modelid`=19062; -- Infinite Assailant
UPDATE `gameobject_template` SET `data7` = 194047 WHERE `entry` = 113772;
INSERT IGNORE INTO `npc_text` (`ID`, `text0_0`, `text0_1`, `lang0`, `prob0`, `em0_0`, `em0_1`, `em0_2`, `em0_3`, `em0_4`, `em0_5`, `text1_0`, `text1_1`, `lang1`, `prob1`, `em1_0`, `em1_1`, `em1_2`, `em1_3`, `em1_4`, `em1_5`, `text2_0`, `text2_1`, `lang2`, `prob2`, `em2_0`, `em2_1`, `em2_2`, `em2_3`, `em2_4`, `em2_5`, `text3_0`, `text3_1`, `lang3`, `prob3`, `em3_0`, `em3_1`, `em3_2`, `em3_3`, `em3_4`, `em3_5`, `text4_0`, `text4_1`, `lang4`, `prob4`, `em4_0`, `em4_1`, `em4_2`, `em4_3`, `em4_4`, `em4_5`, `text5_0`, `text5_1`, `lang5`, `prob5`, `em5_0`, `em5_1`, `em5_2`, `em5_3`, `em5_4`, `em5_5`, `text6_0`, `text6_1`, `lang6`, `prob6`, `em6_0`, `em6_1`, `em6_2`, `em6_3`, `em6_4`, `em6_5`, `text7_0`, `text7_1`, `lang7`, `prob7`, `em7_0`, `em7_1`, `em7_2`, `em7_3`, `em7_4`, `em7_5`) VALUES
(9984, 'Need TXT YTDB', '', 0, 100, 0, 0, 0, 0, 0, 0, '', '', 0, 0, 0, 0, 0, 0, 0, 0, '', '', 0, 0, 0, 0, 0, 0, 0, 0, '', '', 0, 0, 0, 0, 0, 0, 0, 0, '', '', 0, 0, 0, 0, 0, 0, 0, 0, '', '', 0, 0, 0, 0, 0, 0, 0, 0, '', '', 0, 0, 0, 0, 0, 0, 0, 0, '', '', 0, 0, 0, 0, 0, 0, 0, 0),
(16007, 'Need TXT YTDB', '', 0, 100, 0, 0, 0, 0, 0, 0, '', '', 0, 0, 0, 0, 0, 0, 0, 0, '', '', 0, 0, 0, 0, 0, 0, 0, 0, '', '', 0, 0, 0, 0, 0, 0, 0, 0, '', '', 0, 0, 0, 0, 0, 0, 0, 0, '', '', 0, 0, 0, 0, 0, 0, 0, 0, '', '', 0, 0, 0, 0, 0, 0, 0, 0, '', '', 0, 0, 0, 0, 0, 0, 0, 0),
(16393, 'Need TXT YTDB', '', 0, 100, 0, 0, 0, 0, 0, 0, '', '', 0, 0, 0, 0, 0, 0, 0, 0, '', '', 0, 0, 0, 0, 0, 0, 0, 0, '', '', 0, 0, 0, 0, 0, 0, 0, 0, '', '', 0, 0, 0, 0, 0, 0, 0, 0, '', '', 0, 0, 0, 0, 0, 0, 0, 0, '', '', 0, 0, 0, 0, 0, 0, 0, 0, '', '', 0, 0, 0, 0, 0, 0, 0, 0),
(16440, 'Need TXT YTDB', '', 0, 100, 0, 0, 0, 0, 0, 0, '', '', 0, 0, 0, 0, 0, 0, 0, 0, '', '', 0, 0, 0, 0, 0, 0, 0, 0, '', '', 0, 0, 0, 0, 0, 0, 0, 0, '', '', 0, 0, 0, 0, 0, 0, 0, 0, '', '', 0, 0, 0, 0, 0, 0, 0, 0, '', '', 0, 0, 0, 0, 0, 0, 0, 0, '', '', 0, 0, 0, 0, 0, 0, 0, 0),
(16418, 'Need TXT YTDB', '', 0, 100, 0, 0, 0, 0, 0, 0, '', '', 0, 0, 0, 0, 0, 0, 0, 0, '', '', 0, 0, 0, 0, 0, 0, 0, 0, '', '', 0, 0, 0, 0, 0, 0, 0, 0, '', '', 0, 0, 0, 0, 0, 0, 0, 0, '', '', 0, 0, 0, 0, 0, 0, 0, 0, '', '', 0, 0, 0, 0, 0, 0, 0, 0, '', '', 0, 0, 0, 0, 0, 0, 0, 0),
(16441, 'Need TXT YTDB', '', 0, 100, 0, 0, 0, 0, 0, 0, '', '', 0, 0, 0, 0, 0, 0, 0, 0, '', '', 0, 0, 0, 0, 0, 0, 0, 0, '', '', 0, 0, 0, 0, 0, 0, 0, 0, '', '', 0, 0, 0, 0, 0, 0, 0, 0, '', '', 0, 0, 0, 0, 0, 0, 0, 0, '', '', 0, 0, 0, 0, 0, 0, 0, 0, '', '', 0, 0, 0, 0, 0, 0, 0, 0),
(17804, 'Need TXT YTDB', '', 0, 100, 0, 0, 0, 0, 0, 0, '', '', 0, 0, 0, 0, 0, 0, 0, 0, '', '', 0, 0, 0, 0, 0, 0, 0, 0, '', '', 0, 0, 0, 0, 0, 0, 0, 0, '', '', 0, 0, 0, 0, 0, 0, 0, 0, '', '', 0, 0, 0, 0, 0, 0, 0, 0, '', '', 0, 0, 0, 0, 0, 0, 0, 0, '', '', 0, 0, 0, 0, 0, 0, 0, 0),
(16219, 'Need TXT YTDB', '', 0, 100, 0, 0, 0, 0, 0, 0, '', '', 0, 0, 0, 0, 0, 0, 0, 0, '', '', 0, 0, 0, 0, 0, 0, 0, 0, '', '', 0, 0, 0, 0, 0, 0, 0, 0, '', '', 0, 0, 0, 0, 0, 0, 0, 0, '', '', 0, 0, 0, 0, 0, 0, 0, 0, '', '', 0, 0, 0, 0, 0, 0, 0, 0, '', '', 0, 0, 0, 0, 0, 0, 0, 0),
(15719, 'Need TXT YTDB', '', 0, 100, 0, 0, 0, 0, 0, 0, '', '', 0, 0, 0, 0, 0, 0, 0, 0, '', '', 0, 0, 0, 0, 0, 0, 0, 0, '', '', 0, 0, 0, 0, 0, 0, 0, 0, '', '', 0, 0, 0, 0, 0, 0, 0, 0, '', '', 0, 0, 0, 0, 0, 0, 0, 0, '', '', 0, 0, 0, 0, 0, 0, 0, 0, '', '', 0, 0, 0, 0, 0, 0, 0, 0);


# Gossip_FIX
UPDATE `gossip_menu_option` SET `action_menu_id` = '-1' WHERE `action_menu_id` =0 AND `action_script_id` >0;

# NPC_FIX
UPDATE
`creature_template`, `creature_template` AS `copy`
SET
`copy`.`RegenHealth`=`creature_template`.`RegenHealth`,
`copy`.`unit_class`=`creature_template`.`unit_class`,
`copy`.`unit_flags`=`creature_template`.`unit_flags`,
`copy`.`npcflag`=`creature_template`.`npcflag`,
`copy`.`dynamicflags`=`creature_template`.`dynamicflags`,
`copy`.`equipment_id`=`creature_template`.`equipment_id`,
`copy`.`faction_A`=`creature_template`.`faction_A`,
`copy`.`faction_H`=`creature_template`.`faction_H`,
`copy`.`speed_run`=`creature_template`.`speed_run`,
`copy`.`speed_walk`=`creature_template`.`speed_walk`,
`copy`.`scale`=`creature_template`.`scale`,
`copy`.`dmgschool`=`creature_template`.`dmgschool`,
`copy`.`mingold`=`creature_template`.`mingold`,
`copy`.`maxgold`=`creature_template`.`maxgold`,
`copy`.`Vehicle_Id`=`creature_template`.`Vehicle_Id`,
`copy`.`mechanic_immune_mask`=`creature_template`.`mechanic_immune_mask`
WHERE
`copy`.`entry`=`creature_template`.`difficulty_entry_1`;
UPDATE
`creature_template`, `creature_template` AS `copy`
SET
`copy`.`RegenHealth`=`creature_template`.`RegenHealth`,
`copy`.`unit_class`=`creature_template`.`unit_class`,
`copy`.`unit_flags`=`creature_template`.`unit_flags`,
`copy`.`npcflag`=`creature_template`.`npcflag`,
`copy`.`dynamicflags`=`creature_template`.`dynamicflags`,
`copy`.`equipment_id`=`creature_template`.`equipment_id`,
`copy`.`faction_A`=`creature_template`.`faction_A`,
`copy`.`faction_H`=`creature_template`.`faction_H`,
`copy`.`speed_run`=`creature_template`.`speed_run`,
`copy`.`speed_walk`=`creature_template`.`speed_walk`,
`copy`.`scale`=`creature_template`.`scale`,
`copy`.`dmgschool`=`creature_template`.`dmgschool`,
`copy`.`mingold`=`creature_template`.`mingold`,
`copy`.`maxgold`=`creature_template`.`maxgold`,
`copy`.`Vehicle_Id`=`creature_template`.`Vehicle_Id`,
`copy`.`mechanic_immune_mask`=`creature_template`.`mechanic_immune_mask`
WHERE
`copy`.`entry`=`creature_template`.`difficulty_entry_2`;
UPDATE
`creature_template`, `creature_template` AS `copy`
SET
`copy`.`RegenHealth`=`creature_template`.`RegenHealth`,
`copy`.`unit_class`=`creature_template`.`unit_class`,
`copy`.`unit_flags`=`creature_template`.`unit_flags`,
`copy`.`npcflag`=`creature_template`.`npcflag`,
`copy`.`dynamicflags`=`creature_template`.`dynamicflags`,
`copy`.`equipment_id`=`creature_template`.`equipment_id`,
`copy`.`faction_A`=`creature_template`.`faction_A`,
`copy`.`faction_H`=`creature_template`.`faction_H`,
`copy`.`speed_run`=`creature_template`.`speed_run`,
`copy`.`speed_walk`=`creature_template`.`speed_walk`,
`copy`.`scale`=`creature_template`.`scale`,
`copy`.`dmgschool`=`creature_template`.`dmgschool`,
`copy`.`mingold`=`creature_template`.`mingold`,
`copy`.`maxgold`=`creature_template`.`maxgold`,
`copy`.`Vehicle_Id`=`creature_template`.`Vehicle_Id`,
`copy`.`mechanic_immune_mask`=`creature_template`.`mechanic_immune_mask`
WHERE
`copy`.`entry`=`creature_template`.`difficulty_entry_3`;

# Final_FIX
UPDATE quest_template SET SpecialFlags=SpecialFlags|1 WHERE QuestFlags=QuestFlags|4096;
UPDATE quest_template SET SpecialFlags=SpecialFlags|1 WHERE QuestFlags=QuestFlags|32768;
DELETE FROM `creature_addon` WHERE `guid` NOT IN (SELECT `guid` FROM `creature`);
DELETE FROM `creature_movement` WHERE `id` NOT IN (SELECT `guid` FROM `creature`);
DELETE FROM `npc_gossip` WHERE `npc_guid` NOT IN (SELECT `guid` FROM `creature`);
DELETE FROM `game_event_gameobject` WHERE `guid` NOT IN (SELECT `guid` FROM `gameobject`);
DELETE FROM `game_event_creature` WHERE `guid` NOT IN (SELECT `guid` FROM `creature`);
UPDATE creature_template SET unit_flags=unit_flags&~2048 WHERE unit_flags&2048=2048;
UPDATE creature_template SET unit_flags=unit_flags&~524288 WHERE unit_flags&524288=524288;
UPDATE creature_template SET unit_flags=unit_flags&~67108864 WHERE unit_flags&67108864=67108864;
UPDATE creature_template SET unit_flags=unit_flags&~8388608 WHERE unit_flags&8388608=8388608;
UPDATE `creature`, `creature_template` SET `creature`.`curhealth`=`creature_template`.`minhealth`,`creature`.`curmana`=`creature_template`.`minmana` WHERE `creature`.`id`=`creature_template`.`entry` and `creature_template`.`RegenHealth` = '1';
UPDATE `creature` SET `MovementType` = 0 WHERE `spawndist` = 0 AND `MovementType`=1;
UPDATE `creature` SET `spawndist`=0 WHERE `MovementType`=0;
UPDATE `creature` SET `spawntimesecs` = 300 WHERE `spawntimesecs` = 25;
UPDATE `gameobject` SET `spawntimesecs` = 300 WHERE `spawntimesecs` = 25;
UPDATE `creature_template` SET `scale` = 1 WHERE `scale` = 0;
UPDATE `creature` SET `spawndist` = 0, `MovementType` = 2 WHERE guid in (select distinct(id) from creature_movement);
UPDATE `creature` SET `spawndist` = 5, `MovementType` = 1 WHERE MovementType=2 and guid not in (select distinct(id) from creature_movement);
update gameobject_template, gameobject set gameobject.animprogress = 100 where gameobject_template.entry = gameobject.id and gameobject_template.type = 0;
update gameobject_template, gameobject set gameobject.animprogress = 100 where gameobject_template.entry = gameobject.id and gameobject_template.type = 3;
update gameobject_template, gameobject set gameobject.animprogress = 100 where gameobject_template.entry = gameobject.id and gameobject_template.type = 10;
update gameobject_template, gameobject set gameobject.animprogress = 100 where gameobject_template.entry = gameobject.id and gameobject_template.type = 25;
UPDATE `gameobject` SET `state`=1 WHERE `state`=0 AND `id` IN (SELECT entry FROM `gameobject_template` WHERE `type`=3);
UPDATE `creature_template` SET `npcflag`=`npcflag`|2 WHERE `entry` IN (SELECT `id` FROM `creature_questrelation`);
UPDATE `creature_template` SET `npcflag`=`npcflag`|2 WHERE `entry` IN (SELECT `id` FROM `creature_involvedrelation`);
UPDATE `gameobject` SET `state` = 0 WHERE `id` IN (SELECT `entry` FROM `gameobject_template` WHERE `type` = 0 AND `data0` = 1);
UPDATE `gameobject_template` SET `flags`=`flags`&~4 WHERE `type` IN (2,19,17);
DELETE FROM `gameobject_scripts` WHERE `id` NOT IN (SELECT `guid` FROM `gameobject`);
DELETE FROM `gameobject_scripts` WHERE `command` in (11, 12) and `datalong` NOT IN (SELECT `guid` FROM `gameobject`);
DELETE FROM `creature_onkill_reputation` WHERE `creature_id` NOT IN (SELECT `entry` FROM `creature_template`);
UPDATE creature_addon SET moveflags=moveflags &~ 0x00000100;
# UPDATE creature_addon SET moveflags=moveflags &~ 0x00000800;
UPDATE creature_addon SET moveflags=moveflags &~ 0x00200000;
UPDATE creature_addon SET moveflags=moveflags &~ 0x08000000;
UPDATE creature_template_addon SET moveflags=moveflags &~ 0x00000100;
# UPDATE creature_template_addon SET moveflags=moveflags &~ 0x00000800;
UPDATE creature_template_addon SET moveflags=moveflags &~ 0x00200000;
UPDATE creature_template_addon SET moveflags=moveflags &~ 0x08000000;
UPDATE `item_template` SET `spelltrigger_2` = 0 WHERE `spellid_2` = 0 AND `spelltrigger_2` = 6;
UPDATE `creature_template` SET `ScriptName` = '' WHERE `AIName` = 'EventAI' AND `ScriptName` = 'generic_creature';
UPDATE `creature_template` SET npcflag = npcflag|1 WHERE `gossip_menu_id` > 0;
UPDATE quest_template SET SpecialFlags=SpecialFlags|1 WHERE SpecialFlags=4;

UPDATE db_version SET `cache_id`= '595';
UPDATE db_version SET `version`= 'YTDB_0.14.2_R595_MaNGOS_R11402_SD2_R2050_ACID_R308_RuDB_R38.8';
